0.000000, BDCR ok: 00008200
0.000000, rcc: Clocks { hclk1: MaybeHertz(48000000), hse: MaybeHertz(48000000), hsi: MaybeHertz(16000000), lse: MaybeHertz(0), lsi: MaybeHertz(0), pclk1: MaybeHertz(48000000), pclk1_tim: MaybeHertz(48000000), pll1_p: MaybeHertz(0), pll1_q: MaybeHertz(0), rtc: MaybeHertz(32000), sys: MaybeHertz(48000000) }
0.000000, Adc oversample test
0.100128, 2047, 
0.110229, 2558, 
0.120330, 2558, 
0.130432, 4080, 
0.140533, 4080, 
0.150634, 4080, 
0.160736, 4080, 
0.170837, 4080, 
0.180938, 4080, 
0.191040, 4080, 
0.201141, 4080, 
0.211242, 4080, 
0.221343, 4080, 
0.231445, 4080, 
0.241546, 4080, 
0.251647, 4080, 
0.261749, 4080, 
0.271850, 4080, 
0.281951, 4080, 
0.292053, 4080, 
0.302154, 4080, 
0.312255, 4080, 
0.322357, 4080, 
0.332458, 4080, 
0.342559, 4080, 
0.352661, 4080, 
0.362762, 4080, 
0.372863, 4080, 
0.382965, 4080, 
0.393066, 4080, 
0.403167, 4080, 
0.413269, 4080, 
0.423370, 4080, 
0.433471, 4080, 
0.443572, 4080, 
0.453674, 4080, 
0.463775, 4080, 
0.473876, 4080, 
0.483978, 4080, 
0.494079, 4080, 
0.504180, 4080, 
0.514282, 4080, 
0.524383, 4080, 
0.534484, 4080, 
0.544586, 4080, 
0.554687, 4080, 
0.564788, 4080, 
0.574890, 4080, 
0.584991, 4080, 
0.595092, 4080, 
0.605194, 4080, 
0.615295, 4080, 
0.625396, 4080, 
0.635498, 4080, 
0.645599, 4080, 
0.655700, 4080, 
0.665802, 4080, 
0.675903, 4080, 
0.686004, 4080, 
0.696105, 4080, 
0.706207, 4080, 
0.716308, 4080, 
0.726409, 4080, 
0.736511, 4080, 
0.746612, 4080, 
0.756713, 4080, 
0.766815, 4080, 
0.776916, 4080, 
0.787017, 4080, 
0.797119, 4080, 
0.807220, 4080, 
0.817321, 4080, 
0.827423, 4080, 
0.837524, 4080, 
0.847625, 3952, 
0.857727, 4080, 
0.867828, 4080, 
0.877929, 4080, 
0.888031, 4080, 
0.898132, 4080, 
0.908233, 4080, 
0.918334, 4080, 
0.928436, 4080, 
0.938537, 4080, 
0.948638, 4080, 
0.958740, 4080, 
0.968841, 4080, 
0.978942, 4080, 
0.989044, 4080, 
0.999145, 4080, 
1.009246, 4080, 
1.019348, 4080, 
1.029449, 4080, 
1.039550, 4080, 
1.049652, 4080, 
1.059753, 3952, 
1.069854, 4080, 
1.079956, 4080, 
1.090057, 4080, 
1.100158, 4080, 
1.110260, 4080, 
1.120361, 4080, 
1.130462, 3696, 
1.140563, 4080, 
1.150665, 4080, 
1.160766, 4080, 
1.170867, 4080, 
1.180969, 4080, 
1.191070, 4080, 
1.201171, 4080, 
1.211273, 4080, 
1.221374, 4080, 
1.231475, 4080, 
1.241577, 4080, 
1.251678, 4080, 
1.261779, 4080, 
1.271881, 4080, 
1.281982, 4080, 
1.292083, 3952, 
1.302185, 4080, 
1.312286, 4080, 
1.322387, 4080, 
1.332489, 4080, 
1.342590, 4080, 
1.352691, 4080, 
1.362792, 4080, 
1.372894, 4080, 
1.382995, 4080, 
1.393096, 4080, 
1.403198, 4080, 
1.413299, 4080, 
1.423400, 3952, 
1.433502, 4080, 
1.443603, 4080, 
1.453704, 4080, 
1.463806, 4080, 
1.473907, 4080, 
1.484008, 4080, 
1.494110, 4080, 
1.504211, 4080, 
1.514312, 4080, 
1.524414, 4080, 
1.534515, 4080, 
1.544616, 4080, 
1.554718, 4080, 
1.564819, 4080, 
1.574920, 4080, 
1.585021, 4080, 
1.595123, 4080, 
1.605224, 4080, 
1.615325, 4080, 
1.625427, 4080, 
1.635528, 4080, 
1.645629, 4080, 
1.655731, 4080, 
1.665832, 4080, 
1.675933, 4080, 
1.686035, 4080, 
1.696136, 4080, 
1.706237, 4080, 
1.716339, 4080, 
1.726440, 4080, 
1.736541, 4080, 
1.746643, 4080, 
1.756744, 4080, 
1.766845, 4080, 
1.776947, 4080, 
1.787048, 4080, 
1.797149, 4080, 
1.807250, 4080, 
1.817352, 4080, 
1.827453, 4080, 
1.837554, 4080, 
1.847656, 4080, 
1.857757, 4080, 
1.867858, 4080, 
1.877960, 4080, 
1.888061, 4080, 
1.898162, 4080, 
1.908264, 4080, 
1.918365, 4080, 
1.928466, 4080, 
1.938568, 4080, 
1.948669, 4080, 
1.958770, 4080, 
1.968872, 4080, 
1.978973, 4080, 
1.989074, 4080, 
1.999176, 4080, 
2.009277, 4080, 
2.019378, 4080, 
2.029479, 4080, 
2.039581, 4080, 
2.049682, 4080, 
2.059783, 4080, 
2.069885, 4080, 
2.079986, 4080, 
2.090087, 4080, 
2.100189, 4080, 
2.110290, 4080, 
2.120391, 4080, 
2.130493, 4080, 
2.140594, 4080, 
2.150695, 4080, 
2.160797, 4080, 
2.170898, 4080, 
2.180999, 4080, 
2.191101, 4080, 
2.201202, 4080, 
2.211303, 4080, 
2.221405, 4080, 
2.231506, 4080, 
2.241607, 4080, 
2.251708, 4080, 
2.261810, 4080, 
2.271911, 4080, 
2.282012, 4080, 
2.292114, 4080, 
2.302215, 4080, 
2.312316, 4080, 
2.322418, 4080, 
2.332519, 4080, 
2.342620, 4080, 
2.352722, 4080, 
2.362823, 4080, 
2.372924, 4080, 
2.383026, 4080, 
2.393127, 4080, 
2.403228, 4080, 
2.413330, 4080, 
2.423431, 4080, 
2.433532, 3952, 
2.443634, 4080, 
2.453735, 4080, 
2.463836, 4080, 
2.473937, 4080, 
2.484039, 4080, 
2.494140, 4080, 
2.504241, 4080, 
2.514343, 4080, 
2.524444, 4080, 
2.534545, 4080, 
2.544647, 4080, 
2.554748, 4080, 
2.564849, 4080, 
2.574951, 4080, 
2.585052, 4080, 
2.595153, 4080, 
2.605255, 4080, 
2.615356, 4080, 
2.625457, 4080, 
2.635559, 4080, 
2.645660, 4080, 
2.655761, 4080, 
2.665863, 4080, 
2.675964, 4080, 
2.686065, 4080, 
2.696166, 4080, 
2.706268, 4080, 
2.716369, 4080, 
2.726470, 4080, 
2.736572, 4080, 
2.746673, 4080, 
2.756774, 4080, 
2.766876, 4080, 
2.776977, 4080, 
2.787078, 4080, 
2.797180, 4080, 
2.807281, 4080, 
2.817382, 4080, 
2.827484, 4080, 
2.837585, 4080, 
2.847686, 4080, 
2.857788, 4080, 
2.867889, 4080, 
2.877990, 4080, 
2.888092, 4080, 
2.898193, 4080, 
2.908294, 4080, 
2.918395, 4080, 
2.928497, 4080, 
2.938598, 4080, 
2.948699, 4080, 
2.958801, 4080, 
2.968902, 4080, 
2.979003, 4080, 
2.989105, 4080, 
2.999206, 4080, 
3.009307, 4080, 
3.019409, 4080, 
3.029510, 4080, 
3.039611, 4080, 
3.049713, 4080, 
3.059814, 4080, 
3.069915, 4080, 
3.080017, 4080, 
3.090118, 4080, 
3.100219, 4080, 
3.110321, 4080, 
3.120422, 4080, 
3.130523, 4080, 
3.140625, 4080, 
3.150726, 4080, 
3.160827, 4080, 
3.170928, 4080, 
3.181030, 4080, 
3.191131, 4080, 
3.201232, 4080, 
3.211334, 4080, 
3.221435, 4080, 
3.231536, 4080, 
3.241638, 4080, 
3.251739, 4080, 
3.261840, 4080, 
3.271942, 4080, 
3.282043, 4080, 
3.292144, 4080, 
3.302246, 4080, 
3.312347, 4080, 
3.322448, 4080, 
3.332550, 4080, 
3.342651, 4080, 
3.352752, 4080, 
3.362854, 4080, 
3.372955, 4080, 
3.383056, 4080, 
3.393157, 4080, 
3.403259, 4080, 
3.413360, 4080, 
3.423461, 4080, 
3.433563, 4080, 
3.443664, 4080, 
3.453765, 4080, 
3.463867, 4080, 
3.473968, 4080, 
3.484069, 4080, 
3.494171, 4080, 
3.504272, 4080, 
3.514373, 4080, 
3.524475, 4080, 
3.534576, 4080, 
3.544677, 4080, 
3.554779, 4080, 
3.564880, 4080, 
3.574981, 4080, 
3.585083, 3952, 
3.595184, 4080, 
3.605285, 4080, 
3.615386, 4080, 
3.625488, 4080, 
3.635589, 4080, 
3.645690, 4080, 
3.655792, 4080, 
3.665893, 4080, 
3.675994, 4080, 
3.686096, 4080, 
3.696197, 4080, 
3.706298, 4080, 
3.716400, 4080, 
3.726501, 4080, 
3.736602, 4080, 
3.746704, 4080, 
3.756805, 4080, 
3.766906, 4080, 
3.777008, 4080, 
3.787109, 4080, 
3.797210, 4080, 
3.807312, 4080, 
3.817413, 4080, 
3.827514, 4080, 
3.837615, 4080, 
3.847717, 4080, 
3.857818, 4080, 
3.867919, 4080, 
3.878021, 4080, 
3.888122, 4080, 
3.898223, 3952, 
3.908325, 4080, 
3.918426, 4080, 
3.928527, 4080, 
3.938629, 4080, 
3.948730, 4080, 
3.958831, 4080, 
3.968933, 4080, 
3.979034, 4080, 
3.989135, 3952, 
3.999237, 4080, 
4.009338, 4080, 
4.019439, 4080, 
4.029541, 4080, 
4.039642, 3952, 
4.049743, 4080, 
4.059844, 4080, 
4.069946, 4080, 
4.080047, 4080, 
4.090148, 4080, 
4.100250, 4080, 
4.110351, 4080, 
4.120452, 4080, 
4.130554, 4080, 
4.140655, 4080, 
4.150756, 3824, 
4.160858, 3952, 
4.170959, 4080, 
4.181060, 4080, 
4.191162, 4080, 
4.201263, 4080, 
4.211364, 4080, 
4.221466, 4080, 
4.231567, 4080, 
4.241668, 4080, 
4.251770, 4080, 
4.261871, 4080, 
4.271972, 4080, 
4.282073, 4080, 
4.292175, 4080, 
4.302276, 4080, 
4.312377, 3952, 
4.322479, 4080, 
4.332580, 3952, 
4.342681, 4080, 
4.352783, 4080, 
4.362884, 4080, 
4.372985, 4080, 
4.383087, 4080, 
4.393188, 4080, 
4.403289, 4080, 
4.413391, 4080, 
4.423492, 4080, 
4.433593, 4080, 
4.443695, 4080, 
4.453796, 4080, 
4.463897, 4080, 
4.473999, 4080, 
4.484100, 4080, 
4.494201, 4080, 
4.514404, 4080, 
4.524505, 4080, 
4.534606, 4080, 
4.544708, 4080, 
4.554809, 4080, 
4.564910, 4080, 
4.575012, 4080, 
4.585113, 4080, 
4.595214, 4080, 
4.605316, 3952, 
4.615417, 3952, 
4.625518, 4080, 
4.635620, 4080, 
4.645721, 4080, 
4.655822, 4080, 
4.665924, 4080, 
4.676025, 4080, 
4.686126, 4080, 
4.696228, 4080, 
4.706329, 4080, 
4.716430, 3952, 
4.726531, 4080, 
4.736633, 4080, 
4.746734, 4080, 
4.756835, 4080, 
4.766937, 4080, 
4.777038, 4080, 
4.787139, 4080, 
4.797241, 4080, 
4.807342, 4080, 
4.817443, 4080, 
4.827545, 4080, 
4.837646, 4080, 
4.847747, 4080, 
4.857849, 4080, 
4.867950, 4080, 
4.878051, 4080, 
4.888153, 4080, 
4.898254, 4080, 
4.908355, 4080, 
4.918457, 4080, 
4.928558, 4080, 
4.938659, 4080, 
4.948760, 4080, 
4.958862, 4080, 
4.968963, 4080, 
4.979064, 4080, 
4.989166, 4080, 
4.999267, 4080, 
5.009368, 4080, 
5.019470, 4080, 
5.029571, 4080, 
5.039672, 4080, 
5.049774, 4080, 
5.059875, 4080, 
5.069976, 4080, 
5.080078, 4080, 
5.090179, 4080, 
5.100280, 4080, 
5.110382, 4080, 
5.120483, 4080, 
5.130584, 4080, 
5.140686, 4080, 
5.150787, 4080, 
5.160888, 4080, 
5.170989, 4080, 
5.181091, 4080, 
5.191192, 4080, 
5.201293, 4080, 
5.211395, 4080, 
5.221496, 4080, 
5.231597, 4080, 
5.241699, 3952, 
5.251800, 3952, 
5.261901, 4080, 
5.272003, 4080, 
5.282104, 4080, 
5.292205, 4080, 
5.302307, 4080, 
5.312408, 4080, 
5.322509, 4080, 
5.332611, 4080, 
5.342712, 4080, 
5.352813, 4080, 
5.362915, 4080, 
5.373016, 4080, 
5.383117, 4080, 
5.393218, 4080, 
5.403320, 4080, 
5.413421, 4080, 
5.423522, 4080, 
5.433624, 4080, 
5.443725, 4080, 
5.453826, 4080, 
5.463928, 4080, 
5.474029, 4080, 
5.484130, 4080, 
5.494232, 4080, 
5.504333, 4080, 
5.514434, 4080, 
5.524536, 4080, 
5.534637, 4080, 
5.544738, 4080, 
5.554840, 4080, 
5.564941, 4080, 
5.575042, 4080, 
5.585144, 4080, 
5.595245, 4080, 
5.605346, 4080, 
5.615447, 4080, 
5.625549, 4080, 
5.635650, 4080, 
5.645751, 4080, 
5.655853, 4080, 
5.665954, 4080, 
5.676055, 4080, 
5.686157, 4080, 
5.696258, 4080, 
5.706359, 4080, 
5.716461, 4080, 
5.726562, 4080, 
5.736663, 4080, 
5.746765, 4080, 
5.756866, 4080, 
5.766967, 4080, 
5.777069, 4080, 
5.787170, 4080, 
5.797271, 4080, 
5.807373, 4080, 
5.817474, 4080, 
5.827575, 4080, 
5.837677, 4080, 
5.847778, 4080, 
5.857879, 4080, 
5.867980, 4080, 
5.878082, 4080, 
5.888183, 4080, 
5.898284, 4080, 
5.908386, 4080, 
5.918487, 4080, 
5.928588, 4080, 
5.938690, 4080, 
5.948791, 4080, 
5.958892, 4080, 
5.968994, 4080, 
5.979095, 4080, 
5.989196, 4080, 
5.999298, 4080, 
6.009399, 4080, 
6.019500, 4080, 
6.029602, 4080, 
6.039703, 4080, 
6.049804, 4080, 
6.059906, 4080, 
6.070007, 4080, 
6.080108, 4080, 
6.090209, 4080, 
6.100311, 4080, 
6.110412, 4080, 
6.120513, 4080, 
6.130615, 4080, 
6.140716, 4080, 
6.150817, 4080, 
6.160919, 4080, 
6.171020, 4080, 
6.181121, 4080, 
6.191223, 4080, 
6.201324, 4080, 
6.211425, 4080, 
6.221527, 4080, 
6.231628, 4080, 
6.241729, 4080, 
6.251831, 4080, 
6.261932, 4080, 
6.272033, 4080, 
6.282135, 4080, 
6.292236, 4080, 
6.302337, 4080, 
6.312438, 4080, 
6.322540, 4080, 
6.332641, 3952, 
6.342742, 4080, 
6.352844, 4080, 
6.362945, 4080, 
6.373046, 4080, 
6.383148, 4080, 
6.393249, 4080, 
6.403350, 3952, 
6.413452, 4080, 
6.423553, 4080, 
6.433654, 4080, 
6.443756, 3952, 
6.453857, 4080, 
6.463958, 4080, 
6.474060, 4080, 
6.484161, 4080, 
6.494262, 4080, 
6.504364, 4080, 
6.514465, 4080, 
6.524566, 4080, 
6.534667, 4080, 
6.544769, 4080, 
6.554870, 3952, 
6.564971, 4080, 
6.575073, 4080, 
6.585174, 4080, 
6.595275, 4080, 
6.605377, 4080, 
6.615478, 4080, 
6.625579, 4080, 
6.635681, 4080, 
6.645782, 4080, 
6.655883, 4080, 
6.665985, 4080, 
6.676086, 4080, 
6.686187, 4080, 
6.696289, 4080, 
6.706390, 4080, 
6.716491, 3952, 
6.726593, 4080, 
6.736694, 4080, 
6.746795, 4080, 
6.756896, 4080, 
6.766998, 4080, 
6.777099, 4080, 
6.787200, 4080, 
6.797302, 4080, 
6.807403, 4080, 
6.817504, 4080, 
6.827606, 4080, 
6.837707, 4080, 
6.847808, 4080, 
6.857910, 4080, 
6.868011, 4080, 
6.878112, 4080, 
6.888214, 4080, 
6.898315, 3952, 
6.908416, 4080, 
6.918518, 4080, 
6.928619, 4080, 
6.938720, 4080, 
6.948822, 4080, 
6.958923, 4080, 
6.969024, 4080, 
6.979125, 4080, 
6.989227, 4080, 
6.999328, 4080, 
7.009429, 4080, 
7.019531, 4080, 
7.029632, 4080, 
7.039733, 4080, 
7.049835, 4080, 
7.059936, 4080, 
7.070037, 4080, 
7.080139, 4080, 
7.090240, 4080, 
7.100341, 4080, 
7.110443, 4080, 
7.120544, 4080, 
7.130645, 4080, 
7.140747, 4080, 
7.150848, 4080, 
7.160949, 4080, 
7.171051, 4080, 
7.181152, 4080, 
7.191253, 4080, 
7.201354, 4080, 
7.211456, 4080, 
7.221557, 4080, 
7.231658, 4080, 
7.241760, 4080, 
7.251861, 4080, 
7.261962, 4080, 
7.272064, 4080, 
7.282165, 4080, 
7.292266, 4080, 
7.302368, 4080, 
7.312469, 4080, 
7.322570, 4080, 
7.332672, 4080, 
7.342773, 4080, 
7.352874, 4080, 
7.362976, 4080, 
7.373077, 4080, 
7.383178, 4080, 
7.393280, 4080, 
7.403381, 4080, 
7.413482, 4080, 
7.423583, 4080, 
7.433685, 4080, 
7.443786, 4080, 
7.453887, 4080, 
7.463989, 4080, 
7.474090, 4080, 
7.484191, 4080, 
7.494293, 4080, 
7.504394, 4080, 
7.514495, 4080, 
7.524597, 4080, 
7.534698, 4080, 
7.544799, 4080, 
7.554901, 4080, 
7.565002, 4080, 
7.575103, 4080, 
7.585205, 4080, 
7.595306, 4080, 
7.605407, 4080, 
7.615509, 4080, 
7.625610, 4080, 
7.635711, 4080, 
7.645812, 4080, 
7.655914, 4080, 
7.666015, 4080, 
7.676116, 4080, 
7.686218, 4080, 
7.696319, 4080, 
7.706420, 4080, 
7.716522, 4080, 
7.726623, 4080, 
7.736724, 4080, 
7.746826, 4080, 
7.756927, 4080, 
7.767028, 4080, 
7.777130, 4080, 
7.787231, 4080, 
7.797332, 4080, 
7.807434, 4080, 
7.817535, 4080, 
7.827636, 4080, 
7.837738, 4080, 
7.847839, 4080, 
7.857940, 4080, 
7.868041, 4080, 
7.878143, 4080, 
7.888244, 4080, 
7.898345, 4080, 
7.908447, 4080, 
7.918548, 4080, 
7.928649, 4080, 
7.938751, 4080, 
7.948852, 4080, 
7.958953, 4080, 
7.969055, 4080, 
7.979156, 4080, 
7.989257, 4080, 
7.999359, 4080, 
8.009460, 4080, 
8.019561, 4080, 
8.029663, 4080, 
8.039764, 4080, 
8.049865, 4080, 
8.059967, 4080, 
8.070068, 4080, 
8.080169, 4080, 
8.090270, 4080, 
8.100372, 4080, 
8.110473, 4080, 
8.120574, 4080, 
8.130676, 4080, 
8.140777, 4080, 
8.150878, 4080, 
8.160980, 4080, 
8.171081, 4080, 
8.181182, 4080, 
8.191284, 4080, 
8.201385, 4080, 
8.211486, 4080, 
8.221588, 4080, 
8.231689, 4080, 
8.241790, 4080, 
8.251892, 4080, 
8.261993, 4080, 
8.272094, 4080, 
8.282196, 4080, 
8.292297, 4080, 
8.302398, 4080, 
8.312500, 4080, 
8.322601, 4080, 
8.332702, 4080, 
8.342803, 4080, 
8.352905, 4080, 
8.363006, 4080, 
8.373107, 4080, 
8.383209, 4080, 
8.393310, 4080, 
8.403411, 4080, 
8.413513, 4080, 
8.423614, 4080, 
8.433715, 4080, 
8.443817, 4080, 
8.453918, 4080, 
8.464019, 4080, 
8.474121, 4080, 
8.484222, 4080, 
8.494323, 4080, 
8.504425, 4080, 
8.514526, 4080, 
8.524627, 4080, 
8.534729, 4080, 
8.544830, 4080, 
8.554931, 4080, 
8.565032, 4080, 
8.575134, 4080, 
8.585235, 4080, 
8.595336, 4080, 
8.605438, 4080, 
8.615539, 4080, 
8.625640, 4080, 
8.635742, 4080, 
8.645843, 4080, 
8.655944, 4080, 
8.666046, 4080, 
8.676147, 4080, 
8.686248, 4080, 
8.696350, 4080, 
8.706451, 4080, 
8.716552, 4080, 
8.726654, 4080, 
8.736755, 4080, 
8.746856, 4080, 
8.756958, 4080, 
8.767059, 4080, 
8.777160, 4080, 
8.787261, 4080, 
8.797363, 4080, 
8.807464, 4080, 
8.817565, 4080, 
8.827667, 4080, 
8.837768, 4080, 
8.847869, 4080, 
8.857971, 4080, 
8.868072, 4080, 
8.878173, 4080, 
8.888275, 4080, 
8.898376, 4080, 
8.908477, 4080, 
8.918579, 4080, 
8.928680, 4080, 
8.938781, 4080, 
8.948883, 4080, 
8.958984, 4080, 
8.969085, 4080, 
8.979187, 4080, 
8.989288, 4080, 
8.999389, 4080, 
9.009490, 4080, 
9.019592, 4080, 
9.029693, 4080, 
9.039794, 4080, 
9.059997, 4080, 
9.070098, 4080, 
9.080200, 4080, 
9.090301, 4080, 
9.100402, 4080, 
9.110504, 4080, 
9.120605, 4080, 
9.130706, 4080, 
9.140808, 4080, 
9.150909, 4080, 
9.161010, 4080, 
9.171112, 4080, 
9.181213, 4080, 
9.191314, 4080, 
9.201416, 4080, 
9.211517, 4080, 
9.221618, 3952, 
9.231719, 4080, 
9.241821, 4080, 
9.251922, 3952, 
9.262023, 4080, 
9.272125, 4080, 
9.282226, 4080, 
9.292327, 4080, 
9.302429, 4080, 
9.312530, 4080, 
9.322631, 4080, 
9.332733, 4080, 
9.342834, 4080, 
9.352935, 4080, 
9.363037, 4080, 
9.373138, 4080, 
9.383239, 4080, 
9.393341, 4080, 
9.403442, 4080, 
9.413543, 4080, 
9.423645, 4080, 
9.433746, 4080, 
9.443847, 4080, 
9.453948, 4080, 
9.464050, 4080, 
9.474151, 4080, 
9.484252, 4080, 
9.494354, 4080, 
9.504455, 4080, 
9.514556, 4080, 
9.524658, 4080, 
9.534759, 4080, 
9.544860, 4080, 
9.554962, 4080, 
9.565063, 4080, 
9.575164, 4080, 
9.585266, 4080, 
9.595367, 4080, 
9.605468, 4080, 
9.615570, 4080, 
9.625671, 4080, 
9.635772, 4080, 
9.645874, 4080, 
9.655975, 4080, 
9.666076, 4080, 
9.676177, 4080, 
9.686279, 4080, 
9.696380, 4080, 
9.706481, 4080, 
9.716583, 4080, 
9.726684, 4080, 
9.736785, 4080, 
9.746887, 4080, 
9.756988, 4080, 
9.767089, 4080, 
9.777191, 4080, 
9.787292, 4080, 
9.797393, 4080, 
9.807495, 4080, 
9.817596, 4080, 
9.827697, 4080, 
9.837799, 4080, 
9.847900, 4080, 
9.858001, 4080, 
9.868103, 4080, 
9.878204, 4080, 
9.888305, 4080, 
9.898406, 4080, 
9.908508, 4080, 
9.918609, 3952, 
9.928710, 4080, 
9.938812, 4080, 
9.948913, 4080, 
9.959014, 4080, 
9.969116, 4080, 
9.979217, 4080, 
9.989318, 4080, 
9.999420, 4080, 
10.009521, 4080, 
10.019622, 4080, 
10.029724, 4080, 
10.039825, 4080, 
10.049926, 4080, 
10.060028, 4080, 
10.070129, 4080, 
10.080230, 4080, 
10.090332, 4080, 
10.100433, 4080, 
10.110534, 4080, 
10.120635, 4080, 
10.130737, 4080, 
10.140838, 4080, 
10.150939, 4080, 
10.161041, 3952, 
10.171142, 4080, 
10.181243, 4080, 
10.191345, 4080, 
10.201446, 4080, 
10.211547, 4080, 
10.221649, 3952, 
10.231750, 4080, 
10.241851, 4080, 
10.251953, 4080, 
10.262054, 4080, 
10.272155, 4080, 
10.282257, 4080, 
10.292358, 4080, 
10.302459, 4080, 
10.312561, 4080, 
10.322662, 4080, 
10.332763, 4080, 
10.342864, 4080, 
10.352966, 4080, 
10.363067, 4080, 
10.373168, 4080, 
10.383270, 4080, 
10.393371, 4080, 
10.403472, 4080, 
10.413574, 4080, 
10.423675, 4080, 
10.433776, 4080, 
10.443878, 4080, 
10.453979, 4080, 
10.464080, 4080, 
10.474182, 4080, 
10.484283, 4080, 
10.494384, 4080, 
10.504486, 4080, 
10.514587, 4080, 
10.524688, 4080, 
10.534790, 4080, 
10.544891, 4080, 
10.554992, 4080, 
10.565093, 4080, 
10.575195, 4080, 
10.585296, 4080, 
10.595397, 4080, 
10.605499, 4080, 
10.615600, 4080, 
10.625701, 4080, 
10.635803, 4080, 
10.645904, 4080, 
10.656005, 4080, 
10.666107, 4080, 
10.676208, 4080, 
10.686309, 4080, 
10.696411, 4080, 
10.706512, 4080, 
10.716613, 4080, 
10.726715, 4080, 
10.736816, 4080, 
10.746917, 4080, 
10.757019, 4080, 
10.767120, 4080, 
10.777221, 4080, 
10.787322, 4080, 
10.797424, 4080, 
10.807525, 4080, 
10.817626, 4080, 
10.827728, 4080, 
10.837829, 4080, 
10.847930, 4080, 
10.858032, 4080, 
10.868133, 4080, 
10.878234, 4080, 
10.888336, 4080, 
10.898437, 4080, 
10.908538, 4080, 
10.918640, 4080, 
10.928741, 4080, 
10.938842, 4080, 
10.948944, 4080, 
10.959045, 4080, 
10.969146, 4080, 
10.979248, 4080, 
10.989349, 4080, 
10.999450, 4080, 
11.009552, 4080, 
11.019653, 4080, 
11.029754, 4080, 
11.039855, 4080, 
11.049957, 4080, 
11.060058, 4080, 
11.070159, 4080, 
11.080261, 4080, 
11.090362, 4080, 
11.100463, 4080, 
11.110565, 4080, 
11.120666, 4080, 
11.130767, 4080, 
11.140869, 4080, 
11.150970, 4080, 
11.161071, 4080, 
11.171173, 4080, 
11.181274, 4080, 
11.191375, 4080, 
11.201477, 4080, 
11.211578, 4080, 
11.221679, 4080, 
11.231781, 4080, 
11.241882, 4080, 
11.251983, 4080, 
11.262084, 4080, 
11.272186, 4080, 
11.282287, 4080, 
11.292388, 4080, 
11.302490, 4080, 
11.312591, 4080, 
11.322692, 4080, 
11.332794, 4080, 
11.342895, 4080, 
11.352996, 4080, 
11.363098, 4080, 
11.373199, 4080, 
11.383300, 4080, 
11.393402, 4080, 
11.403503, 4080, 
11.413604, 4080, 
11.423706, 4080, 
11.433807, 4080, 
11.443908, 4080, 
11.454010, 4080, 
11.464111, 4080, 
11.474212, 4080, 
11.484313, 4080, 
11.494415, 4080, 
11.504516, 4080, 
11.514617, 4080, 
11.524719, 4080, 
11.534820, 4080, 
11.544921, 4080, 
11.555023, 4080, 
11.565124, 4080, 
11.575225, 4080, 
11.585327, 4080, 
11.595428, 4080, 
11.605529, 4080, 
11.615631, 4080, 
11.625732, 4080, 
11.635833, 4080, 
11.645935, 4080, 
11.656036, 4080, 
11.666137, 4080, 
11.676239, 4080, 
11.686340, 4080, 
11.696441, 4080, 
11.706542, 4080, 
11.716644, 4080, 
11.726745, 4080, 
11.736846, 4080, 
11.746948, 4080, 
11.757049, 4080, 
11.767150, 4080, 
11.777252, 4080, 
11.787353, 4080, 
11.797454, 4080, 
11.807556, 4080, 
11.817657, 4080, 
11.827758, 4080, 
11.837860, 4080, 
11.847961, 4080, 
11.858062, 4080, 
11.868164, 4080, 
11.878265, 4080, 
11.888366, 4080, 
11.898468, 4080, 
11.908569, 4080, 
11.918670, 4080, 
11.928771, 4080, 
11.938873, 4080, 
11.948974, 4080, 
11.959075, 4080, 
11.969177, 4080, 
11.979278, 4080, 
11.989379, 4080, 
11.999481, 4080, 
12.009582, 4080, 
12.019683, 4080, 
12.029785, 4080, 
12.039886, 4080, 
12.049987, 4080, 
12.060089, 4080, 
12.070190, 4080, 
12.080291, 4080, 
12.090393, 4080, 
12.100494, 4080, 
12.110595, 4080, 
12.120697, 4080, 
12.130798, 4080, 
12.140899, 4080, 
12.151000, 4080, 
12.161102, 4080, 
12.171203, 4080, 
12.181304, 4080, 
12.191406, 4080, 
12.201507, 4080, 
12.211608, 4080, 
12.221710, 4080, 
12.231811, 4080, 
12.241912, 4080, 
12.252014, 4080, 
12.262115, 4080, 
12.272216, 4080, 
12.282318, 4080, 
12.292419, 4080, 
12.302520, 4080, 
12.312622, 4080, 
12.322723, 4080, 
12.332824, 4080, 
12.342926, 4080, 
12.353027, 4080, 
12.363128, 4080, 
12.373229, 4080, 
12.383331, 4080, 
12.393432, 4080, 
12.403533, 4080, 
12.413635, 4080, 
12.423736, 4080, 
12.433837, 4080, 
12.443939, 4080, 
12.454040, 4080, 
12.464141, 4080, 
12.474243, 4080, 
12.484344, 4080, 
12.494445, 4080, 
12.504547, 4080, 
12.514648, 4080, 
12.524749, 3952, 
12.534851, 4080, 
12.544952, 4080, 
12.555053, 4080, 
12.565155, 4080, 
12.575256, 4080, 
12.585357, 4080, 
12.595458, 4080, 
12.605560, 4080, 
12.615661, 4080, 
12.625762, 4080, 
12.635864, 4080, 
12.645965, 4080, 
12.656066, 4080, 
12.666168, 4080, 
12.676269, 4080, 
12.686370, 4080, 
12.696472, 4080, 
12.706573, 4080, 
12.716674, 4080, 
12.726776, 4080, 
12.736877, 4080, 
12.746978, 4080, 
12.757080, 4080, 
12.767181, 4080, 
12.777282, 4080, 
12.787384, 4080, 
12.797485, 4080, 
12.807586, 4080, 
12.817687, 4080, 
12.827789, 4080, 
12.837890, 4080, 
12.847991, 4080, 
12.858093, 4080, 
12.868194, 4080, 
12.878295, 4080, 
12.888397, 4080, 
12.898498, 4080, 
12.908599, 4080, 
12.918701, 4080, 
12.928802, 4080, 
12.938903, 4080, 
12.949005, 4080, 
12.959106, 4080, 
12.969207, 4080, 
12.979309, 4080, 
12.989410, 4080, 
12.999511, 4080, 
13.009613, 4080, 
13.019714, 4080, 
13.029815, 4080, 
13.039916, 4080, 
13.050018, 4080, 
13.060119, 4080, 
13.070220, 4080, 
13.080322, 4080, 
13.090423, 4080, 
13.100524, 4080, 
13.110626, 4080, 
13.120727, 4080, 
13.130828, 4080, 
13.140930, 4080, 
13.151031, 4080, 
13.161132, 4080, 
13.171234, 4080, 
13.181335, 4080, 
13.191436, 4080, 
13.201538, 4080, 
13.211639, 4080, 
13.221740, 3952, 
13.231842, 4080, 
13.241943, 4080, 
13.252044, 4080, 
13.262145, 4080, 
13.272247, 4080, 
13.282348, 4080, 
13.292449, 4080, 
13.302551, 4080, 
13.312652, 4080, 
13.322753, 4080, 
13.332855, 4080, 
13.342956, 4080, 
13.353057, 4080, 
13.363159, 4080, 
13.373260, 4080, 
13.383361, 3825, 
13.393463, 4080, 
13.403564, 4080, 
13.413665, 4080, 
13.423767, 4080, 
13.433868, 4080, 
13.443969, 4080, 
13.454071, 4080, 
13.464172, 4080, 
13.474273, 4080, 
13.484375, 4080, 
13.494476, 4080, 
13.504577, 4080, 
13.514678, 4080, 
13.524780, 4080, 
13.534881, 4080, 
13.544982, 4080, 
13.555084, 4080, 
13.565185, 4080, 
13.575286, 4080, 
13.585388, 4080, 
13.595489, 4080, 
13.605590, 4080, 
13.615692, 4080, 
13.625793, 4080, 
13.635894, 4080, 
13.645996, 4080, 
13.656097, 4080, 
13.666198, 4080, 
13.676300, 4080, 
13.686401, 4080, 
13.696502, 4080, 
13.706604, 3825, 
13.716705, 4080, 
13.726806, 4080, 
13.736907, 4080, 
13.747009, 4080, 
13.757110, 4080, 
13.767211, 4080, 
13.777313, 4080, 
13.787414, 4080, 
13.797515, 4080, 
13.807617, 4080, 
13.817718, 4080, 
13.827819, 4080, 
13.837921, 4080, 
13.848022, 4080, 
13.858123, 4080, 
13.868225, 4080, 
13.878326, 4080, 
13.888427, 4080, 
13.898529, 4080, 
13.908630, 4080, 
13.918731, 4080, 
13.928833, 4080, 
13.938934, 4080, 
13.949035, 4080, 
13.959136, 4080, 
13.969238, 4080, 
13.979339, 4080, 
13.989440, 4080, 
13.999542, 4080, 
14.009643, 4080, 
14.019744, 4080, 
14.029846, 4080, 
14.039947, 4080, 
14.050048, 4080, 
14.060150, 4080, 
14.070251, 4080, 
14.080352, 4080, 
14.090454, 4080, 
14.100555, 4080, 
14.110656, 4080, 
14.120758, 4080, 
14.130859, 4080, 
14.140960, 4080, 
14.151062, 4080, 
14.161163, 4080, 
14.171264, 4080, 
14.181365, 4080, 
14.191467, 4080, 
14.201568, 4080, 
14.211669, 4080, 
14.221771, 4080, 
14.231872, 4080, 
14.241973, 4080, 
14.252075, 4080, 
14.262176, 4080, 
14.272277, 4080, 
14.282379, 4080, 
14.292480, 4080, 
14.302581, 4080, 
14.312683, 4080, 
14.322784, 4080, 
14.332885, 4080, 
14.342987, 4080, 
14.353088, 4080, 
14.363189, 4080, 
14.373291, 4080, 
14.383392, 4080, 
14.393493, 4080, 
14.403594, 4080, 
14.413696, 4080, 
14.423797, 4080, 
14.433898, 4080, 
14.444000, 4080, 
14.454101, 4080, 
14.464202, 4080, 
14.474304, 4080, 
14.484405, 4080, 
14.494506, 4080, 
14.504608, 4080, 
14.514709, 4080, 
14.524810, 4080, 
14.534912, 4080, 
14.545013, 4080, 
14.555114, 4080, 
14.565216, 4080, 
14.575317, 4080, 
14.585418, 4080, 
14.595520, 4080, 
14.605621, 4080, 
14.615722, 4080, 
14.625823, 4080, 
14.635925, 4080, 
14.646026, 4080, 
14.656127, 4080, 
14.666229, 4080, 
14.676330, 4080, 
14.686431, 4080, 
14.696533, 4080, 
14.706634, 4080, 
14.716735, 4080, 
14.726837, 4080, 
14.736938, 4080, 
14.747039, 4080, 
14.757141, 4080, 
14.767242, 4080, 
14.777343, 4080, 
14.787445, 4080, 
14.797546, 4080, 
14.807647, 4080, 
14.817749, 4080, 
14.827850, 4080, 
14.837951, 4080, 
14.848052, 4080, 
14.858154, 4080, 
14.868255, 4080, 
14.878356, 4080, 
14.888458, 4080, 
14.898559, 4080, 
14.908660, 4080, 
14.918762, 4080, 
14.928863, 4080, 
14.938964, 4080, 
14.949066, 4080, 
14.959167, 4080, 
14.969268, 4080, 
14.979370, 4080, 
14.989471, 4080, 
14.999572, 4080, 
15.009674, 4080, 
15.019775, 4080, 
15.029876, 4080, 
15.039978, 4080, 
15.050079, 4080, 
15.060180, 4080, 
15.070281, 4080, 
15.080383, 4080, 
15.090484, 4080, 
15.100585, 4080, 
15.110687, 4080, 
15.120788, 4080, 
15.130889, 4080, 
15.140991, 4080, 
15.151092, 4080, 
15.161193, 4080, 
15.171295, 4080, 
15.181396, 4080, 
15.191497, 4080, 
15.201599, 4080, 
15.211700, 4080, 
15.221801, 4080, 
15.231903, 4080, 
15.242004, 4080, 
15.252105, 4080, 
15.262207, 4080, 
15.272308, 4080, 
15.282409, 4080, 
15.292510, 4080, 
15.302612, 4080, 
15.312713, 4080, 
15.322814, 4080, 
15.332916, 4080, 
15.343017, 4080, 
15.353118, 4080, 
15.363220, 4080, 
15.373321, 4080, 
15.383422, 4080, 
15.393524, 4080, 
15.403625, 4080, 
15.413726, 4080, 
15.423828, 4080, 
15.433929, 4080, 
15.444030, 4080, 
15.454132, 4080, 
15.464233, 4080, 
15.474334, 4080, 
15.484436, 4080, 
15.494537, 4080, 
15.504638, 4080, 
15.514739, 4080, 
15.524841, 4080, 
15.534942, 4080, 
15.545043, 4080, 
15.555145, 4080, 
15.565246, 4080, 
15.575347, 4080, 
15.585449, 4080, 
15.595550, 4080, 
15.605651, 4080, 
15.615753, 4080, 
15.625854, 4080, 
15.635955, 4080, 
15.646057, 4080, 
15.656158, 4080, 
15.666259, 4080, 
15.676361, 4080, 
15.686462, 4080, 
15.696563, 4080, 
15.706665, 4080, 
15.716766, 4080, 
15.726867, 4080, 
15.736968, 4080, 
15.747070, 4080, 
15.757171, 4080, 
15.767272, 4080, 
15.777374, 4080, 
15.787475, 4080, 
15.797576, 4080, 
15.807678, 4080, 
15.817779, 4080, 
15.827880, 4080, 
15.837982, 4080, 
15.848083, 4080, 
15.858184, 4080, 
15.868286, 4080, 
15.878387, 4080, 
15.888488, 4080, 
15.898590, 4080, 
15.908691, 4080, 
15.918792, 4080, 
15.928894, 4080, 
15.938995, 4080, 
15.949096, 4080, 
15.959197, 4080, 
15.969299, 4080, 
15.979400, 4080, 
15.989501, 4080, 
15.999603, 4080, 
16.009704, 4080, 
16.019805, 4080, 
16.029907, 4080, 
16.040008, 4080, 
16.050109, 4080, 
16.060211, 4080, 
16.070312, 4080, 
16.080413, 4080, 
16.090515, 4080, 
16.100616, 4080, 
16.110717, 4080, 
16.120819, 4080, 
16.130920, 4080, 
16.141021, 4080, 
16.151123, 4080, 
16.161224, 4080, 
16.171325, 4080, 
16.181427, 4080, 
16.191528, 4080, 
16.201629, 4080, 
16.211730, 4080, 
16.221832, 4080, 
16.231933, 4080, 
16.242034, 4080, 
16.252136, 4080, 
16.262237, 4080, 
16.272338, 4080, 
16.282440, 4080, 
16.292541, 4080, 
16.302642, 4080, 
16.312744, 4080, 
16.322845, 4080, 
16.332946, 4080, 
16.343048, 4080, 
16.353149, 4080, 
16.363250, 4080, 
16.373352, 4080, 
16.383453, 4080, 
16.393554, 4080, 
16.403656, 4080, 
16.413757, 4080, 
16.423858, 4080, 
16.433959, 4080, 
16.444061, 4080, 
16.454162, 4080, 
16.464263, 4080, 
16.474365, 4080, 
16.484466, 4080, 
16.494567, 4080, 
16.504669, 4080, 
16.514770, 4080, 
16.524871, 4080, 
16.534973, 4080, 
16.545074, 4080, 
16.555175, 4080, 
16.565277, 4080, 
16.575378, 4080, 
16.585479, 4080, 
16.595581, 4080, 
16.605682, 4080, 
16.615783, 4080, 
16.625885, 4080, 
16.635986, 4080, 
16.646087, 4080, 
16.656188, 4080, 
16.666290, 4080, 
16.676391, 4080, 
16.686492, 4080, 
16.696594, 4080, 
16.706695, 4080, 
16.716796, 4080, 
16.726898, 4080, 
16.736999, 4080, 
16.747100, 4080, 
16.757202, 4080, 
16.767303, 4080, 
16.777404, 4080, 
16.787506, 4080, 
16.797607, 4080, 
16.807708, 4080, 
16.817810, 4080, 
16.827911, 4080, 
16.838012, 4080, 
16.848114, 4080, 
16.858215, 4080, 
16.868316, 4080, 
16.878417, 4080, 
16.888519, 4080, 
16.898620, 4080, 
16.908721, 4080, 
16.918823, 4080, 
16.928924, 4080, 
16.939025, 4080, 
16.949127, 4080, 
16.959228, 4080, 
16.969329, 4080, 
16.979431, 4080, 
16.989532, 4080, 
16.999633, 4080, 
17.009735, 4080, 
17.019836, 4080, 
17.029937, 4080, 
17.040039, 4080, 
17.050140, 4080, 
17.060241, 4080, 
17.070343, 4080, 
17.090545, 4080, 
17.100646, 4080, 
17.110748, 4080, 
17.120849, 4080, 
17.130950, 4080, 
17.141052, 4080, 
17.151153, 4080, 
17.161254, 4080, 
17.171356, 4080, 
17.181457, 4080, 
17.191558, 4080, 
17.201660, 4080, 
17.211761, 4080, 
17.221862, 4080, 
17.231964, 4080, 
17.242065, 4080, 
17.252166, 4080, 
17.262268, 4080, 
17.272369, 4080, 
17.282470, 4080, 
17.292572, 4080, 
17.302673, 4080, 
17.312774, 4080, 
17.322875, 4080, 
17.332977, 4080, 
17.343078, 4080, 
17.353179, 4080, 
17.363281, 4080, 
17.373382, 4080, 
17.383483, 4080, 
17.393585, 4080, 
17.403686, 4080, 
17.413787, 3952, 
17.423889, 4080, 
17.433990, 4080, 
17.444091, 4080, 
17.454193, 4080, 
17.464294, 3952, 
17.474395, 4080, 
17.484497, 4080, 
17.494598, 4080, 
17.504699, 4080, 
17.514801, 4080, 
17.524902, 4080, 
17.535003, 4080, 
17.545104, 4080, 
17.555206, 4080, 
17.565307, 4080, 
17.575408, 4080, 
17.585510, 4080, 
17.595611, 4080, 
17.605712, 4080, 
17.615814, 4080, 
17.625915, 4080, 
17.636016, 4080, 
17.646118, 4080, 
17.656219, 4080, 
17.666320, 4080, 
17.676422, 4080, 
17.686523, 4080, 
17.696624, 4080, 
17.706726, 4080, 
17.716827, 4080, 
17.726928, 4080, 
17.737030, 4080, 
17.747131, 4080, 
17.757232, 4080, 
17.767333, 4080, 
17.777435, 4080, 
17.787536, 4080, 
17.797637, 4080, 
17.807739, 4080, 
17.817840, 4080, 
17.827941, 4080, 
17.838043, 4080, 
17.848144, 4080, 
17.858245, 4080, 
17.868347, 4080, 
17.878448, 4080, 
17.888549, 4080, 
17.898651, 4080, 
17.908752, 4080, 
17.918853, 4080, 
17.928955, 4080, 
17.939056, 4080, 
17.949157, 4080, 
17.959259, 4080, 
17.969360, 4080, 
17.979461, 4080, 
17.989562, 4080, 
17.999664, 4080, 
18.009765, 4080, 
18.019866, 4080, 
18.029968, 4080, 
18.040069, 4080, 
18.050170, 4080, 
18.060272, 4080, 
18.070373, 4080, 
18.080474, 4080, 
18.090576, 4080, 
18.100677, 4080, 
18.110778, 4080, 
18.120880, 4080, 
18.130981, 4080, 
18.141082, 4080, 
18.151184, 4080, 
18.161285, 4080, 
18.171386, 4080, 
18.181488, 4080, 
18.191589, 4080, 
18.201690, 4080, 
18.211791, 4080, 
18.221893, 4080, 
18.231994, 4080, 
18.242095, 4080, 
18.252197, 4080, 
18.262298, 4080, 
18.272399, 4080, 
18.282501, 4080, 
18.292602, 4080, 
18.302703, 4080, 
18.312805, 4080, 
18.322906, 4080, 
18.333007, 4080, 
18.343109, 4080, 
18.353210, 4080, 
18.363311, 4080, 
18.373413, 4080, 
18.383514, 4080, 
18.393615, 4080, 
18.403717, 4080, 
18.413818, 4080, 
18.423919, 4080, 
18.434020, 4080, 
18.444122, 4080, 
18.454223, 4080, 
18.464324, 4080, 
18.474426, 4080, 
18.484527, 4080, 
18.494628, 4080, 
18.504730, 4080, 
18.514831, 4080, 
18.524932, 4080, 
18.535034, 4080, 
18.545135, 4080, 
18.555236, 4080, 
18.565338, 4080, 
18.575439, 4080, 
18.585540, 4080, 
18.595642, 4080, 
18.605743, 4080, 
18.615844, 4080, 
18.625946, 4080, 
18.636047, 4080, 
18.646148, 4080, 
18.656250, 4080, 
18.666351, 4080, 
18.676452, 4080, 
18.686553, 4080, 
18.696655, 4080, 
18.706756, 4080, 
18.716857, 4080, 
18.726959, 4080, 
18.737060, 4080, 
18.747161, 4080, 
18.757263, 4080, 
18.767364, 4080, 
18.777465, 4080, 
18.787567, 4080, 
18.797668, 4080, 
18.807769, 4080, 
18.817871, 4080, 
18.827972, 4080, 
18.838073, 3952, 
18.848175, 4080, 
18.858276, 4080, 
18.868377, 4080, 
18.878479, 4080, 
18.888580, 4080, 
18.898681, 4080, 
18.908782, 4080, 
18.918884, 4080, 
18.928985, 4080, 
18.939086, 4080, 
18.949188, 4080, 
18.959289, 4080, 
18.969390, 4080, 
18.979492, 4080, 
18.989593, 4080, 
18.999694, 4080, 
19.009796, 4080, 
19.019897, 4080, 
19.029998, 4080, 
19.040100, 4080, 
19.050201, 4080, 
19.060302, 4080, 
19.070404, 4080, 
19.080505, 4080, 
19.090606, 4080, 
19.100708, 4080, 
19.110809, 4080, 
19.120910, 4080, 
19.131011, 4080, 
19.141113, 4080, 
19.151214, 4080, 
19.161315, 4080, 
19.171417, 4080, 
19.181518, 4080, 
19.191619, 4080, 
19.201721, 4080, 
19.211822, 4080, 
19.221923, 4080, 
19.232025, 4080, 
19.242126, 4080, 
19.252227, 4080, 
19.262329, 4080, 
19.272430, 4080, 
19.282531, 4080, 
19.292633, 4080, 
19.302734, 4080, 
19.312835, 4080, 
19.322937, 4080, 
19.333038, 4080, 
19.343139, 4080, 
19.353240, 4080, 
19.363342, 4080, 
19.373443, 4080, 
19.383544, 4080, 
19.393646, 4080, 
19.403747, 4080, 
19.413848, 4080, 
19.423950, 4080, 
19.434051, 4080, 
19.444152, 4080, 
19.454254, 4080, 
19.464355, 4080, 
19.474456, 4080, 
19.484558, 4080, 
19.494659, 4080, 
19.504760, 4080, 
19.514862, 4080, 
19.524963, 4080, 
19.535064, 4080, 
19.545166, 4080, 
19.555267, 4080, 
19.565368, 4080, 
19.575469, 4080, 
19.585571, 4080, 
19.595672, 4080, 
19.605773, 4080, 
19.615875, 4080, 
19.625976, 4080, 
19.636077, 4080, 
19.646179, 4080, 
19.656280, 4080, 
19.666381, 4080, 
19.676483, 4080, 
19.686584, 4080, 
19.696685, 4080, 
19.706787, 4080, 
19.716888, 4080, 
19.726989, 4080, 
19.737091, 4080, 
19.747192, 4080, 
19.757293, 4080, 
19.767395, 4080, 
19.777496, 4080, 
19.787597, 4080, 
19.797698, 4080, 
19.807800, 4080, 
19.817901, 4080, 
19.828002, 4080, 
19.838104, 4080, 
19.848205, 4080, 
19.858306, 4080, 
19.868408, 4080, 
19.878509, 4080, 
19.888610, 4080, 
19.898712, 4080, 
19.908813, 4080, 
19.918914, 4080, 
19.929016, 4080, 
19.939117, 4080, 
19.949218, 4080, 
19.959320, 4080, 
19.969421, 4080, 
19.979522, 4080, 
19.989624, 4080, 
20.009826, 4080, 
20.019927, 4080, 
20.030029, 4080, 
20.040130, 4080, 
20.050231, 4080, 
20.060333, 4080, 
20.070434, 4080, 
20.080535, 4080, 
20.090637, 4080, 
20.100738, 4080, 
20.110839, 4080, 
20.120941, 4080, 
20.131042, 4080, 
20.141143, 4080, 
20.151245, 4080, 
20.161346, 4080, 
20.171447, 4080, 
20.181549, 4080, 
20.191650, 4080, 
20.201751, 4080, 
20.211853, 4080, 
20.221954, 4080, 
20.232055, 4080, 
20.242156, 4080, 
20.252258, 4080, 
20.262359, 4080, 
20.272460, 4080, 
20.282562, 4080, 
20.292663, 4080, 
20.302764, 4080, 
20.312866, 4080, 
20.322967, 4080, 
20.333068, 4080, 
20.343170, 4080, 
20.353271, 4080, 
20.363372, 4080, 
20.373474, 4080, 
20.383575, 4080, 
20.393676, 4080, 
20.403778, 4080, 
20.413879, 4080, 
20.423980, 4080, 
20.434082, 4080, 
20.444183, 4080, 
20.454284, 4080, 
20.464385, 4080, 
20.474487, 4080, 
20.484588, 4080, 
20.494689, 4080, 
20.504791, 4080, 
20.514892, 4080, 
20.524993, 4080, 
20.535095, 4080, 
20.545196, 4080, 
20.555297, 4080, 
20.565399, 4080, 
20.575500, 4080, 
20.585601, 4080, 
20.595703, 4080, 
20.605804, 4080, 
20.615905, 4080, 
20.626007, 4080, 
20.636108, 4080, 
20.646209, 4080, 
20.656311, 4080, 
20.666412, 4080, 
20.676513, 4080, 
20.686614, 4080, 
20.696716, 4080, 
20.706817, 4080, 
20.716918, 4080, 
20.727020, 4080, 
20.737121, 4080, 
20.747222, 4080, 
20.757324, 4080, 
20.767425, 4080, 
20.777526, 4080, 
20.787628, 4080, 
20.797729, 4080, 
20.807830, 4080, 
20.817932, 4080, 
20.828033, 4080, 
20.838134, 4080, 
20.848236, 4080, 
20.858337, 4080, 
20.868438, 4080, 
20.878540, 4080, 
20.888641, 4080, 
20.898742, 4080, 
20.908843, 4080, 
20.918945, 4080, 
20.929046, 4080, 
20.939147, 4080, 
20.949249, 4080, 
20.959350, 4080, 
20.969451, 4080, 
20.979553, 4080, 
20.989654, 4080, 
20.999755, 4080, 
21.009857, 4080, 
21.019958, 4080, 
21.030059, 4080, 
21.040161, 4080, 
21.050262, 4080, 
21.060363, 4080, 
21.070465, 4080, 
21.080566, 4080, 
21.090667, 4080, 
21.100769, 4080, 
21.110870, 4080, 
21.120971, 4080, 
21.131072, 4080, 
21.141174, 4080, 
21.151275, 4080, 
21.161376, 4080, 
21.171478, 4080, 
21.181579, 4080, 
21.191680, 4080, 
21.201782, 4080, 
21.211883, 4080, 
21.221984, 4080, 
21.232086, 4080, 
21.242187, 4080, 
21.252288, 4080, 
21.262390, 4080, 
21.272491, 4080, 
21.282592, 4080, 
21.292694, 4080, 
21.302795, 4080, 
21.312896, 4080, 
21.322998, 4080, 
21.333099, 4080, 
21.343200, 4080, 
21.353302, 4080, 
21.363403, 4080, 
21.373504, 4080, 
21.383605, 4080, 
21.393707, 4080, 
21.403808, 4080, 
21.413909, 4080, 
21.424011, 4080, 
21.434112, 4080, 
21.444213, 4080, 
21.454315, 4080, 
21.464416, 4080, 
21.474517, 4080, 
21.484619, 4080, 
21.494720, 4080, 
21.504821, 4080, 
21.514923, 4080, 
21.525024, 4080, 
21.535125, 4080, 
21.545227, 4080, 
21.555328, 4080, 
21.565429, 4080, 
21.575531, 4080, 
21.585632, 4080, 
21.595733, 4080, 
21.605834, 4080, 
21.615936, 4080, 
21.626037, 4080, 
21.636138, 4080, 
21.646240, 4080, 
21.656341, 4080, 
21.666442, 4080, 
21.676544, 4080, 
21.686645, 4080, 
21.696746, 4080, 
21.706848, 4080, 
21.716949, 4080, 
21.727050, 4080, 
21.737152, 3952, 
21.747253, 4080, 
21.757354, 4080, 
21.767456, 4080, 
21.777557, 4080, 
21.787658, 4080, 
21.797760, 4080, 
21.807861, 4080, 
21.817962, 4080, 
21.828063, 4080, 
21.838165, 4080, 
21.848266, 4080, 
21.858367, 4080, 
21.868469, 4080, 
21.878570, 4080, 
21.888671, 4080, 
21.898773, 4080, 
21.908874, 4080, 
21.918975, 4080, 
21.929077, 4080, 
21.939178, 4080, 
21.949279, 4080, 
21.959381, 4080, 
21.969482, 4080, 
21.979583, 4080, 
21.989685, 4080, 
21.999786, 4080, 
22.009887, 4080, 
22.019989, 4080, 
22.030090, 4080, 
22.040191, 4080, 
22.050292, 4080, 
22.060394, 4080, 
22.070495, 4080, 
22.080596, 4080, 
22.090698, 4080, 
22.100799, 4080, 
22.110900, 4080, 
22.121002, 4080, 
22.131103, 4080, 
22.141204, 4080, 
22.151306, 4080, 
22.161407, 4080, 
22.171508, 4080, 
22.181610, 4080, 
22.191711, 4080, 
22.201812, 4080, 
22.211914, 4080, 
22.222015, 4080, 
22.232116, 4080, 
22.242218, 4080, 
22.252319, 4080, 
22.262420, 4080, 
22.272521, 4080, 
22.282623, 4080, 
22.292724, 4080, 
22.302825, 4080, 
22.312927, 4080, 
22.323028, 4080, 
22.333129, 4080, 
22.343231, 4080, 
22.353332, 4080, 
22.363433, 4080, 
22.373535, 4080, 
22.383636, 4080, 
22.393737, 4080, 
22.403839, 4080, 
22.413940, 4080, 
22.424041, 4080, 
22.434143, 4080, 
22.444244, 4080, 
22.454345, 4080, 
22.464447, 4080, 
22.474548, 4080, 
22.484649, 4080, 
22.494750, 4080, 
22.504852, 4080, 
22.514953, 4080, 
22.525054, 4080, 
22.535156, 4080, 
22.545257, 4080, 
22.555358, 4080, 
22.565460, 4080, 
22.575561, 4080, 
22.585662, 4080, 
22.595764, 4080, 
22.605865, 4080, 
22.615966, 4080, 
22.626068, 4080, 
22.636169, 4080, 
22.646270, 4080, 
22.656372, 4080, 
22.666473, 4080, 
22.676574, 4080, 
22.686676, 4080, 
22.696777, 4080, 
22.706878, 4080, 
22.716979, 4080, 
22.727081, 4080, 
22.737182, 4080, 
22.747283, 4080, 
22.757385, 4080, 
22.767486, 4080, 
22.777587, 4080, 
22.787689, 4080, 
22.797790, 4080, 
22.807891, 4080, 
22.817993, 4080, 
22.838195, 4080, 
22.848297, 4080, 
22.858398, 4080, 
22.868499, 4080, 
22.878601, 4080, 
22.888702, 4080, 
22.898803, 4080, 
22.908905, 4080, 
22.919006, 4080, 
22.929107, 4080, 
22.939208, 4080, 
22.949310, 4080, 
22.959411, 4080, 
22.969512, 4080, 
22.979614, 4080, 
22.989715, 4080, 
22.999816, 4080, 
23.009918, 4080, 
23.020019, 4080, 
23.030120, 4080, 
23.040222, 4080, 
23.050323, 4080, 
23.060424, 4080, 
23.070526, 4080, 
23.080627, 4080, 
23.090728, 4080, 
23.100830, 4080, 
23.110931, 4080, 
23.121032, 4080, 
23.131134, 4080, 
23.141235, 4080, 
23.151336, 4080, 
23.161437, 4080, 
23.171539, 4080, 
23.181640, 4080, 
23.191741, 4080, 
23.201843, 4080, 
23.211944, 4080, 
23.222045, 4080, 
23.232147, 4080, 
23.242248, 4080, 
23.252349, 4080, 
23.262451, 4080, 
23.272552, 4080, 
23.282653, 4080, 
23.292755, 4080, 
23.302856, 4080, 
23.312957, 4080, 
23.323059, 4080, 
23.333160, 4080, 
23.343261, 4080, 
23.353363, 4080, 
23.363464, 4080, 
23.373565, 4080, 
23.383666, 4080, 
23.393768, 4080, 
23.403869, 4080, 
23.413970, 4080, 
23.424072, 4080, 
23.434173, 4080, 
23.444274, 4080, 
23.454376, 4080, 
23.464477, 4080, 
23.474578, 4080, 
23.484680, 4080, 
23.494781, 4080, 
23.504882, 4080, 
23.514984, 4080, 
23.525085, 4080, 
23.535186, 4080, 
23.545288, 4080, 
23.555389, 4080, 
23.565490, 4080, 
23.575592, 4080, 
23.585693, 4080, 
23.595794, 4080, 
23.605895, 4080, 
23.615997, 4080, 
23.626098, 4080, 
23.636199, 4080, 
23.646301, 4080, 
23.656402, 4080, 
23.666503, 3952, 
23.676605, 4080, 
23.686706, 4080, 
23.696807, 4080, 
23.706909, 4080, 
23.717010, 4080, 
23.727111, 4080, 
23.737213, 4080, 
23.747314, 4080, 
23.757415, 4080, 
23.767517, 4080, 
23.777618, 4080, 
23.787719, 4080, 
23.797821, 4080, 
23.807922, 4080, 
23.818023, 4080, 
23.828125, 4080, 
23.838226, 3952, 
23.848327, 4080, 
23.858428, 4080, 
23.868530, 4080, 
23.878631, 4080, 
23.888732, 4080, 
23.898834, 4080, 
23.908935, 4080, 
23.919036, 4080, 
23.929138, 4080, 
23.939239, 4080, 
23.949340, 4080, 
23.959442, 4080, 
23.969543, 4080, 
23.979644, 4080, 
23.989746, 4080, 
23.999847, 4080, 
24.009948, 4080, 
24.020050, 4080, 
24.030151, 4080, 
24.040252, 4080, 
24.050354, 4080, 
24.060455, 3952, 
24.070556, 4080, 
24.080657, 4080, 
24.090759, 4080, 
24.100860, 4080, 
24.110961, 4080, 
24.121063, 4080, 
24.131164, 4080, 
24.141265, 4080, 
24.151367, 4080, 
24.161468, 4080, 
24.171569, 4080, 
24.181671, 4080, 
24.191772, 4080, 
24.201873, 4080, 
24.211975, 4080, 
24.222076, 4080, 
24.232177, 4080, 
24.242279, 4080, 
24.252380, 4080, 
24.262481, 4080, 
24.272583, 4080, 
24.282684, 4080, 
24.292785, 4080, 
24.302886, 4080, 
24.312988, 4080, 
24.323089, 4080, 
24.333190, 4080, 
24.343292, 4080, 
24.353393, 4080, 
24.363494, 4080, 
24.373596, 4080, 
24.383697, 4080, 
24.393798, 4080, 
24.403900, 4080, 
24.414001, 4080, 
24.424102, 4080, 
24.434204, 4080, 
24.444305, 4080, 
24.454406, 4080, 
24.464508, 4080, 
24.474609, 4080, 
24.484710, 4080, 
24.494812, 4080, 
24.504913, 4080, 
24.515014, 4080, 
24.525115, 4080, 
24.535217, 4080, 
24.545318, 4080, 
24.555419, 4080, 
24.565521, 4080, 
24.575622, 3952, 
24.585723, 4080, 
24.595825, 4080, 
24.605926, 4080, 
24.616027, 4080, 
24.626129, 4080, 
24.636230, 4080, 
24.646331, 4080, 
24.656433, 4080, 
24.666534, 4080, 
24.676635, 4080, 
24.686737, 4080, 
24.696838, 4080, 
24.706939, 4080, 
24.717041, 4080, 
24.727142, 4080, 
24.737243, 4080, 
24.747344, 4080, 
24.757446, 4080, 
24.767547, 4080, 
24.777648, 4080, 
24.787750, 4080, 
24.797851, 4080, 
24.807952, 4080, 
24.818054, 3952, 
24.828155, 4080, 
24.838256, 4080, 
24.848358, 4080, 
24.858459, 4080, 
24.868560, 4080, 
24.878662, 3952, 
24.888763, 4080, 
24.898864, 4080, 
24.908966, 4080, 
24.919067, 4080, 
24.929168, 4080, 
24.939270, 4080, 
24.949371, 4080, 
24.959472, 4080, 
24.969573, 4080, 
24.979675, 4080, 
24.989776, 4080, 
24.999877, 4080, 
25.009979, 4080, 
25.020080, 4080, 
25.030181, 4080, 
25.040283, 4080, 
25.050384, 4080, 
25.060485, 4080, 
25.070587, 4080, 
25.080688, 4080, 
25.090789, 4080, 
25.100891, 4080, 
25.110992, 4080, 
25.121093, 4080, 
25.131195, 4080, 
25.141296, 4080, 
25.151397, 4080, 
25.161499, 4080, 
25.171600, 4080, 
25.181701, 4080, 
25.191802, 4080, 
25.201904, 4080, 
25.212005, 4080, 
25.222106, 4080, 
25.232208, 4080, 
25.242309, 4080, 
25.252410, 4080, 
25.262512, 4080, 
25.272613, 4080, 
25.282714, 4080, 
25.292816, 4080, 
25.302917, 4080, 
25.313018, 3952, 
25.323120, 4080, 
25.333221, 4080, 
25.343322, 4080, 
25.353424, 4080, 
25.363525, 4080, 
25.373626, 4080, 
25.383728, 4080, 
25.393829, 4080, 
25.403930, 4080, 
25.414031, 4080, 
25.424133, 4080, 
25.434234, 4080, 
25.444335, 4080, 
25.454437, 3952, 
25.464538, 4080, 
25.474639, 4080, 
25.484741, 3952, 
25.494842, 4080, 
25.504943, 4080, 
25.515045, 4080, 
25.525146, 4080, 
25.535247, 4080, 
25.545349, 4080, 
25.555450, 4080, 
25.565551, 4080, 
25.575653, 4080, 
25.585754, 4080, 
25.595855, 4080, 
25.605957, 4080, 
25.616058, 4080, 
25.626159, 4080, 
25.636260, 4080, 
25.646362, 4080, 
25.656463, 4080, 
25.666564, 4080, 
25.676666, 4080, 
25.686767, 4080, 
25.696868, 4080, 
25.706970, 3952, 
25.717071, 4080, 
25.727172, 4080, 
25.737274, 4080, 
25.747375, 4080, 
25.757476, 4080, 
25.767578, 4080, 
25.777679, 4080, 
25.787780, 4080, 
25.797882, 4080, 
25.807983, 4080, 
25.818084, 4080, 
25.828186, 4080, 
25.838287, 4080, 
25.848388, 4080, 
25.858489, 4080, 
25.868591, 4080, 
25.878692, 4080, 
25.888793, 4080, 
25.898895, 4080, 
25.908996, 4080, 
25.919097, 4080, 
25.929199, 4080, 
25.939300, 4080, 
25.949401, 4080, 
25.959503, 4080, 
25.969604, 4080, 
25.979705, 4080, 
25.989807, 4080, 
25.999908, 4080, 
26.010009, 4080, 
26.020111, 4080, 
26.030212, 4080, 
26.040313, 4080, 
26.050415, 4080, 
26.060516, 4080, 
26.070617, 4080, 
26.080718, 4080, 
26.090820, 4080, 
26.100921, 4080, 
26.111022, 4080, 
26.121124, 4080, 
26.131225, 4080, 
26.141326, 4080, 
26.151428, 4080, 
26.161529, 4080, 
26.171630, 4080, 
26.181732, 4080, 
26.191833, 4080, 
26.201934, 4080, 
26.212036, 4080, 
26.222137, 4080, 
26.232238, 4080, 
26.242340, 4080, 
26.252441, 4080, 
26.262542, 4080, 
26.272644, 4080, 
26.282745, 4080, 
26.292846, 4080, 
26.302947, 4080, 
26.313049, 4080, 
26.323150, 4080, 
26.333251, 4080, 
26.343353, 4080, 
26.353454, 4080, 
26.363555, 4080, 
26.373657, 4080, 
26.383758, 4080, 
26.393859, 4080, 
26.403961, 4080, 
26.414062, 4080, 
26.424163, 4080, 
26.434265, 4080, 
26.444366, 4080, 
26.454467, 4080, 
26.464569, 4080, 
26.474670, 4080, 
26.484771, 4080, 
26.494873, 4080, 
26.504974, 4080, 
26.515075, 4080, 
26.525177, 4080, 
26.535278, 4080, 
26.545379, 4080, 
26.555480, 4080, 
26.565582, 4080, 
26.575683, 4080, 
26.585784, 4080, 
26.595886, 4080, 
26.605987, 4080, 
26.616088, 4080, 
26.626190, 4080, 
26.636291, 4080, 
26.646392, 4080, 
26.656494, 4080, 
26.666595, 4080, 
26.676696, 4080, 
26.686798, 4080, 
26.696899, 4080, 
26.707000, 4080, 
26.717102, 4080, 
26.727203, 4080, 
26.737304, 4080, 
26.747406, 4080, 
26.757507, 4080, 
26.767608, 4080, 
26.777709, 4080, 
26.787811, 4080, 
26.797912, 4080, 
26.808013, 4080, 
26.818115, 4080, 
26.828216, 4080, 
26.838317, 4080, 
26.848419, 3952, 
26.858520, 4080, 
26.868621, 4080, 
26.878723, 4080, 
26.888824, 4080, 
26.898925, 4080, 
26.909027, 4080, 
26.919128, 4080, 
26.929229, 4080, 
26.939331, 4080, 
26.949432, 4080, 
26.959533, 4080, 
26.969635, 4080, 
26.979736, 4080, 
26.989837, 4080, 
26.999938, 4080, 
27.010040, 4080, 
27.020141, 4080, 
27.030242, 4080, 
27.040344, 4080, 
27.050445, 4080, 
27.060546, 4080, 
27.070648, 4080, 
27.080749, 4080, 
27.090850, 4080, 
27.100952, 4080, 
27.111053, 4080, 
27.121154, 4080, 
27.131256, 4080, 
27.141357, 4080, 
27.151458, 4080, 
27.161560, 3952, 
27.171661, 4080, 
27.181762, 4080, 
27.191864, 4080, 
27.201965, 4080, 
27.212066, 4080, 
27.222167, 4080, 
27.232269, 4080, 
27.242370, 4080, 
27.252471, 4080, 
27.262573, 4080, 
27.272674, 4080, 
27.282775, 4080, 
27.292877, 4080, 
27.302978, 4080, 
27.313079, 4080, 
27.323181, 4080, 
27.333282, 4080, 
27.343383, 4080, 
27.353485, 4080, 
27.363586, 4080, 
27.373687, 4080, 
27.383789, 4080, 
27.393890, 4080, 
27.403991, 4080, 
27.414093, 4080, 
27.424194, 4080, 
27.434295, 4080, 
27.444396, 4080, 
27.454498, 4080, 
27.464599, 4080, 
27.474700, 4080, 
27.484802, 4080, 
27.494903, 4080, 
27.505004, 4080, 
27.515106, 4080, 
27.525207, 4080, 
27.535308, 4080, 
27.545410, 4080, 
27.555511, 4080, 
27.565612, 4080, 
27.575714, 4080, 
27.585815, 4080, 
27.595916, 4080, 
27.606018, 4080, 
27.616119, 4080, 
27.626220, 4080, 
27.636322, 4080, 
27.646423, 4080, 
27.656524, 4080, 
27.666625, 4080, 
27.676727, 4080, 
27.686828, 4080, 
27.696929, 4080, 
27.707031, 4080, 
27.717132, 4080, 
27.737335, 4080, 
27.747436, 4080, 
27.757537, 4080, 
27.767639, 4080, 
27.777740, 4080, 
27.787841, 4080, 
27.797943, 4080, 
27.808044, 4080, 
27.818145, 4080, 
27.828247, 4080, 
27.838348, 4080, 
27.848449, 4080, 
27.858551, 4080, 
27.868652, 4080, 
27.878753, 4080, 
27.888854, 4080, 
27.898956, 4080, 
27.909057, 3952, 
27.919158, 4080, 
27.929260, 4080, 
27.939361, 4080, 
27.949462, 4080, 
27.959564, 4080, 
27.969665, 4080, 
27.979766, 4080, 
27.989868, 4080, 
27.999969, 4080, 
28.010070, 4080, 
28.020172, 4080, 
28.030273, 4080, 
28.040374, 4080, 
28.050476, 4080, 
28.060577, 4080, 
28.070678, 4080, 
28.080780, 4080, 
28.090881, 4080, 
28.100982, 4080, 
28.111083, 4080, 
28.121185, 4080, 
28.131286, 4080, 
28.141387, 4080, 
28.151489, 4080, 
28.161590, 4080, 
28.171691, 4080, 
28.181793, 4080, 
28.191894, 4080, 
28.201995, 4080, 
28.212097, 4080, 
28.222198, 4080, 
28.232299, 4080, 
28.242401, 4080, 
28.252502, 4080, 
28.262603, 4080, 
28.272705, 4080, 
28.282806, 4080, 
28.292907, 4080, 
28.303009, 4080, 
28.313110, 4080, 
28.323211, 4080, 
28.333312, 4080, 
28.343414, 4080, 
28.353515, 4080, 
28.363616, 4080, 
28.373718, 4080, 
28.383819, 4080, 
28.393920, 4080, 
28.404022, 4080, 
28.414123, 4080, 
28.424224, 4080, 
28.434326, 4080, 
28.444427, 4080, 
28.454528, 4080, 
28.464630, 4080, 
28.474731, 4080, 
28.484832, 4080, 
28.494934, 4080, 
28.505035, 4080, 
28.515136, 4080, 
28.525238, 4080, 
28.535339, 4080, 
28.545440, 4080, 
28.555541, 4080, 
28.565643, 4080, 
28.575744, 4080, 
28.585845, 4080, 
28.595947, 4080, 
28.606048, 4080, 
28.616149, 4080, 
28.626251, 4080, 
28.636352, 4080, 
28.646453, 4080, 
28.656555, 4080, 
28.666656, 4080, 
28.676757, 4080, 
28.686859, 4080, 
28.696960, 4080, 
28.707061, 4080, 
28.717163, 4080, 
28.727264, 4080, 
28.737365, 4080, 
28.747467, 4080, 
28.757568, 4080, 
28.767669, 4080, 
28.777770, 4080, 
28.787872, 4080, 
28.797973, 4080, 
28.808074, 4080, 
28.818176, 4080, 
28.828277, 4080, 
28.838378, 4080, 
28.848480, 4080, 
28.858581, 4080, 
28.868682, 4080, 
28.878784, 4080, 
28.888885, 4080, 
28.898986, 4080, 
28.909088, 4080, 
28.919189, 4080, 
28.929290, 4080, 
28.939392, 4080, 
28.949493, 4080, 
28.959594, 4080, 
28.969696, 4080, 
28.979797, 4080, 
28.989898, 4080, 
29.000000, 4080, 
29.010101, 4080, 
29.020202, 4080, 
29.030303, 4080, 
29.040405, 4080, 
29.050506, 4080, 
29.060607, 4080, 
29.070709, 4080, 
29.080810, 4080, 
29.090911, 4080, 
29.101013, 4080, 
29.111114, 4080, 
29.121215, 4080, 
29.131317, 4080, 
29.141418, 4080, 
29.151519, 4080, 
29.161621, 4080, 
29.171722, 4080, 
29.181823, 4080, 
29.191925, 4080, 
29.202026, 4080, 
29.212127, 4080, 
29.222229, 4080, 
29.232330, 4080, 
29.242431, 4080, 
29.252532, 4080, 
29.262634, 4080, 
29.272735, 4080, 
29.282836, 4080, 
29.292938, 4080, 
29.303039, 4080, 
29.313140, 4080, 
29.323242, 4080, 
29.333343, 4080, 
29.343444, 4080, 
29.353546, 4080, 
29.363647, 4080, 
29.373748, 4080, 
29.383850, 4080, 
29.393951, 4080, 
29.404052, 4080, 
29.414154, 4080, 
29.424255, 4080, 
29.434356, 4080, 
29.444458, 4080, 
29.454559, 4080, 
29.464660, 4080, 
29.474761, 4080, 
29.484863, 4080, 
29.494964, 4080, 
29.505065, 4080, 
29.515167, 4080, 
29.525268, 4080, 
29.535369, 4080, 
29.545471, 4080, 
29.555572, 4080, 
29.565673, 4080, 
29.575775, 4080, 
29.585876, 4080, 
29.595977, 4080, 
29.606079, 4080, 
29.616180, 4080, 
29.626281, 4080, 
29.636383, 4080, 
29.646484, 4080, 
29.656585, 4080, 
29.666687, 4080, 
29.676788, 4080, 
29.686889, 4080, 
29.696990, 4080, 
29.707092, 4080, 
29.717193, 4080, 
29.727294, 4080, 
29.737396, 4080, 
29.747497, 4080, 
29.757598, 4080, 
29.767700, 4080, 
29.777801, 4080, 
29.787902, 4080, 
29.798004, 4080, 
29.808105, 4080, 
29.818206, 4080, 
29.828308, 4080, 
29.838409, 4080, 
29.848510, 4080, 
29.858612, 4080, 
29.868713, 4080, 
29.878814, 4080, 
29.888916, 4080, 
29.899017, 4080, 
29.909118, 4080, 
29.919219, 4080, 
29.929321, 4080, 
29.939422, 4080, 
29.949523, 4080, 
29.959625, 4080, 
29.969726, 4080, 
29.979827, 4080, 
29.989929, 4080, 
30.000030, 4080, 
30.010131, 4080, 
30.020233, 4080, 
30.030334, 4080, 
30.040435, 4080, 
30.050537, 4080, 
30.060638, 4080, 
30.070739, 4080, 
30.080841, 4080, 
30.090942, 4080, 
30.101043, 4080, 
30.111145, 4080, 
30.121246, 4080, 
30.131347, 4080, 
30.141448, 4080, 
30.151550, 4080, 
30.161651, 4080, 
30.171752, 4080, 
30.181854, 4080, 
30.191955, 4080, 
30.202056, 4080, 
30.212158, 4080, 
30.222259, 4080, 
30.232360, 4080, 
30.242462, 4080, 
30.252563, 4080, 
30.262664, 4080, 
30.272766, 4080, 
30.282867, 4080, 
30.292968, 4080, 
30.303070, 4080, 
30.313171, 4080, 
30.323272, 4080, 
30.333374, 4080, 
30.343475, 4080, 
30.353576, 4080, 
30.363677, 4080, 
30.373779, 4080, 
30.383880, 4080, 
30.393981, 4080, 
30.404083, 4080, 
30.414184, 4080, 
30.424285, 4080, 
30.434387, 4080, 
30.444488, 4080, 
30.454589, 4080, 
30.464691, 4080, 
30.474792, 4080, 
30.484893, 4080, 
30.494995, 4080, 
30.505096, 4080, 
30.515197, 4080, 
30.525299, 4080, 
30.535400, 4080, 
30.545501, 4080, 
30.555603, 4080, 
30.565704, 4080, 
30.575805, 4080, 
30.585906, 4080, 
30.596008, 4080, 
30.606109, 4080, 
30.616210, 4080, 
30.626312, 4080, 
30.636413, 4080, 
30.646514, 4080, 
30.656616, 4080, 
30.666717, 3569, 
30.676818, 4080, 
30.686920, 4080, 
30.697021, 4080, 
30.707122, 4080, 
30.717224, 4080, 
30.727325, 4080, 
30.737426, 4080, 
30.747528, 4080, 
30.757629, 4080, 
30.767730, 4080, 
30.777832, 4080, 
30.787933, 4080, 
30.798034, 4080, 
30.808135, 4080, 
30.818237, 4080, 
30.828338, 4080, 
30.838439, 4080, 
30.848541, 4080, 
30.858642, 4080, 
30.868743, 4080, 
30.878845, 4080, 
30.888946, 4080, 
30.899047, 4080, 
30.909149, 4080, 
30.919250, 4080, 
30.929351, 4080, 
30.939453, 4080, 
30.949554, 4080, 
30.959655, 4080, 
30.969757, 4080, 
30.979858, 4080, 
30.989959, 4080, 
31.000061, 4080, 
31.010162, 4080, 
31.020263, 4080, 
31.030364, 4080, 
31.040466, 4080, 
31.050567, 4080, 
31.060668, 4080, 
31.070770, 4080, 
31.080871, 4080, 
31.090972, 4080, 
31.101074, 4080, 
31.111175, 4080, 
31.121276, 4080, 
31.131378, 4080, 
31.141479, 4080, 
31.151580, 4080, 
31.161682, 4080, 
31.171783, 4080, 
31.181884, 4080, 
31.191986, 4080, 
31.202087, 4080, 
31.212188, 4080, 
31.222290, 4080, 
31.232391, 4080, 
31.242492, 4080, 
31.252593, 4080, 
31.262695, 4080, 
31.272796, 4080, 
31.282897, 4080, 
31.292999, 4080, 
31.303100, 4080, 
31.313201, 4080, 
31.323303, 4080, 
31.333404, 4080, 
31.343505, 4080, 
31.353607, 4080, 
31.363708, 4080, 
31.373809, 4080, 
31.383911, 4080, 
31.394012, 4080, 
31.404113, 4080, 
31.414215, 4080, 
31.424316, 4080, 
31.434417, 4080, 
31.444519, 4080, 
31.454620, 4080, 
31.464721, 4080, 
31.474822, 4080, 
31.484924, 4080, 
31.495025, 4080, 
31.505126, 4080, 
31.515228, 4080, 
31.525329, 4080, 
31.535430, 4080, 
31.545532, 4080, 
31.555633, 4080, 
31.565734, 4080, 
31.575836, 4080, 
31.585937, 4080, 
31.596038, 4080, 
31.606140, 4080, 
31.616241, 4080, 
31.626342, 4080, 
31.636444, 4080, 
31.646545, 4080, 
31.656646, 4080, 
31.666748, 4080, 
31.676849, 4080, 
31.686950, 4080, 
31.697052, 4080, 
31.707153, 4080, 
31.717254, 4080, 
31.727355, 4080, 
31.737457, 4080, 
31.747558, 4080, 
31.757659, 4080, 
31.767761, 4080, 
31.777862, 4080, 
31.787963, 4080, 
31.798065, 4080, 
31.808166, 4080, 
31.818267, 4080, 
31.828369, 4080, 
31.838470, 4080, 
31.848571, 4080, 
31.858673, 4080, 
31.868774, 3888, 
31.878875, 4080, 
31.888977, 4080, 
31.899078, 4080, 
31.909179, 4080, 
31.919281, 4080, 
31.929382, 4080, 
31.939483, 4080, 
31.949584, 4080, 
31.959686, 4080, 
31.969787, 4080, 
31.989990, 4080, 
32.000091, 4080, 
32.010192, 4080, 
32.020294, 4080, 
32.030395, 4080, 
32.040496, 4080, 
32.050598, 4080, 
32.060699, 4080, 
32.070800, 4080, 
32.080902, 4080, 
32.091003, 4080, 
32.101104, 4080, 
32.111206, 4080, 
32.121307, 4080, 
32.131408, 4080, 
32.141510, 4080, 
32.151611, 4080, 
32.161712, 4080, 
32.171813, 4080, 
32.181915, 4080, 
32.192016, 4080, 
32.202117, 4080, 
32.212219, 4080, 
32.222320, 4080, 
32.232421, 4080, 
32.242523, 4080, 
32.252624, 4080, 
32.262725, 4080, 
32.272827, 4080, 
32.282928, 4080, 
32.293029, 4080, 
32.303131, 4080, 
32.313232, 4080, 
32.323333, 4080, 
32.333435, 4080, 
32.343536, 4080, 
32.353637, 4080, 
32.363739, 4080, 
32.373840, 4080, 
32.383941, 4080, 
32.394042, 4080, 
32.404144, 4080, 
32.414245, 4080, 
32.424346, 4080, 
32.434448, 4080, 
32.444549, 4080, 
32.454650, 4080, 
32.464752, 4080, 
32.474853, 4080, 
32.484954, 4080, 
32.495056, 4080, 
32.505157, 4080, 
32.515258, 4080, 
32.525360, 4080, 
32.535461, 4080, 
32.545562, 4080, 
32.555664, 4080, 
32.565765, 4080, 
32.575866, 4080, 
32.585968, 4080, 
32.596069, 4080, 
32.606170, 4080, 
32.616271, 4080, 
32.626373, 4080, 
32.636474, 4080, 
32.646575, 4080, 
32.656677, 4080, 
32.666778, 4080, 
32.676879, 4080, 
32.686981, 4080, 
32.697082, 4080, 
32.707183, 4080, 
32.717285, 4080, 
32.727386, 4080, 
32.737487, 4080, 
32.747589, 4080, 
32.757690, 4080, 
32.767791, 4080, 
32.777893, 4080, 
32.787994, 4080, 
32.798095, 4080, 
32.808197, 4080, 
32.818298, 4080, 
32.828399, 4080, 
32.838500, 4080, 
32.848602, 4080, 
32.858703, 4080, 
32.868804, 4080, 
32.878906, 4080, 
32.889007, 4080, 
32.899108, 4080, 
32.909210, 4080, 
32.919311, 4080, 
32.929412, 4080, 
32.939514, 4080, 
32.949615, 4080, 
32.959716, 4080, 
32.969818, 4080, 
32.979919, 4080, 
32.990020, 4080, 
33.000122, 4080, 
33.010223, 4080, 
33.020324, 4080, 
33.030426, 4080, 
33.040527, 4080, 
33.050628, 4080, 
33.060729, 4080, 
33.070831, 4080, 
33.080932, 4080, 
33.091033, 4080, 
33.101135, 4080, 
33.111236, 4080, 
33.121337, 4080, 
33.131439, 4080, 
33.141540, 4080, 
33.151641, 4080, 
33.161743, 4080, 
33.171844, 4080, 
33.181945, 4080, 
33.192047, 4080, 
33.202148, 4080, 
33.212249, 4080, 
33.222351, 4080, 
33.232452, 3952, 
33.242553, 4080, 
33.252655, 4080, 
33.262756, 4080, 
33.272857, 4080, 
33.282958, 4080, 
33.293060, 4080, 
33.303161, 4080, 
33.313262, 4080, 
33.323364, 4080, 
33.333465, 4080, 
33.343566, 4080, 
33.353668, 4080, 
33.363769, 4080, 
33.373870, 4080, 
33.383972, 4080, 
33.394073, 4080, 
33.404174, 4080, 
33.414276, 4080, 
33.424377, 4080, 
33.434478, 4080, 
33.444580, 4080, 
33.454681, 4080, 
33.464782, 4080, 
33.474884, 4080, 
33.484985, 4080, 
33.495086, 4080, 
33.505187, 4080, 
33.515289, 4080, 
33.525390, 4080, 
33.535491, 4080, 
33.545593, 4080, 
33.555694, 4080, 
33.565795, 4080, 
33.575897, 4080, 
33.585998, 4080, 
33.596099, 4080, 
33.606201, 4080, 
33.616302, 4080, 
33.626403, 4080, 
33.636505, 4080, 
33.646606, 4080, 
33.656707, 4080, 
33.666809, 4080, 
33.676910, 4080, 
33.687011, 4080, 
33.697113, 4080, 
33.707214, 4080, 
33.727416, 4080, 
33.737518, 4080, 
33.747619, 4080, 
33.757720, 4080, 
33.767822, 4080, 
33.777923, 4080, 
33.788024, 4080, 
33.798126, 4080, 
33.808227, 4080, 
33.818328, 4080, 
33.828430, 4080, 
33.838531, 4080, 
33.848632, 4080, 
33.858734, 4080, 
33.868835, 4080, 
33.878936, 4080, 
33.889038, 4080, 
33.899139, 4080, 
33.909240, 4080, 
33.919342, 4080, 
33.929443, 4080, 
33.939544, 4080, 
33.949645, 4080, 
33.959747, 4080, 
33.969848, 4080, 
33.979949, 4080, 
33.990051, 4080, 
34.000152, 4080, 
34.010253, 4080, 
34.020355, 4080, 
34.030456, 4080, 
34.040557, 4080, 
34.050659, 4080, 
34.060760, 4080, 
34.070861, 4080, 
34.080963, 4080, 
34.091064, 4080, 
34.101165, 4080, 
34.111267, 4080, 
34.121368, 4080, 
34.131469, 4080, 
34.141571, 4080, 
34.151672, 4080, 
34.161773, 4080, 
34.171875, 4080, 
34.181976, 4080, 
34.192077, 4080, 
34.202178, 4080, 
34.212280, 4080, 
34.222381, 4080, 
34.232482, 4080, 
34.242584, 4080, 
34.252685, 4080, 
34.262786, 4080, 
34.272888, 4080, 
34.282989, 4080, 
34.293090, 4080, 
34.303192, 4080, 
34.313293, 4080, 
34.323394, 4080, 
34.333496, 4080, 
34.343597, 4080, 
34.353698, 4080, 
34.363800, 4080, 
34.373901, 4080, 
34.384002, 4080, 
34.394104, 4080, 
34.404205, 4080, 
34.414306, 4080, 
34.424407, 4080, 
34.434509, 4080, 
34.444610, 4080, 
34.454711, 4080, 
34.464813, 4080, 
34.474914, 4080, 
34.485015, 4080, 
34.495117, 4080, 
34.505218, 4080, 
34.515319, 4080, 
34.525421, 4080, 
34.535522, 4080, 
34.545623, 4080, 
34.555725, 4080, 
34.565826, 4080, 
34.575927, 4080, 
34.586029, 4080, 
34.596130, 4080, 
34.606231, 4080, 
34.616333, 4080, 
34.626434, 4080, 
34.636535, 4080, 
34.646636, 4080, 
34.656738, 4080, 
34.666839, 4080, 
34.676940, 4080, 
34.687042, 4080, 
34.697143, 4080, 
34.707244, 4080, 
34.717346, 4080, 
34.727447, 4080, 
34.737548, 4080, 
34.747650, 4080, 
34.757751, 4080, 
34.767852, 4080, 
34.777954, 4080, 
34.788055, 4080, 
34.808258, 4080, 
34.818359, 4080, 
34.828460, 4080, 
34.838562, 4080, 
34.848663, 4080, 
34.858764, 4080, 
34.868865, 4080, 
34.878967, 4080, 
34.889068, 4080, 
34.899169, 4080, 
34.909271, 4080, 
34.919372, 4080, 
34.929473, 4080, 
34.939575, 4080, 
34.949676, 4080, 
34.959777, 4080, 
34.969879, 4080, 
34.979980, 4080, 
34.990081, 4080, 
35.000183, 4080, 
35.010284, 4080, 
35.020385, 4080, 
35.030487, 4080, 
35.040588, 4080, 
35.050689, 4080, 
35.060791, 4080, 
35.070892, 4080, 
35.080993, 4080, 
35.091094, 4080, 
35.101196, 4080, 
35.111297, 4080, 
35.121398, 4080, 
35.131500, 4080, 
35.141601, 4080, 
35.151702, 4080, 
35.161804, 4080, 
35.171905, 4080, 
35.182006, 4080, 
35.192108, 4080, 
35.202209, 4080, 
35.212310, 4080, 
35.222412, 4080, 
35.232513, 4080, 
35.242614, 4080, 
35.252716, 4080, 
35.262817, 4080, 
35.272918, 4080, 
35.283020, 4080, 
35.293121, 4080, 
35.303222, 4080, 
35.313323, 4080, 
35.323425, 4080, 
35.333526, 4080, 
35.343627, 4080, 
35.353729, 4080, 
35.363830, 4080, 
35.373931, 4080, 
35.384033, 4080, 
35.394134, 4080, 
35.404235, 4080, 
35.414337, 4080, 
35.424438, 4080, 
35.434539, 4080, 
35.444641, 4080, 
35.454742, 4080, 
35.464843, 4080, 
35.474945, 4080, 
35.485046, 4080, 
35.495147, 4080, 
35.505249, 4080, 
35.515350, 4080, 
35.525451, 4080, 
35.535552, 4080, 
35.545654, 4080, 
35.555755, 4080, 
35.565856, 4080, 
35.575958, 4080, 
35.586059, 4080, 
35.596160, 4080, 
35.606262, 4080, 
35.616363, 4080, 
35.626464, 4080, 
35.636566, 4080, 
35.646667, 4080, 
35.656768, 4080, 
35.666870, 4080, 
35.676971, 4080, 
35.687072, 4080, 
35.697174, 4080, 
35.707275, 4080, 
35.717376, 4080, 
35.727478, 4080, 
35.737579, 4080, 
35.747680, 4080, 
35.757781, 4080, 
35.767883, 4080, 
35.777984, 4080, 
35.788085, 4080, 
35.798187, 4080, 
35.808288, 4080, 
35.818389, 4080, 
35.828491, 4080, 
35.838592, 4080, 
35.848693, 4080, 
35.858795, 4080, 
35.868896, 4080, 
35.878997, 4080, 
35.889099, 4080, 
35.899200, 4080, 
35.909301, 4080, 
35.919403, 4080, 
35.929504, 4080, 
35.939605, 4080, 
35.949707, 4080, 
35.959808, 4080, 
35.969909, 4080, 
35.980010, 4080, 
35.990112, 4080, 
36.000213, 4080, 
36.010314, 4080, 
36.020416, 4080, 
36.030517, 4080, 
36.040618, 4080, 
36.050720, 4080, 
36.060821, 4080, 
36.070922, 4080, 
36.081024, 4080, 
36.091125, 4080, 
36.101226, 4080, 
36.111328, 4080, 
36.121429, 4080, 
36.131530, 4080, 
36.141632, 4080, 
36.151733, 4080, 
36.161834, 4080, 
36.171936, 4080, 
36.182037, 4080, 
36.192138, 4080, 
36.202239, 4080, 
36.212341, 4080, 
36.222442, 4080, 
36.232543, 4080, 
36.242645, 4080, 
36.252746, 4080, 
36.262847, 4080, 
36.272949, 4080, 
36.283050, 4080, 
36.293151, 4080, 
36.303253, 4080, 
36.313354, 4080, 
36.323455, 4080, 
36.333557, 4080, 
36.343658, 4080, 
36.353759, 4080, 
36.363861, 4080, 
36.373962, 4080, 
36.384063, 4080, 
36.394165, 4080, 
36.404266, 4080, 
36.414367, 4080, 
36.424468, 4080, 
36.434570, 4080, 
36.444671, 4080, 
36.454772, 4080, 
36.464874, 4080, 
36.474975, 4080, 
36.485076, 4080, 
36.495178, 4080, 
36.505279, 4080, 
36.515380, 4080, 
36.525482, 4080, 
36.535583, 4080, 
36.545684, 4080, 
36.555786, 4080, 
36.565887, 4080, 
36.575988, 4080, 
36.586090, 4080, 
36.596191, 4080, 
36.606292, 4080, 
36.616394, 4080, 
36.626495, 4080, 
36.636596, 4080, 
36.646697, 4080, 
36.656799, 4080, 
36.666900, 4080, 
36.677001, 4080, 
36.687103, 4080, 
36.697204, 4080, 
36.707305, 4080, 
36.717407, 4080, 
36.727508, 4080, 
36.737609, 4080, 
36.747711, 4080, 
36.757812, 4080, 
36.767913, 3952, 
36.778015, 4080, 
36.788116, 4080, 
36.798217, 4080, 
36.808319, 4080, 
36.818420, 4080, 
36.828521, 4080, 
36.838623, 4080, 
36.848724, 4080, 
36.858825, 4080, 
36.868927, 4080, 
36.879028, 4080, 
36.889129, 4080, 
36.899230, 4080, 
36.909332, 4080, 
36.919433, 4080, 
36.929534, 4080, 
36.939636, 4080, 
36.949737, 4080, 
36.959838, 4080, 
36.969940, 4080, 
36.980041, 4080, 
36.990142, 4080, 
37.000244, 4080, 
37.010345, 4080, 
37.020446, 4080, 
37.030548, 4080, 
37.040649, 4080, 
37.050750, 4080, 
37.060852, 4080, 
37.070953, 4080, 
37.081054, 4080, 
37.091156, 3952, 
37.101257, 4080, 
37.111358, 4080, 
37.121459, 4080, 
37.131561, 4080, 
37.141662, 4080, 
37.151763, 4080, 
37.161865, 4080, 
37.171966, 4080, 
37.182067, 4080, 
37.192169, 4080, 
37.202270, 4080, 
37.212371, 4080, 
37.222473, 4080, 
37.232574, 4080, 
37.242675, 4080, 
37.252777, 4080, 
37.262878, 4080, 
37.272979, 4080, 
37.283081, 4080, 
37.293182, 4080, 
37.303283, 4080, 
37.313385, 3952, 
37.323486, 4080, 
37.333587, 4080, 
37.343688, 4080, 
37.353790, 4080, 
37.363891, 4080, 
37.373992, 4080, 
37.384094, 4080, 
37.394195, 4080, 
37.404296, 4080, 
37.414398, 4080, 
37.424499, 4080, 
37.434600, 4080, 
37.444702, 4080, 
37.454803, 4080, 
37.464904, 4080, 
37.475006, 4080, 
37.485107, 4080, 
37.495208, 4080, 
37.505310, 4080, 
37.515411, 4080, 
37.525512, 4080, 
37.535614, 4080, 
37.545715, 4080, 
37.555816, 4080, 
37.565917, 4080, 
37.576019, 4080, 
37.586120, 4080, 
37.596221, 4080, 
37.606323, 4080, 
37.616424, 4080, 
37.626525, 4080, 
37.636627, 4080, 
37.646728, 4080, 
37.656829, 4080, 
37.666931, 4080, 
37.677032, 4080, 
37.687133, 4080, 
37.697235, 4080, 
37.707336, 4080, 
37.717437, 4080, 
37.727539, 4080, 
37.737640, 4080, 
37.747741, 4080, 
37.757843, 4080, 
37.767944, 4080, 
37.778045, 4080, 
37.788146, 4080, 
37.798248, 4080, 
37.808349, 4080, 
37.818450, 4080, 
37.828552, 4080, 
37.838653, 4080, 
37.848754, 4080, 
37.858856, 4080, 
37.868957, 4080, 
37.879058, 4080, 
37.889160, 4080, 
37.899261, 4080, 
37.909362, 4080, 
37.919464, 4080, 
37.929565, 4080, 
37.939666, 4080, 
37.949768, 4080, 
37.959869, 4080, 
37.969970, 4080, 
37.980072, 4080, 
37.990173, 4080, 
38.000274, 4080, 
38.010375, 4080, 
38.020477, 4080, 
38.030578, 4080, 
38.040679, 4080, 
38.050781, 4080, 
38.060882, 4080, 
38.070983, 4080, 
38.081085, 4080, 
38.091186, 4080, 
38.101287, 4080, 
38.111389, 4080, 
38.121490, 4080, 
38.131591, 4080, 
38.141693, 4080, 
38.151794, 4080, 
38.161895, 4080, 
38.171997, 4080, 
38.192199, 4080, 
38.202301, 4080, 
38.212402, 4080, 
38.222503, 4080, 
38.232604, 4080, 
38.242706, 4080, 
38.252807, 4080, 
38.262908, 4080, 
38.273010, 4080, 
38.283111, 4080, 
38.293212, 4080, 
38.303314, 4080, 
38.313415, 4080, 
38.323516, 4080, 
38.333618, 4080, 
38.343719, 4080, 
38.353820, 4080, 
38.363922, 4080, 
38.374023, 4080, 
38.384124, 4080, 
38.394226, 4080, 
38.404327, 4080, 
38.414428, 4080, 
38.424530, 4080, 
38.434631, 4080, 
38.444732, 4080, 
38.454833, 4080, 
38.464935, 4080, 
38.475036, 4080, 
38.485137, 4080, 
38.495239, 4080, 
38.505340, 4080, 
38.515441, 4080, 
38.525543, 4080, 
38.535644, 4080, 
38.545745, 4080, 
38.555847, 4080, 
38.565948, 4080, 
38.576049, 4080, 
38.586151, 4080, 
38.596252, 4080, 
38.606353, 4080, 
38.616455, 4080, 
38.626556, 4080, 
38.636657, 4080, 
38.646759, 4080, 
38.656860, 4080, 
38.666961, 4080, 
38.677062, 4080, 
38.687164, 4080, 
38.697265, 4080, 
38.707366, 4080, 
38.717468, 4080, 
38.727569, 4080, 
38.737670, 4080, 
38.747772, 4080, 
38.757873, 4080, 
38.767974, 4080, 
38.778076, 4080, 
38.788177, 4080, 
38.798278, 4080, 
38.808380, 4080, 
38.818481, 4080, 
38.828582, 4080, 
38.838684, 4080, 
38.848785, 4080, 
38.858886, 4080, 
38.868988, 4080, 
38.879089, 4080, 
38.889190, 4080, 
38.899291, 4080, 
38.909393, 4080, 
38.919494, 4080, 
38.929595, 4080, 
38.939697, 4080, 
38.949798, 4080, 
38.959899, 4080, 
38.970001, 4080, 
38.980102, 4080, 
38.990203, 4080, 
39.000305, 4080, 
39.010406, 4080, 
39.020507, 4080, 
39.030609, 4080, 
39.040710, 4080, 
39.050811, 4080, 
39.060913, 4080, 
39.071014, 4080, 
39.081115, 4080, 
39.091217, 4080, 
39.101318, 4080, 
39.111419, 4080, 
39.121520, 4080, 
39.131622, 4080, 
39.141723, 4080, 
39.151824, 4080, 
39.161926, 4080, 
39.172027, 4080, 
39.182128, 4080, 
39.192230, 4080, 
39.202331, 4080, 
39.212432, 4080, 
39.222534, 4080, 
39.232635, 4080, 
39.242736, 4080, 
39.252838, 4080, 
39.262939, 4080, 
39.273040, 4080, 
39.283142, 4080, 
39.293243, 4080, 
39.303344, 4080, 
39.313446, 4080, 
39.323547, 4080, 
39.333648, 4080, 
39.343750, 4080, 
39.353851, 4080, 
39.363952, 4080, 
39.374053, 4080, 
39.384155, 4080, 
39.394256, 4080, 
39.404357, 4080, 
39.414459, 4080, 
39.424560, 4080, 
39.434661, 4080, 
39.444763, 4080, 
39.454864, 4080, 
39.464965, 4080, 
39.475067, 4080, 
39.485168, 4080, 
39.495269, 4080, 
39.505371, 4080, 
39.515472, 4080, 
39.525573, 4080, 
39.535675, 4080, 
39.545776, 4080, 
39.555877, 4080, 
39.565979, 4080, 
39.576080, 4080, 
39.586181, 4080, 
39.596282, 4080, 
39.606384, 4080, 
39.616485, 4080, 
39.626586, 4080, 
39.636688, 4080, 
39.646789, 4080, 
39.656890, 4080, 
39.666992, 4080, 
39.677093, 4080, 
39.687194, 4080, 
39.697296, 4080, 
39.707397, 4080, 
39.717498, 4080, 
39.727600, 4080, 
39.737701, 4080, 
39.747802, 4080, 
39.757904, 4080, 
39.768005, 4080, 
39.778106, 4080, 
39.788208, 4080, 
39.798309, 4080, 
39.808410, 4080, 
39.818511, 4080, 
39.828613, 4080, 
39.838714, 4080, 
39.848815, 4080, 
39.858917, 4080, 
39.869018, 4080, 
39.879119, 4080, 
39.889221, 4080, 
39.899322, 4080, 
39.909423, 4080, 
39.919525, 4080, 
39.929626, 4080, 
39.939727, 4080, 
39.949829, 4080, 
39.959930, 4080, 
39.970031, 4080, 
39.980133, 4080, 
39.990234, 4080, 
40.000335, 4080, 
40.010437, 4080, 
40.020538, 4080, 
40.030639, 4080, 
40.040740, 4080, 
40.050842, 4080, 
40.060943, 4080, 
40.071044, 4080, 
40.081146, 4080, 
40.091247, 4080, 
40.101348, 4080, 
40.111450, 4080, 
40.121551, 4080, 
40.131652, 4080, 
40.141754, 4080, 
40.151855, 4080, 
40.161956, 4080, 
40.172058, 4080, 
40.182159, 4080, 
40.192260, 4080, 
40.202362, 4080, 
40.212463, 4080, 
40.222564, 4080, 
40.232666, 4080, 
40.242767, 4080, 
40.252868, 4080, 
40.262969, 4080, 
40.273071, 4080, 
40.283172, 4080, 
40.293273, 4080, 
40.303375, 4080, 
40.313476, 4080, 
40.323577, 4080, 
40.333679, 4080, 
40.343780, 4080, 
40.353881, 3824, 
40.363983, 4080, 
40.374084, 4080, 
40.384185, 4080, 
40.394287, 4080, 
40.404388, 4080, 
40.414489, 4080, 
40.424591, 4080, 
40.434692, 4080, 
40.444793, 4080, 
40.454895, 4080, 
40.464996, 4080, 
40.475097, 4080, 
40.485198, 4080, 
40.495300, 4080, 
40.505401, 4080, 
40.515502, 4080, 
40.525604, 4080, 
40.535705, 4080, 
40.545806, 4080, 
40.555908, 4080, 
40.566009, 4080, 
40.576110, 3825, 
40.586212, 4080, 
40.596313, 4080, 
40.606414, 4080, 
40.616516, 4080, 
40.626617, 4080, 
40.636718, 4080, 
40.646820, 4080, 
40.656921, 4080, 
40.667022, 4080, 
40.677124, 4080, 
40.687225, 4080, 
40.697326, 4080, 
40.707427, 4080, 
40.717529, 4080, 
40.727630, 4080, 
40.737731, 4080, 
40.747833, 4080, 
40.757934, 4080, 
40.768035, 4080, 
40.778137, 4080, 
40.788238, 4080, 
40.798339, 4080, 
40.808441, 4080, 
40.818542, 4080, 
40.828643, 4080, 
40.838745, 4080, 
40.848846, 4080, 
40.858947, 4080, 
40.869049, 4080, 
40.879150, 4080, 
40.889251, 4080, 
40.899353, 4080, 
40.909454, 4080, 
40.919555, 4080, 
40.929656, 4080, 
40.939758, 4080, 
40.949859, 4080, 
40.959960, 4080, 
40.970062, 4080, 
40.980163, 4080, 
40.990264, 4080, 
41.000366, 4080, 
41.010467, 4080, 
41.020568, 4080, 
41.030670, 4080, 
41.040771, 4080, 
41.050872, 4080, 
41.060974, 4080, 
41.071075, 4080, 
41.081176, 4080, 
41.091278, 4080, 
41.101379, 4080, 
41.111480, 4080, 
41.121582, 4080, 
41.131683, 4080, 
41.141784, 4080, 
41.151885, 4080, 
41.161987, 4080, 
41.172088, 4080, 
41.182189, 4080, 
41.192291, 4080, 
41.202392, 4080, 
41.212493, 4080, 
41.222595, 4080, 
41.232696, 4080, 
41.242797, 4080, 
41.252899, 4080, 
41.263000, 4080, 
41.273101, 4080, 
41.283203, 4080, 
41.293304, 4080, 
41.303405, 4080, 
41.313507, 4080, 
41.323608, 4080, 
41.333709, 4080, 
41.343811, 4080, 
41.353912, 4080, 
41.364013, 4080, 
41.374114, 4080, 
41.384216, 4080, 
41.394317, 4080, 
41.404418, 4080, 
41.414520, 4080, 
41.424621, 4080, 
41.434722, 4080, 
41.444824, 4080, 
41.454925, 4080, 
41.465026, 4080, 
41.475128, 4080, 
41.485229, 4080, 
41.495330, 4080, 
41.505432, 4080, 
41.515533, 4080, 
41.525634, 4080, 
41.535736, 4080, 
41.545837, 4080, 
41.555938, 4080, 
41.566040, 4080, 
41.576141, 4080, 
41.586242, 4080, 
41.596343, 4080, 
41.606445, 4080, 
41.616546, 4080, 
41.626647, 4080, 
41.636749, 4080, 
41.646850, 4080, 
41.656951, 4080, 
41.667053, 4080, 
41.677154, 4080, 
41.687255, 4080, 
41.697357, 4080, 
41.707458, 4080, 
41.717559, 4080, 
41.727661, 4080, 
41.737762, 4080, 
41.747863, 4080, 
41.757965, 4080, 
41.768066, 4080, 
41.778167, 4080, 
41.788269, 4080, 
41.798370, 4080, 
41.808471, 4080, 
41.818572, 4080, 
41.828674, 4080, 
41.838775, 4080, 
41.848876, 4080, 
41.858978, 4080, 
41.869079, 4080, 
41.879180, 4080, 
41.889282, 4080, 
41.899383, 4080, 
41.909484, 4080, 
41.919586, 4080, 
41.929687, 4080, 
41.939788, 4080, 
41.949890, 4080, 
41.959991, 4080, 
41.970092, 4080, 
41.980194, 4080, 
41.990295, 4080, 
42.000396, 4080, 
42.010498, 4080, 
42.020599, 4080, 
42.030700, 4080, 
42.040802, 4080, 
42.050903, 4080, 
42.061004, 4080, 
42.071105, 4080, 
42.081207, 4080, 
42.091308, 4080, 
42.101409, 4080, 
42.111511, 4080, 
42.121612, 4080, 
42.131713, 4080, 
42.141815, 4080, 
42.151916, 4080, 
42.162017, 4080, 
42.172119, 4080, 
42.182220, 4080, 
42.192321, 4080, 
42.202423, 4080, 
42.212524, 4080, 
42.222625, 4080, 
42.232727, 4080, 
42.242828, 4080, 
42.252929, 4080, 
42.263031, 4080, 
42.273132, 4080, 
42.283233, 4080, 
42.293334, 4080, 
42.303436, 4080, 
42.313537, 4080, 
42.323638, 4080, 
42.333740, 4080, 
42.343841, 4080, 
42.353942, 4080, 
42.364044, 4080, 
42.374145, 4080, 
42.384246, 4080, 
42.394348, 4080, 
42.404449, 4080, 
42.414550, 4080, 
42.424652, 4080, 
42.434753, 4080, 
42.444854, 4080, 
42.454956, 4080, 
42.465057, 4080, 
42.475158, 4080, 
42.485260, 4080, 
42.495361, 4080, 
42.505462, 4080, 
42.515563, 4080, 
42.525665, 4080, 
42.535766, 4080, 
42.545867, 4080, 
42.555969, 4080, 
42.566070, 4080, 
42.576171, 4080, 
42.586273, 3952, 
42.596374, 4080, 
42.606475, 4080, 
42.616577, 4080, 
42.626678, 4080, 
42.636779, 4080, 
42.646881, 4080, 
42.656982, 4080, 
42.667083, 4080, 
42.677185, 4080, 
42.687286, 4080, 
42.697387, 4080, 
42.707489, 4080, 
42.717590, 4080, 
42.727691, 4080, 
42.737792, 4080, 
42.747894, 3952, 
42.757995, 4080, 
42.768096, 4080, 
42.778198, 4080, 
42.788299, 4080, 
42.798400, 4080, 
42.808502, 4080, 
42.818603, 4080, 
42.828704, 4080, 
42.838806, 4080, 
42.848907, 4080, 
42.859008, 4080, 
42.869110, 4080, 
42.879211, 4080, 
42.889312, 4080, 
42.899414, 4080, 
42.909515, 4080, 
42.919616, 4080, 
42.929718, 4080, 
42.939819, 4080, 
42.949920, 4080, 
42.960021, 4080, 
42.970123, 4080, 
42.980224, 4080, 
42.990325, 4080, 
43.000427, 4080, 
43.010528, 4080, 
43.020629, 4080, 
43.030731, 4080, 
43.040832, 4080, 
43.050933, 4080, 
43.061035, 4080, 
43.071136, 4080, 
43.081237, 4080, 
43.091339, 4080, 
43.101440, 4080, 
43.111541, 4080, 
43.121643, 4080, 
43.131744, 4080, 
43.141845, 4080, 
43.151947, 4080, 
43.162048, 4080, 
43.172149, 4080, 
43.182250, 4080, 
43.192352, 4080, 
43.212554, 4080, 
43.222656, 4080, 
43.232757, 4080, 
43.242858, 4080, 
43.252960, 4080, 
43.263061, 4080, 
43.273162, 4080, 
43.283264, 4080, 
43.293365, 4080, 
43.303466, 4080, 
43.313568, 4080, 
43.323669, 4080, 
43.333770, 4080, 
43.343872, 4080, 
43.353973, 4080, 
43.364074, 4080, 
43.374176, 4080, 
43.384277, 4080, 
43.394378, 4080, 
43.404479, 4080, 
43.414581, 4080, 
43.424682, 4080, 
43.434783, 4080, 
43.444885, 4080, 
43.454986, 4080, 
43.465087, 4080, 
43.475189, 4080, 
43.485290, 4080, 
43.495391, 4080, 
43.505493, 4080, 
43.515594, 4080, 
43.525695, 4080, 
43.535797, 4080, 
43.545898, 4080, 
43.555999, 4080, 
43.566101, 4080, 
43.576202, 4080, 
43.586303, 4080, 
43.596405, 4080, 
43.606506, 4080, 
43.616607, 4080, 
43.626708, 4080, 
43.636810, 4080, 
43.646911, 4080, 
43.657012, 4080, 
43.667114, 4080, 
43.677215, 4080, 
43.687316, 4080, 
43.697418, 4080, 
43.707519, 4080, 
43.717620, 3952, 
43.727722, 4080, 
43.737823, 4080, 
43.747924, 3952, 
43.758026, 4080, 
43.768127, 4080, 
43.778228, 4080, 
43.788330, 4080, 
43.798431, 4080, 
43.808532, 4080, 
43.818634, 4080, 
43.828735, 4080, 
43.838836, 4080, 
43.848937, 4080, 
43.859039, 4080, 
43.869140, 4080, 
43.879241, 4080, 
43.889343, 4080, 
43.899444, 4080, 
43.909545, 4080, 
43.919647, 4080, 
43.929748, 4080, 
43.939849, 4080, 
43.949951, 4080, 
43.960052, 4080, 
43.970153, 4080, 
43.980255, 4080, 
43.990356, 4080, 
44.000457, 4080, 
44.010559, 4080, 
44.020660, 4080, 
44.030761, 4080, 
44.040863, 4080, 
44.050964, 4080, 
44.061065, 4080, 
44.071166, 4080, 
44.081268, 4080, 
44.091369, 4080, 
44.101470, 4080, 
44.111572, 4080, 
44.121673, 4080, 
44.131774, 4080, 
44.141876, 4080, 
44.151977, 4080, 
44.162078, 4080, 
44.172180, 4080, 
44.182281, 4080, 
44.192382, 4080, 
44.202484, 4080, 
44.212585, 4080, 
44.222686, 4080, 
44.232788, 4080, 
44.242889, 4080, 
44.252990, 4080, 
44.263092, 4080, 
44.273193, 4080, 
44.283294, 4080, 
44.293395, 4080, 
44.303497, 4080, 
44.313598, 4080, 
44.323699, 4080, 
44.333801, 4080, 
44.343902, 4080, 
44.354003, 4080, 
44.364105, 4080, 
44.374206, 4080, 
44.384307, 4080, 
44.394409, 4080, 
44.404510, 4080, 
44.414611, 4080, 
44.424713, 4080, 
44.434814, 4080, 
44.444915, 4080, 
44.455017, 4080, 
44.465118, 4080, 
44.475219, 4080, 
44.485321, 4080, 
44.495422, 4080, 
44.505523, 4080, 
44.515625, 4080, 
44.525726, 4080, 
44.535827, 4080, 
44.545928, 4080, 
44.556030, 4080, 
44.566131, 4080, 
44.576232, 4080, 
44.586334, 4080, 
44.596435, 4080, 
44.606536, 4080, 
44.616638, 4080, 
44.626739, 4080, 
44.636840, 4080, 
44.646942, 4080, 
44.657043, 4080, 
44.667144, 4080, 
44.677246, 4080, 
44.687347, 4080, 
44.697448, 4080, 
44.707550, 4080, 
44.717651, 4080, 
44.727752, 4080, 
44.737854, 4080, 
44.747955, 4080, 
44.758056, 4080, 
44.768157, 4080, 
44.778259, 4080, 
44.788360, 4080, 
44.798461, 4080, 
44.808563, 4080, 
44.818664, 4080, 
44.828765, 4080, 
44.848968, 4080, 
44.859069, 4080, 
44.869171, 4080, 
44.879272, 4080, 
44.889373, 4080, 
44.899475, 4080, 
44.909576, 4080, 
44.919677, 4080, 
44.929779, 4080, 
44.939880, 4080, 
44.949981, 4080, 
44.960083, 4080, 
44.970184, 4080, 
44.980285, 4080, 
44.990386, 4080, 
45.000488, 4080, 
45.010589, 4080, 
45.020690, 4080, 
45.030792, 4080, 
45.040893, 4080, 
45.050994, 4080, 
45.061096, 4080, 
45.071197, 4080, 
45.081298, 4080, 
45.091400, 4080, 
45.101501, 4080, 
45.111602, 4080, 
45.121704, 4080, 
45.131805, 4080, 
45.141906, 4080, 
45.152008, 4080, 
45.162109, 4080, 
45.172210, 4080, 
45.182312, 4080, 
45.192413, 4080, 
45.202514, 4080, 
45.212615, 4080, 
45.222717, 4080, 
45.232818, 4080, 
45.242919, 4080, 
45.253021, 4080, 
45.263122, 4080, 
45.273223, 4080, 
45.283325, 4080, 
45.293426, 4080, 
45.303527, 4080, 
45.313629, 4080, 
45.323730, 4080, 
45.333831, 4080, 
45.343933, 4080, 
45.354034, 4080, 
45.364135, 4080, 
45.374237, 4080, 
45.384338, 4080, 
45.394439, 4080, 
45.404541, 4080, 
45.414642, 4080, 
45.424743, 4080, 
45.434844, 4080, 
45.444946, 4080, 
45.455047, 4080, 
45.465148, 4080, 
45.475250, 4080, 
45.485351, 4080, 
45.495452, 4080, 
45.505554, 4080, 
45.515655, 4080, 
45.525756, 4080, 
45.535858, 4080, 
45.545959, 4080, 
45.556060, 4080, 
45.566162, 4080, 
45.576263, 4080, 
45.586364, 4080, 
45.606567, 4080, 
45.616668, 4080, 
45.626770, 4080, 
45.636871, 4080, 
45.646972, 4080, 
45.657073, 4080, 
45.667175, 4080, 
45.677276, 4080, 
45.687377, 4080, 
45.697479, 4080, 
45.707580, 4080, 
45.717681, 4080, 
45.727783, 4080, 
45.737884, 4080, 
45.747985, 4080, 
45.758087, 4080, 
45.768188, 4080, 
45.778289, 4080, 
45.788391, 4080, 
45.798492, 4080, 
45.808593, 4080, 
45.818695, 4080, 
45.828796, 4080, 
45.838897, 4080, 
45.848999, 4080, 
45.859100, 4080, 
45.869201, 4080, 
45.879302, 4080, 
45.889404, 4080, 
45.899505, 4080, 
45.909606, 4080, 
45.919708, 4080, 
45.929809, 4080, 
45.939910, 4080, 
45.950012, 4080, 
45.960113, 4080, 
45.970214, 4080, 
45.980316, 4080, 
45.990417, 4080, 
46.000518, 4080, 
46.010620, 4080, 
46.020721, 4080, 
46.030822, 4080, 
46.040924, 4080, 
46.051025, 4080, 
46.061126, 4080, 
46.071228, 4080, 
46.081329, 4080, 
46.091430, 4080, 
46.101531, 4080, 
46.111633, 4080, 
46.121734, 4080, 
46.131835, 4080, 
46.141937, 4080, 
46.152038, 4080, 
46.162139, 4080, 
46.172241, 4080, 
46.182342, 4080, 
46.192443, 4080, 
46.202545, 4080, 
46.212646, 4080, 
46.222747, 4080, 
46.232849, 4080, 
46.242950, 4080, 
46.253051, 4080, 
46.263153, 4080, 
46.273254, 4080, 
46.283355, 4080, 
46.293457, 4080, 
46.303558, 4080, 
46.313659, 4080, 
46.323760, 4080, 
46.333862, 4080, 
46.343963, 4080, 
46.354064, 4080, 
46.364166, 4080, 
46.374267, 4080, 
46.384368, 4080, 
46.394470, 4080, 
46.404571, 4080, 
46.414672, 4080, 
46.424774, 4080, 
46.434875, 4080, 
46.444976, 4080, 
46.455078, 4080, 
46.465179, 4080, 
46.475280, 4080, 
46.485382, 4080, 
46.495483, 4080, 
46.505584, 4080, 
46.515686, 4080, 
46.525787, 4080, 
46.535888, 4080, 
46.545989, 4080, 
46.556091, 4080, 
46.566192, 4080, 
46.576293, 4080, 
46.586395, 4080, 
46.596496, 4080, 
46.606597, 4080, 
46.616699, 4080, 
46.626800, 4080, 
46.636901, 4080, 
46.647003, 4080, 
46.657104, 4080, 
46.667205, 4080, 
46.677307, 4080, 
46.687408, 4080, 
46.697509, 4080, 
46.707611, 4080, 
46.717712, 4080, 
46.727813, 4080, 
46.737915, 4080, 
46.748016, 4080, 
46.758117, 4080, 
46.768218, 4080, 
46.778320, 4080, 
46.788421, 4080, 
46.798522, 4080, 
46.808624, 4080, 
46.818725, 4080, 
46.828826, 4080, 
46.838928, 4080, 
46.849029, 4080, 
46.859130, 4080, 
46.869232, 4080, 
46.879333, 4080, 
46.889434, 4080, 
46.899536, 4080, 
46.909637, 4080, 
46.919738, 4080, 
46.929840, 4080, 
46.939941, 4080, 
46.950042, 4080, 
46.960144, 4080, 
46.970245, 4080, 
46.980346, 4080, 
46.990447, 4080, 
47.000549, 4080, 
47.010650, 4080, 
47.020751, 4080, 
47.030853, 4080, 
47.040954, 4080, 
47.051055, 4080, 
47.061157, 4080, 
47.071258, 4080, 
47.081359, 4080, 
47.091461, 4080, 
47.101562, 4080, 
47.111663, 4080, 
47.121765, 4080, 
47.131866, 4080, 
47.141967, 4080, 
47.152069, 4080, 
47.162170, 4080, 
47.172271, 4080, 
47.182373, 4080, 
47.192474, 4080, 
47.202575, 4080, 
47.212677, 4080, 
47.222778, 4080, 
47.232879, 4080, 
47.242980, 4080, 
47.253082, 4080, 
47.263183, 4080, 
47.273284, 4080, 
47.283386, 4080, 
47.293487, 4080, 
47.303588, 4080, 
47.313690, 4080, 
47.323791, 4080, 
47.333892, 4080, 
47.343994, 4080, 
47.354095, 4080, 
47.364196, 4080, 
47.374298, 4080, 
47.384399, 4080, 
47.394500, 4080, 
47.404602, 4080, 
47.414703, 4080, 
47.424804, 4080, 
47.434906, 4080, 
47.445007, 4080, 
47.455108, 4080, 
47.465209, 4080, 
47.475311, 4080, 
47.485412, 4080, 
47.495513, 4080, 
47.505615, 4080, 
47.515716, 4080, 
47.525817, 4080, 
47.535919, 4080, 
47.546020, 4080, 
47.556121, 4080, 
47.566223, 4080, 
47.576324, 4080, 
47.586425, 4080, 
47.596527, 4080, 
47.606628, 4080, 
47.616729, 4080, 
47.626831, 4080, 
47.636932, 4080, 
47.647033, 4080, 
47.657135, 4080, 
47.667236, 4080, 
47.677337, 4080, 
47.687438, 4080, 
47.697540, 4080, 
47.707641, 4080, 
47.717742, 4080, 
47.727844, 4080, 
47.737945, 4080, 
47.748046, 4080, 
47.758148, 4080, 
47.768249, 4080, 
47.778350, 4080, 
47.788452, 4080, 
47.798553, 4080, 
47.808654, 4080, 
47.818756, 4080, 
47.828857, 4080, 
47.838958, 4080, 
47.849060, 4080, 
47.859161, 4080, 
47.869262, 4080, 
47.879364, 4080, 
47.889465, 4080, 
47.899566, 4080, 
47.909667, 4080, 
47.919769, 4080, 
47.929870, 4080, 
47.939971, 4080, 
47.950073, 4080, 
47.960174, 4080, 
47.970275, 4080, 
47.980377, 4080, 
47.990478, 4080, 
48.000579, 4080, 
48.010681, 4080, 
48.020782, 4080, 
48.030883, 4080, 
48.040985, 4080, 
48.051086, 4080, 
48.061187, 4080, 
48.071289, 4080, 
48.081390, 4080, 
48.091491, 4080, 
48.101593, 4080, 
48.111694, 4080, 
48.121795, 4080, 
48.131896, 4080, 
48.141998, 4080, 
48.152099, 4080, 
48.162200, 4080, 
48.172302, 4080, 
48.182403, 4080, 
48.192504, 4080, 
48.202606, 4080, 
48.212707, 4080, 
48.222808, 4080, 
48.232910, 4080, 
48.243011, 4080, 
48.253112, 4080, 
48.263214, 4080, 
48.273315, 4080, 
48.283416, 4080, 
48.293518, 4080, 
48.303619, 4080, 
48.313720, 3952, 
48.323822, 4080, 
48.333923, 4080, 
48.344024, 4080, 
48.354125, 4080, 
48.364227, 4080, 
48.374328, 4080, 
48.384429, 4080, 
48.394531, 4080, 
48.404632, 4080, 
48.414733, 4080, 
48.424835, 4080, 
48.434936, 4080, 
48.445037, 4080, 
48.455139, 4080, 
48.465240, 4080, 
48.475341, 4080, 
48.485443, 4080, 
48.495544, 4080, 
48.505645, 4080, 
48.515747, 4080, 
48.525848, 4080, 
48.535949, 4080, 
48.546051, 4080, 
48.556152, 4080, 
48.566253, 4080, 
48.576354, 4080, 
48.586456, 4080, 
48.596557, 4080, 
48.606658, 4080, 
48.616760, 4080, 
48.626861, 4080, 
48.636962, 4080, 
48.647064, 4080, 
48.657165, 4080, 
48.667266, 4080, 
48.677368, 4080, 
48.687469, 4080, 
48.697570, 4080, 
48.707672, 4080, 
48.717773, 4080, 
48.727874, 4080, 
48.737976, 4080, 
48.748077, 4080, 
48.758178, 4080, 
48.768280, 4080, 
48.778381, 4080, 
48.788482, 4080, 
48.798583, 4080, 
48.808685, 4080, 
48.818786, 4080, 
48.828887, 4080, 
48.838989, 4080, 
48.849090, 4080, 
48.859191, 4080, 
48.869293, 4080, 
48.879394, 4080, 
48.889495, 4080, 
48.899597, 4080, 
48.909698, 4080, 
48.919799, 4080, 
48.929901, 4080, 
48.940002, 4080, 
48.950103, 4080, 
48.960205, 4080, 
48.970306, 4080, 
48.980407, 4080, 
48.990509, 4080, 
49.000610, 4080, 
49.010711, 4080, 
49.020812, 4080, 
49.030914, 4080, 
49.041015, 4080, 
49.051116, 4080, 
49.061218, 4080, 
49.071319, 4080, 
49.081420, 4080, 
49.091522, 4080, 
49.101623, 4080, 
49.111724, 4080, 
49.121826, 4080, 
49.131927, 4080, 
49.142028, 4080, 
49.152130, 4080, 
49.162231, 4080, 
49.172332, 4080, 
49.182434, 4080, 
49.192535, 4080, 
49.202636, 4080, 
49.212738, 4080, 
49.222839, 4080, 
49.232940, 4080, 
49.243041, 4080, 
49.253143, 4080, 
49.263244, 4080, 
49.273345, 4080, 
49.283447, 4080, 
49.293548, 3952, 
49.303649, 4080, 
49.313751, 4080, 
49.323852, 4080, 
49.333953, 4080, 
49.344055, 4080, 
49.354156, 4080, 
49.364257, 4080, 
49.374359, 4080, 
49.384460, 4080, 
49.394561, 4080, 
49.404663, 4080, 
49.414764, 4080, 
49.424865, 4080, 
49.434967, 4080, 
49.445068, 4080, 
49.455169, 4080, 
49.465270, 4080, 
49.475372, 4080, 
49.485473, 4080, 
49.495574, 4080, 
49.505676, 4080, 
49.515777, 4080, 
49.525878, 4080, 
49.535980, 4080, 
49.546081, 4080, 
49.556182, 4080, 
49.566284, 4080, 
49.576385, 4080, 
49.586486, 4080, 
49.596588, 4080, 
49.606689, 4080, 
49.616790, 4080, 
49.626892, 4080, 
49.636993, 4080, 
49.647094, 4080, 
49.657196, 4080, 
49.667297, 4080, 
49.677398, 4080, 
49.687500, 4080, 
49.697601, 4080, 
49.707702, 4080, 
49.717803, 4080, 
49.727905, 4080, 
49.738006, 4080, 
49.748107, 4080, 
49.758209, 4080, 
49.768310, 4080, 
49.778411, 4080, 
49.788513, 4080, 
49.798614, 4080, 
49.808715, 4080, 
49.818817, 4080, 
49.828918, 4080, 
49.839019, 4080, 
49.849121, 4080, 
49.859222, 4080, 
49.869323, 4080, 
49.879425, 4080, 
49.889526, 4080, 
49.899627, 4080, 
49.909729, 4080, 
49.919830, 4080, 
49.929931, 4080, 
49.940032, 4080, 
49.950134, 4080, 
49.960235, 4080, 
49.970336, 4080, 
49.980438, 4080, 
49.990539, 4080, 
50.000640, 4080, 
50.010742, 4080, 
50.020843, 4080, 
50.030944, 4080, 
50.041046, 4080, 
50.051147, 4080, 
50.061248, 4080, 
50.071350, 4080, 
50.081451, 4080, 
50.091552, 4080, 
50.101654, 4080, 
50.111755, 4080, 
50.121856, 4080, 
50.131958, 4080, 
50.142059, 4080, 
50.152160, 4080, 
50.162261, 4080, 
50.172363, 4080, 
50.182464, 4080, 
50.192565, 4080, 
50.202667, 4080, 
50.212768, 4080, 
50.222869, 4080, 
50.232971, 4080, 
50.243072, 4080, 
50.253173, 4080, 
50.263275, 4080, 
50.273376, 3952, 
50.283477, 4080, 
50.293579, 4080, 
50.303680, 4080, 
50.313781, 4080, 
50.323883, 4080, 
50.333984, 4080, 
50.344085, 4080, 
50.354187, 4080, 
50.364288, 4080, 
50.374389, 4080, 
50.384490, 4080, 
50.394592, 4080, 
50.404693, 4080, 
50.414794, 4080, 
50.424896, 4080, 
50.434997, 4080, 
50.445098, 4080, 
50.455200, 4080, 
50.465301, 4080, 
50.475402, 4080, 
50.485504, 4080, 
50.495605, 4080, 
50.505706, 4080, 
50.515808, 4080, 
50.525909, 4080, 
50.536010, 4080, 
50.546112, 4080, 
50.556213, 4080, 
50.566314, 4080, 
50.576416, 4080, 
50.586517, 4080, 
50.596618, 4080, 
50.606719, 4080, 
50.616821, 4080, 
50.626922, 4080, 
50.637023, 4080, 
50.647125, 4080, 
50.657226, 4080, 
50.667327, 4080, 
50.677429, 4080, 
50.687530, 4080, 
50.697631, 4080, 
50.707733, 4080, 
50.717834, 3952, 
50.727935, 4080, 
50.738037, 4080, 
50.748138, 4080, 
50.758239, 4080, 
50.768341, 4080, 
50.778442, 4080, 
50.788543, 4080, 
50.798645, 4080, 
50.808746, 4080, 
50.818847, 4080, 
50.828948, 4080, 
50.839050, 4080, 
50.849151, 4080, 
50.859252, 3952, 
50.869354, 4080, 
50.879455, 4080, 
50.889556, 4080, 
50.899658, 4080, 
50.909759, 4080, 
50.919860, 4080, 
50.929962, 4080, 
50.940063, 4080, 
50.950164, 4080, 
50.960266, 4080, 
50.970367, 4080, 
50.980468, 4080, 
50.990570, 4080, 
51.000671, 4080, 
51.010772, 4080, 
51.020874, 4080, 
51.030975, 4080, 
51.041076, 4080, 
51.051177, 4080, 
51.061279, 4080, 
51.071380, 4080, 
51.081481, 3952, 
51.091583, 4080, 
51.101684, 4080, 
51.111785, 4080, 
51.121887, 4080, 
51.131988, 4080, 
51.142089, 4080, 
51.152191, 4080, 
51.162292, 4080, 
51.172393, 4080, 
51.182495, 4080, 
51.192596, 4080, 
51.202697, 4080, 
51.212799, 4080, 
51.222900, 4080, 
51.233001, 4080, 
51.243103, 4080, 
51.253204, 4080, 
51.263305, 4080, 
51.273406, 4080, 
51.283508, 4080, 
51.293609, 4080, 
51.303710, 4080, 
51.313812, 4080, 
51.323913, 4080, 
51.334014, 4080, 
51.344116, 4080, 
51.354217, 4080, 
51.364318, 4080, 
51.374420, 4080, 
51.384521, 4080, 
51.394622, 4080, 
51.404724, 4080, 
51.414825, 4080, 
51.424926, 4080, 
51.435028, 4080, 
51.445129, 4080, 
51.455230, 4080, 
51.465332, 4080, 
51.475433, 4080, 
51.485534, 4080, 
51.495635, 4080, 
51.505737, 4080, 
51.515838, 4080, 
51.525939, 4080, 
51.536041, 4080, 
51.546142, 4080, 
51.556243, 4080, 
51.566345, 4080, 
51.576446, 4080, 
51.586547, 4080, 
51.596649, 4080, 
51.606750, 4080, 
51.616851, 4080, 
51.626953, 4080, 
51.637054, 4080, 
51.647155, 4080, 
51.657257, 4080, 
51.667358, 4080, 
51.677459, 4080, 
51.687561, 4080, 
51.697662, 4080, 
51.707763, 4080, 
51.717864, 4080, 
51.727966, 4080, 
51.738067, 4080, 
51.748168, 4080, 
51.758270, 4080, 
51.768371, 4080, 
51.778472, 4080, 
51.788574, 4080, 
51.798675, 4080, 
51.808776, 4080, 
51.818878, 4080, 
51.828979, 4080, 
51.839080, 4080, 
51.849182, 4080, 
51.859283, 4080, 
51.869384, 4080, 
51.879486, 4080, 
51.889587, 4080, 
51.899688, 4080, 
51.909790, 4080, 
51.919891, 4080, 
51.929992, 4080, 
51.940093, 4080, 
51.950195, 4080, 
51.960296, 4080, 
51.970397, 4080, 
51.980499, 4080, 
51.990600, 4080, 
52.000701, 4080, 
52.010803, 4080, 
52.020904, 4080, 
52.031005, 4080, 
52.041107, 4080, 
52.051208, 4080, 
52.061309, 4080, 
52.071411, 4080, 
52.081512, 4080, 
52.091613, 4080, 
52.101715, 4080, 
52.111816, 4080, 
52.121917, 4080, 
52.132019, 4080, 
52.142120, 4080, 
52.152221, 4080, 
52.162322, 4080, 
52.172424, 4080, 
52.182525, 4080, 
52.192626, 4080, 
52.202728, 4080, 
52.212829, 4080, 
52.222930, 4080, 
52.233032, 4080, 
52.243133, 4080, 
52.253234, 4080, 
52.263336, 4080, 
52.273437, 4080, 
52.283538, 4080, 
52.293640, 4080, 
52.303741, 4080, 
52.313842, 4080, 
52.323944, 4080, 
52.334045, 3952, 
52.344146, 3952, 
52.354248, 4080, 
52.364349, 4080, 
52.374450, 4080, 
52.384552, 4080, 
52.394653, 3952, 
52.404754, 4080, 
52.414855, 4080, 
52.424957, 3952, 
52.435058, 4080, 
52.445159, 4080, 
52.455261, 4080, 
52.465362, 4080, 
52.475463, 4080, 
52.485565, 4080, 
52.495666, 3952, 
52.505767, 4080, 
52.515869, 4080, 
52.525970, 4080, 
52.536071, 4080, 
52.546173, 4080, 
52.556274, 4080, 
52.566375, 4080, 
52.576477, 4080, 
52.586578, 4080, 
52.596679, 4080, 
52.606781, 4080, 
52.616882, 4080, 
52.626983, 4080, 
52.637084, 4080, 
52.647186, 4080, 
52.657287, 4080, 
52.667388, 4080, 
52.677490, 4080, 
52.687591, 4080, 
52.697692, 4080, 
52.707794, 4080, 
52.717895, 4080, 
52.727996, 4080, 
52.738098, 4080, 
52.748199, 4080, 
52.758300, 4080, 
52.768402, 4080, 
52.778503, 4080, 
52.788604, 4080, 
52.798706, 4080, 
52.808807, 4080, 
52.818908, 4080, 
52.829010, 4080, 
52.839111, 4080, 
52.849212, 4080, 
52.859313, 4080, 
52.869415, 4080, 
52.879516, 4080, 
52.889617, 4080, 
52.899719, 3952, 
52.909820, 3952, 
52.919921, 4080, 
52.930023, 4080, 
52.940124, 4080, 
52.950225, 4080, 
52.960327, 4080, 
52.970428, 4080, 
52.980529, 4336, 
52.990631, 4080, 
53.000732, 4080, 
53.010833, 4080, 
53.020935, 4080, 
53.031036, 4080, 
53.041137, 4080, 
53.051239, 4080, 
53.061340, 4080, 
53.071441, 3952, 
53.081542, 4080, 
53.091644, 4080, 
53.101745, 4080, 
53.111846, 4080, 
53.121948, 4080, 
53.132049, 4080, 
53.142150, 4080, 
53.152252, 4080, 
53.162353, 4080, 
53.172454, 4080, 
53.182556, 4080, 
53.192657, 4080, 
53.202758, 4080, 
53.212860, 4080, 
53.222961, 4080, 
53.233062, 4080, 
53.243164, 4080, 
53.253265, 4080, 
53.263366, 4080, 
53.273468, 4080, 
53.283569, 4080, 
53.293670, 4080, 
53.303771, 4080, 
53.313873, 4080, 
53.323974, 4080, 
53.334075, 4080, 
53.344177, 4080, 
53.354278, 4080, 
53.364379, 4080, 
53.374481, 4080, 
53.384582, 4080, 
53.394683, 4080, 
53.404785, 4080, 
53.414886, 4080, 
53.424987, 4080, 
53.435089, 4080, 
53.445190, 4080, 
53.455291, 4080, 
53.465393, 4080, 
53.475494, 4080, 
53.485595, 4080, 
53.495697, 4080, 
53.505798, 4080, 
53.515899, 4080, 
53.526000, 4080, 
53.536102, 4080, 
53.546203, 4080, 
53.556304, 4080, 
53.566406, 4080, 
53.576507, 4080, 
53.586608, 4080, 
53.596710, 4080, 
53.606811, 4080, 
53.616912, 4080, 
53.627014, 4080, 
53.637115, 4080, 
53.647216, 4080, 
53.657318, 4080, 
53.667419, 4080, 
53.677520, 4080, 
53.687622, 4080, 
53.697723, 4080, 
53.707824, 4080, 
53.717926, 4080, 
53.728027, 4080, 
53.738128, 4080, 
53.748229, 4080, 
53.758331, 4080, 
53.768432, 4080, 
53.778533, 4080, 
53.788635, 4080, 
53.798736, 4080, 
53.808837, 4080, 
53.818939, 4080, 
53.829040, 4080, 
53.839141, 4080, 
53.849243, 4080, 
53.859344, 4080, 
53.869445, 4080, 
53.879547, 4080, 
53.889648, 4080, 
53.899749, 4080, 
53.909851, 4080, 
53.919952, 4080, 
53.930053, 4080, 
53.940155, 4080, 
53.950256, 4080, 
53.960357, 4080, 
53.970458, 4080, 
53.980560, 4080, 
53.990661, 4080, 
54.000762, 4080, 
54.010864, 4080, 
54.020965, 4080, 
54.031066, 4080, 
54.041168, 4080, 
54.051269, 4080, 
54.061370, 4080, 
54.071472, 4080, 
54.081573, 4080, 
54.091674, 4080, 
54.101776, 4080, 
54.111877, 4080, 
54.121978, 4080, 
54.132080, 4080, 
54.142181, 4080, 
54.152282, 4080, 
54.162384, 4080, 
54.182586, 4080, 
54.192687, 4080, 
54.202789, 4080, 
54.212890, 4080, 
54.222991, 4080, 
54.233093, 4080, 
54.243194, 4080, 
54.253295, 3952, 
54.263397, 4080, 
54.273498, 4080, 
54.283599, 4080, 
54.293701, 3952, 
54.303802, 4080, 
54.313903, 4080, 
54.324005, 4080, 
54.334106, 4080, 
54.344207, 4080, 
54.354309, 4080, 
54.364410, 4080, 
54.374511, 4080, 
54.384613, 4080, 
54.394714, 4080, 
54.404815, 4080, 
54.414916, 4080, 
54.425018, 4080, 
54.435119, 4080, 
54.445220, 4080, 
54.455322, 4080, 
54.465423, 4080, 
54.475524, 4080, 
54.485626, 4080, 
54.495727, 4080, 
54.505828, 4080, 
54.515930, 4080, 
54.526031, 4080, 
54.536132, 4080, 
54.546234, 4080, 
54.556335, 4080, 
54.566436, 4080, 
54.576538, 4080, 
54.586639, 4080, 
54.596740, 4080, 
54.606842, 4080, 
54.616943, 4080, 
54.627044, 4080, 
54.637145, 4080, 
54.647247, 4080, 
54.657348, 4080, 
54.667449, 4080, 
54.677551, 4080, 
54.687652, 4080, 
54.697753, 4080, 
54.707855, 4080, 
54.717956, 4080, 
54.728057, 4080, 
54.738159, 4080, 
54.748260, 4080, 
54.758361, 4080, 
54.768463, 4080, 
54.778564, 4080, 
54.788665, 4080, 
54.798767, 4080, 
54.808868, 4080, 
54.818969, 3952, 
54.829071, 3952, 
54.839172, 4080, 
54.849273, 4080, 
54.859375, 4080, 
54.869476, 4080, 
54.879577, 4080, 
54.889678, 4080, 
54.899780, 4080, 
54.909881, 4080, 
54.919982, 3952, 
54.930084, 4080, 
54.940185, 4080, 
54.950286, 4080, 
54.960388, 4080, 
54.970489, 4080, 
54.980590, 4080, 
54.990692, 4080, 
55.000793, 4080, 
55.010894, 4080, 
55.020996, 4080, 
55.031097, 4080, 
55.041198, 4080, 
55.051300, 4080, 
55.061401, 4080, 
55.071502, 4080, 
55.081604, 4080, 
55.091705, 4080, 
55.101806, 4080, 
55.111907, 4080, 
55.122009, 4080, 
55.132110, 4080, 
55.142211, 4080, 
55.152313, 4080, 
55.162414, 4080, 
55.172515, 4080, 
55.182617, 4080, 
55.192718, 4080, 
55.202819, 4080, 
55.212921, 4080, 
55.223022, 4080, 
55.233123, 4080, 
55.243225, 4080, 
55.253326, 4080, 
55.263427, 4080, 
55.273529, 4080, 
55.283630, 4080, 
55.293731, 4080, 
55.303833, 4080, 
55.313934, 4080, 
55.324035, 4080, 
55.334136, 4080, 
55.344238, 4080, 
55.354339, 4080, 
55.364440, 4080, 
55.374542, 4080, 
55.384643, 4080, 
55.394744, 4080, 
55.404846, 4080, 
55.414947, 4080, 
55.425048, 4080, 
55.435150, 4080, 
55.445251, 4080, 
55.455352, 4080, 
55.465454, 4080, 
55.475555, 4080, 
55.485656, 4080, 
55.495758, 4080, 
55.505859, 4080, 
55.515960, 4080, 
55.526062, 4080, 
55.536163, 4080, 
55.546264, 4080, 
55.556365, 4080, 
55.566467, 3952, 
55.576568, 4080, 
55.586669, 4080, 
55.596771, 4080, 
55.606872, 4080, 
55.616973, 4080, 
55.627075, 4080, 
55.637176, 4080, 
55.647277, 4080, 
55.657379, 4080, 
55.667480, 4080, 
55.677581, 4080, 
55.687683, 4080, 
55.697784, 4080, 
55.707885, 4080, 
55.717987, 3952, 
55.728088, 4080, 
55.738189, 4080, 
55.748291, 4080, 
55.758392, 4080, 
55.768493, 4080, 
55.778594, 4080, 
55.788696, 4080, 
55.798797, 4080, 
55.808898, 4080, 
55.819000, 4080, 
55.829101, 4080, 
55.839202, 4080, 
55.849304, 4080, 
55.859405, 4080, 
55.869506, 4080, 
55.879608, 4080, 
55.889709, 3568, 
55.899810, 4080, 
55.909912, 4080, 
55.920013, 4080, 
55.930114, 4080, 
55.940216, 4080, 
55.950317, 4080, 
55.960418, 4080, 
55.970520, 4080, 
55.980621, 4080, 
55.990722, 4080, 
56.000823, 4080, 
56.010925, 4080, 
56.021026, 4080, 
56.031127, 4080, 
56.041229, 4080, 
56.051330, 4080, 
56.061431, 4080, 
56.071533, 4080, 
56.081634, 4080, 
56.091735, 4080, 
56.101837, 4080, 
56.111938, 4080, 
56.122039, 4080, 
56.132141, 4080, 
56.142242, 4080, 
56.152343, 4080, 
56.162445, 4080, 
56.172546, 4080, 
56.182647, 4080, 
56.192749, 4080, 
56.202850, 4080, 
56.212951, 4080, 
56.223052, 4080, 
56.233154, 4080, 
56.243255, 4080, 
56.253356, 4080, 
56.263458, 4080, 
56.273559, 4080, 
56.283660, 4080, 
56.293762, 4080, 
56.303863, 4080, 
56.313964, 4080, 
56.324066, 4080, 
56.334167, 4080, 
56.344268, 4080, 
56.354370, 4080, 
56.364471, 4080, 
56.374572, 4080, 
56.384674, 4080, 
56.394775, 4080, 
56.404876, 4080, 
56.414978, 4080, 
56.425079, 4080, 
56.435180, 4080, 
56.445281, 4080, 
56.455383, 4080, 
56.465484, 4080, 
56.475585, 4080, 
56.485687, 4080, 
56.495788, 4080, 
56.505889, 4080, 
56.515991, 4080, 
56.526092, 4080, 
56.536193, 4080, 
56.546295, 4080, 
56.556396, 4080, 
56.566497, 4080, 
56.576599, 4080, 
56.586700, 4080, 
56.596801, 4080, 
56.606903, 4080, 
56.617004, 4080, 
56.627105, 4080, 
56.637207, 4080, 
56.647308, 4080, 
56.657409, 4080, 
56.667510, 4080, 
56.677612, 4080, 
56.687713, 4080, 
56.697814, 4080, 
56.707916, 3952, 
56.718017, 4080, 
56.728118, 4080, 
56.738220, 4080, 
56.748321, 4080, 
56.758422, 4080, 
56.768524, 4080, 
56.778625, 4080, 
56.788726, 4080, 
56.798828, 4080, 
56.808929, 4080, 
56.819030, 4080, 
56.829132, 4080, 
56.839233, 4080, 
56.849334, 4080, 
56.859436, 4080, 
56.869537, 4080, 
56.879638, 4080, 
56.889739, 4080, 
56.899841, 4080, 
56.909942, 4080, 
56.920043, 4080, 
56.930145, 4080, 
56.940246, 4080, 
56.950347, 4080, 
56.960449, 4080, 
56.970550, 4080, 
56.980651, 4080, 
56.990753, 4080, 
57.000854, 4080, 
57.010955, 4080, 
57.021057, 4080, 
57.031158, 4080, 
57.041259, 4080, 
57.051361, 4080, 
57.061462, 4080, 
57.071563, 4080, 
57.081665, 4080, 
57.091766, 4080, 
57.101867, 4080, 
57.111968, 4080, 
57.122070, 4080, 
57.132171, 4080, 
57.142272, 4080, 
57.152374, 4080, 
57.162475, 4080, 
57.172576, 4080, 
57.182678, 4080, 
57.192779, 4080, 
57.202880, 4080, 
57.212982, 4080, 
57.223083, 4080, 
57.233184, 4080, 
57.243286, 4080, 
57.253387, 4080, 
57.263488, 4080, 
57.273590, 4080, 
57.283691, 4080, 
57.293792, 4080, 
57.303894, 4080, 
57.313995, 4080, 
57.324096, 4080, 
57.334197, 4080, 
57.344299, 4080, 
57.354400, 4080, 
57.364501, 4080, 
57.374603, 4080, 
57.384704, 4080, 
57.394805, 4080, 
57.404907, 4080, 
57.415008, 4080, 
57.425109, 4080, 
57.435211, 4080, 
57.445312, 4080, 
57.455413, 4080, 
57.465515, 4080, 
57.475616, 4080, 
57.485717, 4080, 
57.495819, 4080, 
57.505920, 4080, 
57.516021, 4080, 
57.526123, 4080, 
57.536224, 4080, 
57.546325, 4080, 
57.556427, 4080, 
57.566528, 4080, 
57.576629, 4080, 
57.586730, 4080, 
57.596832, 4080, 
57.606933, 4080, 
57.617034, 4080, 
57.627136, 4080, 
57.637237, 4080, 
57.647338, 4080, 
57.657440, 4080, 
57.667541, 4080, 
57.677642, 4080, 
57.687744, 4080, 
57.697845, 4080, 
57.707946, 4080, 
57.718048, 4080, 
57.728149, 4080, 
57.738250, 4080, 
57.748352, 4080, 
57.758453, 4080, 
57.768554, 4080, 
57.778656, 4080, 
57.788757, 4080, 
57.798858, 4080, 
57.808959, 4080, 
57.819061, 4080, 
57.829162, 4080, 
57.839263, 4080, 
57.849365, 4080, 
57.859466, 4080, 
57.869567, 4080, 
57.879669, 4080, 
57.889770, 4080, 
57.899871, 4080, 
57.909973, 4080, 
57.920074, 4080, 
57.930175, 4080, 
57.940277, 4080, 
57.950378, 4080, 
57.960479, 4080, 
57.970581, 4080, 
57.980682, 4080, 
57.990783, 4080, 
58.000885, 4080, 
58.010986, 4080, 
58.021087, 4080, 
58.031188, 4080, 
58.041290, 4080, 
58.051391, 4080, 
58.061492, 4080, 
58.071594, 4080, 
58.081695, 4080, 
58.091796, 4080, 
58.101898, 4080, 
58.111999, 4080, 
58.122100, 4080, 
58.132202, 4080, 
58.142303, 4080, 
58.152404, 4080, 
58.162506, 4080, 
58.172607, 4080, 
58.182708, 4080, 
58.192810, 4080, 
58.202911, 4080, 
58.213012, 4080, 
58.223114, 4080, 
58.233215, 4080, 
58.243316, 4080, 
58.253417, 4080, 
58.263519, 4080, 
58.273620, 4080, 
58.283721, 4080, 
58.293823, 4080, 
58.303924, 4080, 
58.314025, 4080, 
58.324127, 4080, 
58.334228, 4080, 
58.344329, 4080, 
58.354431, 4080, 
58.364532, 4080, 
58.374633, 4080, 
58.384735, 4080, 
58.394836, 4080, 
58.404937, 4080, 
58.415039, 4080, 
58.425140, 4080, 
58.435241, 4080, 
58.445343, 4080, 
58.455444, 4080, 
58.465545, 4080, 
58.475646, 4080, 
58.485748, 4080, 
58.495849, 4080, 
58.505950, 4080, 
58.516052, 4080, 
58.526153, 4080, 
58.536254, 4080, 
58.546356, 4080, 
58.556457, 4080, 
58.566558, 4080, 
58.576660, 4080, 
58.586761, 4080, 
58.596862, 4080, 
58.606964, 4080, 
58.617065, 4080, 
58.627166, 4080, 
58.637268, 4080, 
58.647369, 4080, 
58.657470, 4080, 
58.667572, 4080, 
58.677673, 4080, 
58.687774, 4080, 
58.697875, 4080, 
58.707977, 4080, 
58.718078, 4080, 
58.728179, 4080, 
58.738281, 4080, 
58.748382, 4080, 
58.758483, 4080, 
58.768585, 4080, 
58.778686, 4080, 
58.788787, 4080, 
58.798889, 4080, 
58.808990, 4080, 
58.819091, 4080, 
58.829193, 3824, 
58.839294, 4080, 
58.849395, 4080, 
58.859497, 4080, 
58.869598, 4080, 
58.879699, 4080, 
58.889801, 4080, 
58.899902, 4080, 
58.910003, 4080, 
58.920104, 4080, 
58.930206, 4080, 
58.940307, 4080, 
58.950408, 4080, 
58.960510, 4080, 
58.970611, 4080, 
58.980712, 4080, 
58.990814, 4080, 
59.000915, 4080, 
59.011016, 4080, 
59.021118, 4080, 
59.031219, 4080, 
59.041320, 4080, 
59.051422, 4080, 
59.061523, 4080, 
59.071624, 4080, 
59.081726, 4080, 
59.091827, 4080, 
59.101928, 4080, 
59.112030, 4080, 
59.122131, 4080, 
59.132232, 4080, 
59.142333, 4080, 
59.152435, 4080, 
59.162536, 4080, 
59.172637, 4080, 
59.182739, 4080, 
59.192840, 4080, 
59.202941, 4080, 
59.213043, 4080, 
59.223144, 4080, 
59.233245, 4080, 
59.243347, 4080, 
59.253448, 4080, 
59.263549, 4080, 
59.273651, 3952, 
59.283752, 4080, 
59.293853, 4080, 
59.303955, 4080, 
59.314056, 4080, 
59.324157, 4080, 
59.334259, 4080, 
59.344360, 4080, 
59.354461, 4080, 
59.364562, 4080, 
59.374664, 4080, 
59.384765, 4080, 
59.394866, 4080, 
59.404968, 4080, 
59.415069, 4080, 
59.425170, 4080, 
59.435272, 4080, 
59.445373, 4080, 
59.455474, 4080, 
59.465576, 4080, 
59.475677, 4080, 
59.485778, 4080, 
59.495880, 4080, 
59.505981, 4080, 
59.516082, 4080, 
59.526184, 4080, 
59.536285, 4080, 
59.546386, 4080, 
59.556488, 4080, 
59.566589, 4080, 
59.576690, 4080, 
59.586791, 4080, 
59.596893, 4080, 
59.606994, 4080, 
59.617095, 4080, 
59.627197, 4080, 
59.637298, 4080, 
59.647399, 4080, 
59.657501, 4080, 
59.667602, 4080, 
59.677703, 4080, 
59.687805, 4080, 
59.697906, 4080, 
59.708007, 4080, 
59.718109, 4080, 
59.728210, 4080, 
59.738311, 4080, 
59.748413, 4080, 
59.758514, 4080, 
59.768615, 4080, 
59.778717, 4080, 
59.788818, 4080, 
59.798919, 4080, 
59.809020, 4080, 
59.819122, 4080, 
59.829223, 4080, 
59.839324, 4080, 
59.849426, 4080, 
59.859527, 4080, 
59.869628, 4080, 
59.879730, 4080, 
59.889831, 4080, 
59.899932, 4080, 
59.910034, 4080, 
59.920135, 4080, 
59.930236, 4080, 
59.940338, 4080, 
59.950439, 4080, 
59.960540, 4080, 
59.970642, 4080, 
59.980743, 4080, 
59.990844, 4080, 
60.000946, 4080, 
60.011047, 4080, 
60.021148, 4080, 
60.031250, 4080, 
60.041351, 4080, 
60.051452, 4080, 
60.061553, 4080, 
60.071655, 4080, 
60.081756, 4080, 
60.091857, 4080, 
60.101959, 4080, 
60.112060, 4080, 
60.122161, 4080, 
60.132263, 4080, 
60.142364, 4080, 
60.152465, 4080, 
60.162567, 4080, 
60.172668, 4080, 
60.182769, 4080, 
60.192871, 4080, 
60.202972, 4080, 
60.213073, 4080, 
60.223175, 4080, 
60.233276, 4080, 
60.243377, 4080, 
60.253479, 4080, 
60.263580, 4080, 
60.273681, 4080, 
60.283782, 4080, 
60.293884, 4080, 
60.303985, 4080, 
60.314086, 4080, 
60.324188, 4080, 
60.334289, 4080, 
60.344390, 4080, 
60.354492, 4080, 
60.364593, 4080, 
60.374694, 4080, 
60.384796, 4080, 
60.394897, 4080, 
60.404998, 4080, 
60.415100, 4080, 
60.425201, 4080, 
60.435302, 4080, 
60.445404, 4080, 
60.455505, 4080, 
60.465606, 4080, 
60.475708, 4080, 
60.485809, 4080, 
60.495910, 4080, 
60.506011, 4080, 
60.516113, 4080, 
60.526214, 4080, 
60.536315, 4080, 
60.546417, 4080, 
60.556518, 4080, 
60.566619, 4080, 
60.576721, 4080, 
60.586822, 4080, 
60.596923, 4080, 
60.607025, 4080, 
60.617126, 4080, 
60.627227, 4080, 
60.637329, 4080, 
60.647430, 4080, 
60.657531, 4080, 
60.667633, 4080, 
60.677734, 4080, 
60.687835, 4080, 
60.697937, 4080, 
60.708038, 4080, 
60.718139, 4080, 
60.728240, 4080, 
60.738342, 4080, 
60.748443, 4080, 
60.758544, 4080, 
60.768646, 4080, 
60.778747, 4080, 
60.788848, 4080, 
60.798950, 4080, 
60.809051, 4080, 
60.819152, 4080, 
60.829254, 4080, 
60.839355, 4080, 
60.849456, 4080, 
60.859558, 4080, 
60.869659, 4080, 
60.879760, 4080, 
60.889862, 4080, 
60.899963, 4080, 
60.910064, 4080, 
60.920166, 4080, 
60.930267, 4080, 
60.940368, 4080, 
60.950469, 4080, 
60.960571, 4080, 
60.970672, 4080, 
60.980773, 4080, 
60.990875, 4080, 
61.000976, 4080, 
61.011077, 4080, 
61.021179, 4080, 
61.031280, 4080, 
61.041381, 4080, 
61.051483, 4080, 
61.061584, 4080, 
61.071685, 4080, 
61.081787, 4080, 
61.091888, 4080, 
61.101989, 4080, 
61.112091, 4080, 
61.122192, 4080, 
61.132293, 4080, 
61.142395, 4080, 
61.152496, 4080, 
61.162597, 4080, 
61.172698, 4080, 
61.182800, 4080, 
61.192901, 4080, 
61.203002, 4080, 
61.213104, 4080, 
61.223205, 4080, 
61.233306, 4080, 
61.243408, 4080, 
61.253509, 4080, 
61.263610, 4080, 
61.273712, 4080, 
61.283813, 4080, 
61.293914, 4080, 
61.304016, 4080, 
61.314117, 4080, 
61.324218, 4080, 
61.334320, 4080, 
61.344421, 4080, 
61.354522, 4080, 
61.364624, 4080, 
61.374725, 4080, 
61.384826, 4080, 
61.394927, 4080, 
61.405029, 4080, 
61.415130, 4080, 
61.425231, 4080, 
61.435333, 4080, 
61.445434, 4080, 
61.455535, 4080, 
61.465637, 4080, 
61.475738, 4080, 
61.485839, 4080, 
61.495941, 4080, 
61.506042, 4080, 
61.516143, 4080, 
61.526245, 4080, 
61.536346, 4080, 
61.546447, 4080, 
61.556549, 4080, 
61.566650, 4080, 
61.576751, 4080, 
61.586853, 4080, 
61.596954, 4080, 
61.607055, 4080, 
61.617156, 4080, 
61.627258, 4080, 
61.637359, 4080, 
61.647460, 4080, 
61.657562, 4080, 
61.667663, 4080, 
61.677764, 4080, 
61.687866, 4080, 
61.697967, 4080, 
61.708068, 4080, 
61.718170, 4080, 
61.728271, 4080, 
61.738372, 4080, 
61.748474, 4080, 
61.758575, 4080, 
61.768676, 4080, 
61.778778, 4080, 
61.788879, 4080, 
61.798980, 4080, 
61.809082, 4080, 
61.819183, 4080, 
61.829284, 4080, 
61.839385, 4080, 
61.849487, 4080, 
61.859588, 4080, 
61.869689, 4080, 
61.879791, 4080, 
61.889892, 4080, 
61.899993, 4080, 
61.910095, 4080, 
61.920196, 4080, 
61.930297, 4080, 
61.940399, 4080, 
61.950500, 4080, 
61.960601, 4080, 
61.970703, 4080, 
61.980804, 4080, 
61.990905, 4080, 
62.001007, 4080, 
62.011108, 4080, 
62.021209, 4080, 
62.031311, 4080, 
62.041412, 4080, 
62.051513, 4080, 
62.061614, 4080, 
62.071716, 4080, 
62.081817, 4080, 
62.091918, 4080, 
62.102020, 4080, 
62.112121, 4080, 
62.122222, 4080, 
62.132324, 4080, 
62.142425, 4080, 
62.152526, 4080, 
62.162628, 4080, 
62.172729, 4080, 
62.182830, 4080, 
62.192932, 4080, 
62.203033, 4080, 
62.213134, 4080, 
62.223236, 3952, 
62.233337, 4080, 
62.243438, 4080, 
62.253540, 4080, 
62.263641, 4080, 
62.273742, 4080, 
62.283843, 4080, 
62.293945, 4080, 
62.304046, 4080, 
62.314147, 4080, 
62.324249, 4080, 
62.334350, 4080, 
62.344451, 4080, 
62.354553, 4080, 
62.364654, 4080, 
62.374755, 4080, 
62.384857, 4080, 
62.394958, 4080, 
62.405059, 4080, 
62.415161, 4080, 
62.425262, 4080, 
62.435363, 4080, 
62.445465, 4080, 
62.455566, 4080, 
62.465667, 4080, 
62.475769, 4080, 
62.485870, 4080, 
62.495971, 4080, 
62.506072, 4080, 
62.516174, 4080, 
62.526275, 4080, 
62.536376, 4080, 
62.546478, 4080, 
62.556579, 4080, 
62.566680, 4080, 
62.576782, 4080, 
62.586883, 4080, 
62.596984, 4080, 
62.607086, 4080, 
62.617187, 4080, 
62.627288, 4080, 
62.637390, 4080, 
62.647491, 4080, 
62.657592, 4080, 
62.667694, 4080, 
62.677795, 4080, 
62.687896, 4080, 
62.697998, 4080, 
62.708099, 4080, 
62.718200, 4080, 
62.728302, 4080, 
62.738403, 4080, 
62.748504, 4080, 
62.758605, 4080, 
62.768707, 4080, 
62.778808, 4080, 
62.788909, 4080, 
62.799011, 4080, 
62.809112, 4080, 
62.819213, 4080, 
62.829315, 4080, 
62.839416, 4080, 
62.849517, 4080, 
62.859619, 4080, 
62.869720, 4080, 
62.879821, 4080, 
62.889923, 4080, 
62.900024, 4080, 
62.910125, 4080, 
62.920227, 4080, 
62.930328, 4080, 
62.940429, 4080, 
62.950531, 4080, 
62.960632, 4080, 
62.970733, 4080, 
62.980834, 4080, 
62.990936, 4080, 
63.001037, 4080, 
63.011138, 4080, 
63.021240, 4080, 
63.031341, 4080, 
63.041442, 4080, 
63.051544, 4080, 
63.061645, 4080, 
63.071746, 4080, 
63.081848, 4080, 
63.091949, 4080, 
63.102050, 4080, 
63.112152, 4080, 
63.122253, 4080, 
63.132354, 4080, 
63.142456, 4080, 
63.152557, 4080, 
63.162658, 4080, 
63.172760, 4080, 
63.182861, 4080, 
63.192962, 4080, 
63.203063, 4080, 
63.213165, 4080, 
63.223266, 4080, 
63.233367, 4080, 
63.243469, 4080, 
63.253570, 4080, 
63.263671, 4080, 
63.273773, 4080, 
63.283874, 4080, 
63.293975, 4080, 
63.304077, 4080, 
63.314178, 4080, 
63.324279, 4080, 
63.334381, 4080, 
63.344482, 4080, 
63.354583, 4080, 
63.364685, 4080, 
63.374786, 4080, 
63.384887, 4080, 
63.394989, 4080, 
63.405090, 4080, 
63.415191, 4080, 
63.425292, 4080, 
63.435394, 4080, 
63.445495, 4080, 
63.455596, 4080, 
63.465698, 4080, 
63.475799, 4080, 
63.485900, 4080, 
63.496002, 4080, 
63.506103, 4080, 
63.516204, 4080, 
63.526306, 4080, 
63.536407, 4080, 
63.546508, 4080, 
63.556610, 4080, 
63.566711, 4080, 
63.576812, 4080, 
63.586914, 4080, 
63.597015, 4080, 
63.607116, 4080, 
63.617218, 4080, 
63.627319, 4080, 
63.637420, 4080, 
63.647521, 4080, 
63.657623, 4080, 
63.667724, 4080, 
63.677825, 4080, 
63.687927, 4080, 
63.698028, 4080, 
63.708129, 4080, 
63.718231, 4080, 
63.728332, 4080, 
63.738433, 4080, 
63.748535, 4080, 
63.758636, 4080, 
63.768737, 4080, 
63.778839, 4080, 
63.788940, 4080, 
63.799041, 4080, 
63.809143, 4080, 
63.819244, 4080, 
63.829345, 4080, 
63.839447, 4080, 
63.849548, 4080, 
63.859649, 4080, 
63.869750, 4080, 
63.879852, 4080, 
63.889953, 4080, 
63.900054, 4080, 
63.910156, 4080, 
63.920257, 4080, 
63.930358, 4080, 
63.940460, 4080, 
63.950561, 4080, 
63.960662, 4080, 
63.970764, 4080, 
63.980865, 4080, 
63.990966, 4080, 
64.001068, 4080, 
64.011169, 4080, 
64.021270, 4080, 
64.031372, 4080, 
64.041473, 4080, 
64.051574, 3952, 
64.061676, 4080, 
64.071777, 4080, 
64.081878, 4080, 
64.091979, 4080, 
64.102081, 4080, 
64.112182, 4080, 
64.122283, 4080, 
64.132385, 4080, 
64.142486, 4080, 
64.152587, 4080, 
64.162689, 4080, 
64.172790, 4080, 
64.182891, 4080, 
64.192993, 4080, 
64.203094, 4080, 
64.213195, 4080, 
64.223297, 4080, 
64.233398, 4080, 
64.243499, 4080, 
64.253601, 4080, 
64.263702, 4080, 
64.273803, 4080, 
64.283905, 4080, 
64.294006, 3952, 
64.304107, 4080, 
64.314208, 4080, 
64.324310, 4080, 
64.334411, 4080, 
64.344512, 4080, 
64.354614, 4080, 
64.364715, 4080, 
64.374816, 4080, 
64.384918, 4080, 
64.395019, 4080, 
64.405120, 4080, 
64.415222, 4080, 
64.425323, 4080, 
64.435424, 4080, 
64.445526, 4080, 
64.455627, 4080, 
64.465728, 4080, 
64.475830, 4080, 
64.485931, 4080, 
64.496032, 4080, 
64.506134, 4080, 
64.516235, 4080, 
64.526336, 4080, 
64.536437, 4080, 
64.546539, 4080, 
64.556640, 4080, 
64.566741, 4080, 
64.576843, 4080, 
64.586944, 3952, 
64.597045, 4080, 
64.607147, 4080, 
64.617248, 4080, 
64.627349, 4080, 
64.637451, 4080, 
64.647552, 4080, 
64.657653, 4080, 
64.667755, 4080, 
64.677856, 4080, 
64.687957, 3952, 
64.698059, 4080, 
64.708160, 4080, 
64.718261, 4080, 
64.728363, 4080, 
64.738464, 4080, 
64.748565, 4080, 
64.758666, 4080, 
64.768768, 4080, 
64.778869, 4080, 
64.788970, 4080, 
64.799072, 4080, 
64.809173, 4080, 
64.819274, 4080, 
64.829376, 4080, 
64.839477, 4080, 
64.849578, 4080, 
64.859680, 4080, 
64.869781, 4080, 
64.879882, 4080, 
64.889984, 4080, 
64.900085, 4080, 
64.910186, 4080, 
64.920288, 4080, 
64.930389, 4080, 
64.940490, 4080, 
64.950592, 4080, 
64.960693, 4080, 
64.970794, 4080, 
64.980895, 4080, 
64.990997, 4080, 
65.001098, 4080, 
65.011199, 4080, 
65.021301, 4080, 
65.031402, 4080, 
65.041503, 4080, 
65.051605, 4080, 
65.061706, 4080, 
65.071807, 3952, 
65.081909, 4080, 
65.092010, 4080, 
65.102111, 4080, 
65.112213, 4080, 
65.122314, 4080, 
65.132415, 4080, 
65.142517, 4080, 
65.152618, 4080, 
65.162719, 4080, 
65.172821, 4080, 
65.182922, 4080, 
65.193023, 3952, 
65.203125, 4080, 
65.213226, 4080, 
65.223327, 4080, 
65.233428, 4080, 
65.243530, 4080, 
65.253631, 4080, 
65.263732, 4080, 
65.273834, 4080, 
65.283935, 4080, 
65.294036, 4080, 
65.304138, 4080, 
65.314239, 4080, 
65.324340, 4080, 
65.334442, 4080, 
65.344543, 4080, 
65.354644, 4080, 
65.364746, 4080, 
65.374847, 4080, 
65.384948, 4080, 
65.395050, 4080, 
65.405151, 3952, 
65.415252, 4080, 
65.425354, 4080, 
65.435455, 3952, 
65.445556, 4080, 
65.455657, 4080, 
65.465759, 4080, 
65.475860, 4080, 
65.485961, 4080, 
65.496063, 4080, 
65.506164, 4080, 
65.516265, 4080, 
65.526367, 4080, 
65.536468, 4080, 
65.546569, 4080, 
65.556671, 4080, 
65.566772, 4080, 
65.576873, 4080, 
65.586975, 4080, 
65.597076, 4080, 
65.607177, 4080, 
65.617279, 4080, 
65.627380, 4080, 
65.637481, 4080, 
65.647583, 4080, 
65.657684, 4080, 
65.667785, 4080, 
65.677886, 4080, 
65.687988, 4080, 
65.698089, 4080, 
65.708190, 4080, 
65.718292, 4080, 
65.728393, 4080, 
65.738494, 4080, 
65.748596, 4080, 
65.758697, 4080, 
65.768798, 4080, 
65.778900, 4080, 
65.789001, 4080, 
65.799102, 4080, 
65.809204, 4080, 
65.819305, 4080, 
65.829406, 4080, 
65.839508, 4080, 
65.849609, 4080, 
65.859710, 4080, 
65.869812, 4080, 
65.879913, 4080, 
65.890014, 4080, 
65.900115, 4080, 
65.910217, 4080, 
65.920318, 4080, 
65.930419, 4080, 
65.940521, 4080, 
65.950622, 4080, 
65.960723, 4080, 
65.970825, 4080, 
65.980926, 4080, 
65.991027, 4080, 
66.001129, 4080, 
66.011230, 4080, 
66.021331, 4080, 
66.031433, 4080, 
66.041534, 4080, 
66.051635, 4080, 
66.061737, 4080, 
66.071838, 4080, 
66.081939, 4080, 
66.092041, 4080, 
66.102142, 4080, 
66.112243, 4080, 
66.122344, 4080, 
66.132446, 4080, 
66.142547, 4080, 
66.152648, 4080, 
66.162750, 4080, 
66.172851, 4080, 
66.182952, 4080, 
66.193054, 4080, 
66.203155, 4080, 
66.213256, 4080, 
66.223358, 4080, 
66.233459, 4080, 
66.243560, 4080, 
66.253662, 4080, 
66.263763, 4080, 
66.273864, 4080, 
66.283966, 4080, 
66.294067, 4080, 
66.304168, 4080, 
66.314270, 4080, 
66.324371, 4080, 
66.334472, 4080, 
66.344573, 4080, 
66.354675, 4080, 
66.364776, 4080, 
66.374877, 4080, 
66.384979, 4080, 
66.395080, 4080, 
66.405181, 4080, 
66.415283, 4080, 
66.425384, 4080, 
66.435485, 4080, 
66.445587, 4080, 
66.455688, 4080, 
66.465789, 4080, 
66.475891, 4080, 
66.485992, 4080, 
66.496093, 3952, 
66.506195, 4080, 
66.516296, 4080, 
66.526397, 4080, 
66.536499, 4080, 
66.546600, 4080, 
66.556701, 4080, 
66.566802, 3825, 
66.576904, 4080, 
66.587005, 4080, 
66.597106, 4080, 
66.607208, 4080, 
66.617309, 4080, 
66.627410, 4080, 
66.637512, 4080, 
66.647613, 4080, 
66.657714, 4080, 
66.667816, 4080, 
66.677917, 4080, 
66.688018, 4080, 
66.698120, 4080, 
66.708221, 4080, 
66.718322, 4080, 
66.728424, 4080, 
66.738525, 4080, 
66.748626, 4080, 
66.758728, 4080, 
66.768829, 4080, 
66.778930, 4080, 
66.789031, 4080, 
66.799133, 4080, 
66.809234, 4080, 
66.819335, 4080, 
66.829437, 4080, 
66.839538, 4080, 
66.849639, 4080, 
66.859741, 4080, 
66.869842, 4080, 
66.879943, 4080, 
66.890045, 4080, 
66.900146, 4080, 
66.910247, 4080, 
66.920349, 4080, 
66.930450, 4080, 
66.940551, 4080, 
66.950653, 4080, 
66.960754, 4080, 
66.970855, 4080, 
66.980957, 3952, 
66.991058, 4080, 
67.001159, 4080, 
67.011260, 4080, 
67.021362, 4080, 
67.031463, 4080, 
67.041564, 4080, 
67.051666, 4080, 
67.061767, 4080, 
67.071868, 4080, 
67.081970, 4080, 
67.092071, 4080, 
67.102172, 4080, 
67.112274, 4080, 
67.122375, 4080, 
67.132476, 4080, 
67.142578, 4080, 
67.152679, 4080, 
67.162780, 4080, 
67.172882, 4080, 
67.182983, 4080, 
67.193084, 4080, 
67.203186, 4080, 
67.213287, 4080, 
67.223388, 4080, 
67.233489, 4080, 
67.243591, 4080, 
67.253692, 4080, 
67.263793, 4080, 
67.273895, 4080, 
67.283996, 4080, 
67.294097, 4080, 
67.304199, 4080, 
67.314300, 4080, 
67.324401, 4080, 
67.334503, 4080, 
67.344604, 4080, 
67.354705, 4080, 
67.364807, 4080, 
67.374908, 4080, 
67.385009, 4080, 
67.395111, 4080, 
67.405212, 4080, 
67.415313, 4080, 
67.425415, 4080, 
67.435516, 4080, 
67.445617, 4080, 
67.455718, 4080, 
67.465820, 4080, 
67.475921, 4080, 
67.486022, 4080, 
67.496124, 4080, 
67.506225, 4080, 
67.516326, 4080, 
67.526428, 4080, 
67.536529, 4080, 
67.546630, 4080, 
67.556732, 4080, 
67.566833, 4080, 
67.576934, 4080, 
67.587036, 4080, 
67.597137, 4080, 
67.607238, 4080, 
67.617340, 4080, 
67.627441, 4080, 
67.637542, 4080, 
67.647644, 4080, 
67.657745, 4080, 
67.667846, 4080, 
67.677947, 4080, 
67.688049, 4080, 
67.698150, 4080, 
67.708251, 4080, 
67.718353, 4080, 
67.728454, 4080, 
67.738555, 4080, 
67.748657, 4080, 
67.758758, 4080, 
67.768859, 4080, 
67.778961, 4080, 
67.789062, 4080, 
67.799163, 4080, 
67.809265, 4080, 
67.819366, 4080, 
67.829467, 4080, 
67.839569, 4080, 
67.849670, 4080, 
67.859771, 4080, 
67.869873, 4064, 
67.879974, 4080, 
67.890075, 4080, 
67.900177, 4080, 
67.910278, 4080, 
67.920379, 4080, 
67.930480, 4080, 
67.940582, 4080, 
67.950683, 4080, 
67.960784, 4080, 
67.970886, 3952, 
67.980987, 4080, 
67.991088, 4080, 
68.001190, 4080, 
68.011291, 4080, 
68.021392, 4080, 
68.031494, 4080, 
68.041595, 4080, 
68.051696, 4080, 
68.061798, 4080, 
68.071899, 4080, 
68.082000, 4080, 
68.092102, 4080, 
68.102203, 4080, 
68.112304, 4080, 
68.122406, 4080, 
68.132507, 4080, 
68.142608, 4080, 
68.152709, 4080, 
68.162811, 3952, 
68.172912, 4080, 
68.183013, 4080, 
68.203216, 4080, 
68.213317, 4080, 
68.223419, 4080, 
68.233520, 4080, 
68.243621, 4080, 
68.253723, 4080, 
68.263824, 4080, 
68.273925, 4080, 
68.284027, 4080, 
68.294128, 3952, 
68.304229, 4080, 
68.314331, 4080, 
68.324432, 4080, 
68.334533, 4080, 
68.344635, 4080, 
68.354736, 4080, 
68.364837, 4080, 
68.374938, 4080, 
68.385040, 4080, 
68.395141, 4080, 
68.405242, 4080, 
68.415344, 4080, 
68.425445, 4080, 
68.435546, 4080, 
68.445648, 4080, 
68.455749, 4080, 
68.465850, 4080, 
68.475952, 4080, 
68.486053, 4080, 
68.496154, 4080, 
68.506256, 4080, 
68.516357, 4080, 
68.526458, 4080, 
68.536560, 4080, 
68.546661, 4080, 
68.556762, 4080, 
68.566864, 4080, 
68.576965, 4080, 
68.587066, 4080, 
68.597167, 4080, 
68.607269, 4080, 
68.617370, 4080, 
68.627471, 4080, 
68.637573, 4080, 
68.647674, 4080, 
68.657775, 4080, 
68.667877, 4080, 
68.677978, 4080, 
68.688079, 4080, 
68.698181, 4080, 
68.708282, 4080, 
68.718383, 4080, 
68.728485, 4080, 
68.738586, 4080, 
68.748687, 4080, 
68.758789, 4080, 
68.768890, 4080, 
68.778991, 4080, 
68.789093, 4080, 
68.799194, 4080, 
68.809295, 4080, 
68.819396, 4080, 
68.829498, 4080, 
68.839599, 4080, 
68.849700, 4080, 
68.859802, 4080, 
68.869903, 4080, 
68.880004, 4080, 
68.890106, 4080, 
68.900207, 4080, 
68.910308, 4080, 
68.920410, 4080, 
68.930511, 4080, 
68.940612, 4080, 
68.950714, 4080, 
68.960815, 4080, 
68.970916, 4080, 
68.981018, 4080, 
68.991119, 4080, 
69.001220, 4080, 
69.011322, 4080, 
69.021423, 4080, 
69.031524, 4080, 
69.041625, 4080, 
69.051727, 4080, 
69.061828, 4080, 
69.071929, 4080, 
69.082031, 4080, 
69.092132, 4080, 
69.102233, 4080, 
69.112335, 4080, 
69.122436, 4080, 
69.132537, 4080, 
69.142639, 4080, 
69.152740, 4080, 
69.162841, 4080, 
69.172943, 4080, 
69.183044, 4080, 
69.193145, 4080, 
69.203247, 4080, 
69.213348, 4080, 
69.223449, 4080, 
69.233551, 4080, 
69.243652, 4080, 
69.253753, 4080, 
69.263854, 4080, 
69.273956, 4080, 
69.284057, 4080, 
69.294158, 4080, 
69.304260, 4080, 
69.314361, 4080, 
69.324462, 4080, 
69.334564, 4080, 
69.344665, 4080, 
69.354766, 4080, 
69.364868, 4080, 
69.374969, 4080, 
69.385070, 4080, 
69.395172, 4080, 
69.405273, 3952, 
69.415374, 4080, 
69.425476, 4080, 
69.435577, 4080, 
69.445678, 4080, 
69.455780, 4080, 
69.465881, 4080, 
69.475982, 4080, 
69.486083, 4080, 
69.496185, 4080, 
69.506286, 4080, 
69.516387, 4080, 
69.526489, 4080, 
69.536590, 4080, 
69.546691, 4080, 
69.556793, 4080, 
69.566894, 4080, 
69.576995, 4080, 
69.587097, 4080, 
69.597198, 4080, 
69.607299, 4080, 
69.617401, 4080, 
69.627502, 4080, 
69.637603, 4080, 
69.647705, 4080, 
69.657806, 4080, 
69.667907, 4080, 
69.678009, 4080, 
69.688110, 4080, 
69.698211, 4080, 
69.708312, 4080, 
69.718414, 4080, 
69.728515, 4080, 
69.738616, 4080, 
69.748718, 4080, 
69.758819, 4080, 
69.768920, 4080, 
69.779022, 4080, 
69.789123, 3952, 
69.799224, 4080, 
69.809326, 4080, 
69.819427, 4080, 
69.829528, 4080, 
69.839630, 4080, 
69.849731, 4080, 
69.859832, 4080, 
69.869934, 4080, 
69.880035, 4080, 
69.890136, 4080, 
69.900238, 4080, 
69.910339, 4080, 
69.920440, 4080, 
69.930541, 4080, 
69.940643, 4080, 
69.950744, 4080, 
69.960845, 4080, 
69.970947, 4080, 
69.981048, 4080, 
69.991149, 4080, 
70.001251, 4080, 
70.011352, 4080, 
70.021453, 4080, 
70.031555, 4080, 
70.041656, 4080, 
70.051757, 4080, 
70.061859, 4080, 
70.071960, 4080, 
70.082061, 4080, 
70.092163, 4080, 
70.102264, 4080, 
70.112365, 4080, 
70.122467, 4080, 
70.132568, 4080, 
70.142669, 4080, 
70.152770, 4080, 
70.162872, 4080, 
70.172973, 4080, 
70.183074, 4080, 
70.193176, 4080, 
70.203277, 4080, 
70.213378, 4080, 
70.223480, 4080, 
70.233581, 4080, 
70.243682, 4080, 
70.253784, 4080, 
70.263885, 4080, 
70.273986, 4080, 
70.284088, 4080, 
70.294189, 4080, 
70.304290, 4080, 
70.314392, 4080, 
70.324493, 4080, 
70.334594, 4080, 
70.344696, 4080, 
70.354797, 4080, 
70.364898, 4080, 
70.375000, 4080, 
70.385101, 4080, 
70.395202, 4080, 
70.405303, 4080, 
70.415405, 4080, 
70.425506, 4080, 
70.435607, 4080, 
70.445709, 4080, 
70.455810, 4080, 
70.465911, 4080, 
70.476013, 4080, 
70.486114, 4080, 
70.496215, 4080, 
70.506317, 4080, 
70.516418, 4080, 
70.526519, 4080, 
70.536621, 4080, 
70.546722, 4080, 
70.556823, 4080, 
70.566925, 4080, 
70.577026, 4080, 
70.587127, 4080, 
70.597229, 4080, 
70.607330, 4080, 
70.617431, 4080, 
70.627532, 4080, 
70.637634, 4080, 
70.647735, 4080, 
70.657836, 4080, 
70.667938, 4080, 
70.678039, 4080, 
70.688140, 4080, 
70.698242, 4080, 
70.708343, 4080, 
70.718444, 4080, 
70.728546, 4080, 
70.738647, 4080, 
70.748748, 4080, 
70.758850, 4080, 
70.768951, 4080, 
70.779052, 4080, 
70.789154, 4080, 
70.799255, 4080, 
70.809356, 4080, 
70.819458, 4080, 
70.829559, 4080, 
70.839660, 4080, 
70.849761, 4080, 
70.859863, 4080, 
70.869964, 4080, 
70.880065, 4080, 
70.890167, 4080, 
70.900268, 4080, 
70.910369, 4080, 
70.920471, 4080, 
70.930572, 4080, 
70.940673, 4080, 
70.950775, 4080, 
70.960876, 4080, 
70.970977, 4080, 
70.981079, 4080, 
70.991180, 4080, 
71.001281, 4080, 
71.011383, 4080, 
71.021484, 4080, 
71.031585, 4080, 
71.041687, 4080, 
71.051788, 4080, 
71.061889, 4080, 
71.071990, 4080, 
71.082092, 4080, 
71.092193, 4080, 
71.102294, 4080, 
71.112396, 4080, 
71.122497, 4080, 
71.132598, 4080, 
71.142700, 4080, 
71.152801, 4080, 
71.162902, 4080, 
71.173004, 4080, 
71.183105, 4080, 
71.193206, 4080, 
71.203308, 4080, 
71.213409, 4080, 
71.223510, 4080, 
71.233612, 4080, 
71.243713, 4080, 
71.253814, 4080, 
71.263916, 4080, 
71.274017, 4080, 
71.284118, 4080, 
71.294219, 4080, 
71.304321, 4080, 
71.314422, 4080, 
71.324523, 4080, 
71.334625, 4080, 
71.344726, 4080, 
71.354827, 4080, 
71.364929, 4080, 
71.375030, 4080, 
71.385131, 4080, 
71.395233, 4080, 
71.405334, 4080, 
71.415435, 4080, 
71.425537, 4080, 
71.435638, 4080, 
71.445739, 4080, 
71.455841, 4080, 
71.465942, 4080, 
71.476043, 4080, 
71.486145, 4080, 
71.496246, 4080, 
71.506347, 4080, 
71.516448, 4080, 
71.526550, 4080, 
71.536651, 4080, 
71.546752, 4080, 
71.556854, 4080, 
71.566955, 4080, 
71.577056, 4080, 
71.587158, 4080, 
71.597259, 4080, 
71.607360, 4080, 
71.617462, 4080, 
71.627563, 4080, 
71.637664, 4080, 
71.647766, 4080, 
71.657867, 4080, 
71.667968, 4080, 
71.678070, 4080, 
71.688171, 4080, 
71.698272, 4080, 
71.708374, 4080, 
71.718475, 4080, 
71.728576, 4080, 
71.738677, 4080, 
71.748779, 4080, 
71.758880, 4080, 
71.768981, 4080, 
71.779083, 4080, 
71.789184, 4080, 
71.799285, 4080, 
71.809387, 4080, 
71.819488, 4080, 
71.829589, 4080, 
71.839691, 4080, 
71.849792, 4080, 
71.859893, 4080, 
71.869995, 4080, 
71.880096, 4080, 
71.890197, 4080, 
71.900299, 4080, 
71.910400, 4080, 
71.920501, 4080, 
71.930603, 4080, 
71.940704, 4080, 
71.950805, 4080, 
71.960906, 4080, 
71.971008, 4080, 
71.981109, 4080, 
71.991210, 4080, 
72.001312, 4080, 
72.011413, 4080, 
72.021514, 4080, 
72.031616, 4080, 
72.041717, 4080, 
72.051818, 4080, 
72.061920, 4080, 
72.072021, 4080, 
72.082122, 4080, 
72.092224, 4080, 
72.102325, 4080, 
72.112426, 4080, 
72.122528, 4080, 
72.132629, 4080, 
72.142730, 4080, 
72.152832, 4080, 
72.162933, 4080, 
72.173034, 4080, 
72.183135, 4080, 
72.193237, 4080, 
72.203338, 4080, 
72.213439, 4080, 
72.223541, 4080, 
72.233642, 4080, 
72.243743, 4080, 
72.253845, 4080, 
72.263946, 4080, 
72.274047, 4080, 
72.284149, 4080, 
72.294250, 4080, 
72.304351, 4080, 
72.314453, 4080, 
72.324554, 4080, 
72.334655, 4080, 
72.344757, 4080, 
72.354858, 4080, 
72.364959, 4080, 
72.375061, 4080, 
72.385162, 4080, 
72.395263, 4080, 
72.405364, 4080, 
72.415466, 4080, 
72.425567, 4080, 
72.435668, 4080, 
72.445770, 4080, 
72.455871, 4080, 
72.465972, 4080, 
72.476074, 4080, 
72.486175, 4080, 
72.496276, 4080, 
72.506378, 4080, 
72.516479, 4080, 
72.526580, 4080, 
72.536682, 4080, 
72.546783, 4080, 
72.556884, 4080, 
72.566986, 4080, 
72.577087, 4080, 
72.587188, 4080, 
72.597290, 4080, 
72.607391, 4080, 
72.617492, 4080, 
72.627593, 4080, 
72.637695, 4080, 
72.647796, 4080, 
72.657897, 4080, 
72.667999, 4080, 
72.678100, 4080, 
72.688201, 4080, 
72.698303, 4080, 
72.708404, 4080, 
72.718505, 4080, 
72.728607, 4080, 
72.738708, 4080, 
72.748809, 4080, 
72.758911, 4080, 
72.769012, 4080, 
72.779113, 4080, 
72.789215, 4080, 
72.799316, 4080, 
72.809417, 4080, 
72.819519, 4080, 
72.829620, 4080, 
72.839721, 4080, 
72.849822, 4080, 
72.859924, 4080, 
72.870025, 4080, 
72.880126, 4080, 
72.890228, 4080, 
72.900329, 4080, 
72.910430, 4080, 
72.920532, 4080, 
72.930633, 4080, 
72.940734, 4080, 
72.950836, 4080, 
72.960937, 4080, 
72.971038, 4080, 
72.981140, 4080, 
72.991241, 4080, 
73.001342, 4080, 
73.011444, 4080, 
73.021545, 4080, 
73.031646, 4080, 
73.041748, 4080, 
73.051849, 4080, 
73.061950, 4080, 
73.072052, 4080, 
73.082153, 4080, 
73.092254, 4080, 
73.102355, 4080, 
73.112457, 4080, 
73.122558, 4080, 
73.132659, 4080, 
73.142761, 4080, 
73.152862, 4080, 
73.162963, 4080, 
73.173065, 4080, 
73.183166, 4080, 
73.193267, 4080, 
73.203369, 4080, 
73.213470, 4080, 
73.223571, 4080, 
73.233673, 4080, 
73.243774, 4080, 
73.253875, 4080, 
73.263977, 4080, 
73.274078, 4080, 
73.284179, 4080, 
73.294281, 4080, 
73.304382, 4080, 
73.314483, 4080, 
73.324584, 4080, 
73.334686, 4080, 
73.344787, 4080, 
73.354888, 4080, 
73.364990, 4080, 
73.375091, 4080, 
73.385192, 4080, 
73.395294, 4080, 
73.405395, 4080, 
73.415496, 4080, 
73.425598, 4080, 
73.435699, 4080, 
73.445800, 4080, 
73.455902, 4080, 
73.466003, 4080, 
73.476104, 4080, 
73.486206, 4080, 
73.496307, 4080, 
73.506408, 4080, 
73.516510, 4080, 
73.526611, 4080, 
73.536712, 4080, 
73.546813, 4080, 
73.556915, 4080, 
73.567016, 4080, 
73.577117, 4080, 
73.587219, 4080, 
73.597320, 4080, 
73.607421, 4080, 
73.617523, 4080, 
73.627624, 4080, 
73.637725, 4080, 
73.647827, 4080, 
73.657928, 4080, 
73.668029, 4080, 
73.678131, 4080, 
73.688232, 4080, 
73.698333, 4080, 
73.708435, 4080, 
73.718536, 4080, 
73.728637, 4080, 
73.738739, 4080, 
73.748840, 4080, 
73.758941, 4080, 
73.769042, 4080, 
73.779144, 4080, 
73.789245, 4080, 
73.799346, 4080, 
73.809448, 4080, 
73.819549, 4080, 
73.829650, 4080, 
73.839752, 4080, 
73.849853, 4080, 
73.859954, 4080, 
73.870056, 4080, 
73.880157, 4080, 
73.890258, 4080, 
73.900360, 4080, 
73.910461, 4080, 
73.920562, 4080, 
73.930664, 4080, 
73.940765, 4080, 
73.950866, 4080, 
73.960968, 4080, 
73.971069, 4080, 
73.981170, 4080, 
73.991271, 4080, 
74.001373, 4080, 
74.011474, 4080, 
74.021575, 4080, 
74.031677, 4080, 
74.041778, 4080, 
74.051879, 4080, 
74.061981, 4080, 
74.072082, 4080, 
74.082183, 4080, 
74.092285, 4080, 
74.102386, 4080, 
74.112487, 4080, 
74.122589, 3952, 
74.132690, 4080, 
74.142791, 4080, 
74.152893, 4080, 
74.162994, 4080, 
74.173095, 4080, 
74.183197, 4080, 
74.193298, 4080, 
74.203399, 4080, 
74.213500, 4080, 
74.223602, 4080, 
74.233703, 4080, 
74.243804, 4080, 
74.253906, 4080, 
74.264007, 4080, 
74.274108, 4080, 
74.284210, 4080, 
74.294311, 4080, 
74.304412, 4080, 
74.314514, 4080, 
74.324615, 4080, 
74.334716, 4080, 
74.354919, 4080, 
74.365020, 4080, 
74.375122, 4080, 
74.385223, 3952, 
74.395324, 4080, 
74.405426, 4080, 
74.415527, 4080, 
74.425628, 4080, 
74.435729, 4080, 
74.445831, 4080, 
74.455932, 4080, 
74.466033, 4080, 
74.476135, 4080, 
74.486236, 4080, 
74.496337, 4080, 
74.506439, 4080, 
74.516540, 4080, 
74.526641, 4080, 
74.536743, 4080, 
74.546844, 4080, 
74.556945, 4080, 
74.567047, 4080, 
74.577148, 4080, 
74.587249, 4080, 
74.597351, 4080, 
74.607452, 4080, 
74.617553, 4080, 
74.627655, 4080, 
74.637756, 4080, 
74.647857, 4080, 
74.657958, 4080, 
74.668060, 4080, 
74.678161, 4080, 
74.688262, 4080, 
74.698364, 4080, 
74.708465, 4080, 
74.718566, 4080, 
74.728668, 4080, 
74.738769, 4080, 
74.748870, 4080, 
74.758972, 4080, 
74.769073, 4080, 
74.779174, 4080, 
74.789276, 4080, 
74.799377, 4080, 
74.809478, 4080, 
74.819580, 4080, 
74.829681, 4080, 
74.839782, 4080, 
74.849884, 4080, 
74.859985, 4080, 
74.870086, 4080, 
74.880187, 4080, 
74.890289, 4080, 
74.900390, 4080, 
74.910491, 4080, 
74.920593, 4080, 
74.930694, 4080, 
74.940795, 4080, 
74.950897, 4080, 
74.960998, 4080, 
74.971099, 4080, 
74.981201, 4080, 
74.991302, 4080, 
75.001403, 4080, 
75.011505, 4080, 
75.021606, 4080, 
75.031707, 4080, 
75.041809, 4080, 
75.051910, 4080, 
75.062011, 4080, 
75.072113, 4080, 
75.082214, 4080, 
75.092315, 4080, 
75.102416, 4080, 
75.112518, 4080, 
75.122619, 4080, 
75.132720, 4080, 
75.142822, 4080, 
75.152923, 4080, 
75.163024, 4080, 
75.173126, 4080, 
75.183227, 4080, 
75.193328, 4080, 
75.203430, 4080, 
75.213531, 4080, 
75.223632, 4080, 
75.233734, 4080, 
75.243835, 4080, 
75.253936, 4080, 
75.264038, 4080, 
75.274139, 4080, 
75.284240, 4080, 
75.294342, 4080, 
75.304443, 4080, 
75.314544, 4080, 
75.324645, 4080, 
75.334747, 4080, 
75.344848, 4080, 
75.354949, 4080, 
75.365051, 4080, 
75.375152, 4080, 
75.385253, 4080, 
75.395355, 4080, 
75.405456, 4080, 
75.415557, 4080, 
75.425659, 4080, 
75.435760, 4080, 
75.445861, 4080, 
75.455963, 4080, 
75.466064, 4080, 
75.476165, 4080, 
75.486267, 4080, 
75.496368, 4080, 
75.506469, 4080, 
75.516571, 4080, 
75.526672, 4080, 
75.536773, 4080, 
75.546875, 4080, 
75.556976, 4080, 
75.567077, 4080, 
75.577178, 4080, 
75.587280, 4080, 
75.597381, 4080, 
75.607482, 4080, 
75.617584, 4080, 
75.627685, 4080, 
75.637786, 4080, 
75.647888, 4080, 
75.657989, 4080, 
75.668090, 4080, 
75.678192, 4080, 
75.688293, 4080, 
75.698394, 4080, 
75.708496, 4080, 
75.718597, 4080, 
75.728698, 4080, 
75.738800, 4080, 
75.748901, 4080, 
75.759002, 4080, 
75.769104, 4080, 
75.779205, 4080, 
75.789306, 4080, 
75.799407, 4080, 
75.809509, 4080, 
75.819610, 4080, 
75.829711, 4080, 
75.839813, 4080, 
75.849914, 4080, 
75.860015, 4080, 
75.870117, 4080, 
75.880218, 4080, 
75.890319, 4080, 
75.900421, 4080, 
75.910522, 4080, 
75.920623, 4080, 
75.930725, 4080, 
75.940826, 4080, 
75.950927, 4080, 
75.961029, 4080, 
75.971130, 4080, 
75.981231, 4080, 
75.991333, 4080, 
76.001434, 4080, 
76.011535, 4080, 
76.021636, 4080, 
76.031738, 4080, 
76.041839, 4080, 
76.051940, 4080, 
76.062042, 4080, 
76.072143, 4080, 
76.082244, 4080, 
76.092346, 4080, 
76.102447, 4080, 
76.112548, 4080, 
76.122650, 4080, 
76.132751, 4080, 
76.142852, 4080, 
76.152954, 4080, 
76.163055, 4080, 
76.173156, 4080, 
76.183258, 4080, 
76.193359, 3952, 
76.203460, 4080, 
76.213562, 4080, 
76.223663, 4080, 
76.233764, 4080, 
76.243865, 4080, 
76.253967, 4080, 
76.264068, 4080, 
76.274169, 4080, 
76.284271, 4080, 
76.294372, 4080, 
76.304473, 4080, 
76.314575, 4080, 
76.324676, 4080, 
76.334777, 4080, 
76.344879, 4080, 
76.354980, 4080, 
76.365081, 4080, 
76.375183, 4080, 
76.385284, 4080, 
76.395385, 4080, 
76.405487, 4080, 
76.415588, 4080, 
76.425689, 4080, 
76.435791, 4080, 
76.445892, 4080, 
76.455993, 4080, 
76.466094, 4080, 
76.476196, 4080, 
76.486297, 4080, 
76.496398, 4080, 
76.506500, 4080, 
76.516601, 4080, 
76.526702, 4080, 
76.536804, 4080, 
76.546905, 4080, 
76.557006, 4080, 
76.567108, 4080, 
76.577209, 4080, 
76.587310, 4080, 
76.597412, 4080, 
76.607513, 4080, 
76.617614, 4080, 
76.627716, 4080, 
76.637817, 4080, 
76.647918, 4080, 
76.658020, 4080, 
76.668121, 4080, 
76.678222, 4080, 
76.688323, 4080, 
76.698425, 4080, 
76.708526, 4080, 
76.718627, 4080, 
76.728729, 4080, 
76.738830, 4080, 
76.748931, 4080, 
76.759033, 4080, 
76.769134, 4080, 
76.779235, 4080, 
76.789337, 4080, 
76.799438, 4080, 
76.809539, 4080, 
76.819641, 4080, 
76.829742, 4080, 
76.839843, 4080, 
76.849945, 4080, 
76.860046, 4080, 
76.870147, 4080, 
76.880249, 4080, 
76.890350, 4080, 
76.900451, 4080, 
76.910552, 4080, 
76.920654, 4080, 
76.930755, 4080, 
76.940856, 4080, 
76.950958, 4080, 
76.961059, 4080, 
76.971160, 4080, 
76.981262, 4080, 
76.991363, 4080, 
77.001464, 4080, 
77.011566, 4080, 
77.021667, 4080, 
77.031768, 4080, 
77.041870, 4080, 
77.051971, 4080, 
77.062072, 4080, 
77.072174, 4080, 
77.082275, 4080, 
77.092376, 4080, 
77.102478, 4080, 
77.112579, 4080, 
77.122680, 4080, 
77.132781, 4080, 
77.142883, 4080, 
77.152984, 4080, 
77.163085, 4080, 
77.173187, 4080, 
77.183288, 4080, 
77.193389, 4080, 
77.203491, 4080, 
77.213592, 4080, 
77.223693, 4080, 
77.233795, 4080, 
77.243896, 4080, 
77.253997, 4080, 
77.264099, 4080, 
77.274200, 4080, 
77.284301, 4080, 
77.294403, 4080, 
77.304504, 4080, 
77.314605, 4080, 
77.324707, 4080, 
77.334808, 4080, 
77.344909, 4080, 
77.355010, 4080, 
77.365112, 4080, 
77.375213, 4080, 
77.385314, 4080, 
77.395416, 4080, 
77.405517, 4080, 
77.415618, 4080, 
77.425720, 4080, 
77.435821, 4080, 
77.445922, 4080, 
77.456024, 4080, 
77.466125, 4080, 
77.476226, 4080, 
77.486328, 4080, 
77.496429, 3952, 
77.506530, 4080, 
77.516632, 4080, 
77.526733, 4080, 
77.536834, 4080, 
77.546936, 4080, 
77.557037, 4080, 
77.567138, 4080, 
77.577239, 4080, 
77.587341, 4080, 
77.597442, 4080, 
77.607543, 4080, 
77.617645, 4080, 
77.627746, 4080, 
77.637847, 4080, 
77.647949, 4080, 
77.658050, 4080, 
77.668151, 4080, 
77.678253, 4080, 
77.688354, 4080, 
77.698455, 4080, 
77.708557, 4080, 
77.718658, 4080, 
77.728759, 4080, 
77.738861, 4080, 
77.748962, 4080, 
77.759063, 4080, 
77.769165, 4080, 
77.779266, 4080, 
77.789367, 4080, 
77.799468, 4080, 
77.809570, 4080, 
77.819671, 4080, 
77.829772, 4080, 
77.839874, 4080, 
77.849975, 4080, 
77.860076, 4080, 
77.870178, 4080, 
77.880279, 4080, 
77.890380, 4080, 
77.900482, 4080, 
77.910583, 4080, 
77.920684, 4080, 
77.930786, 4080, 
77.940887, 4080, 
77.950988, 4080, 
77.961090, 4080, 
77.971191, 4080, 
77.981292, 4080, 
77.991394, 4080, 
78.001495, 4080, 
78.011596, 4080, 
78.021697, 4080, 
78.031799, 4080, 
78.041900, 3952, 
78.052001, 4080, 
78.062103, 4080, 
78.072204, 4080, 
78.082305, 4080, 
78.092407, 4080, 
78.102508, 4080, 
78.112609, 4080, 
78.122711, 4080, 
78.132812, 4080, 
78.142913, 4080, 
78.153015, 4080, 
78.163116, 4080, 
78.173217, 4080, 
78.183319, 4080, 
78.193420, 4080, 
78.203521, 4080, 
78.213623, 4080, 
78.223724, 4080, 
78.233825, 4080, 
78.243927, 4080, 
78.254028, 4080, 
78.264129, 4080, 
78.274230, 4080, 
78.284332, 4080, 
78.294433, 4080, 
78.304534, 4080, 
78.314636, 4080, 
78.324737, 4080, 
78.334838, 4080, 
78.344940, 4080, 
78.355041, 4080, 
78.365142, 3952, 
78.375244, 4080, 
78.385345, 4080, 
78.395446, 4080, 
78.405548, 4080, 
78.415649, 4080, 
78.425750, 4080, 
78.435852, 4080, 
78.445953, 4080, 
78.456054, 4080, 
78.466156, 4080, 
78.476257, 4080, 
78.486358, 4080, 
78.496459, 4080, 
78.506561, 4080, 
78.516662, 4080, 
78.526763, 4080, 
78.536865, 4080, 
78.546966, 4080, 
78.557067, 4080, 
78.567169, 4080, 
78.577270, 4080, 
78.587371, 4080, 
78.597473, 4080, 
78.607574, 4080, 
78.617675, 4080, 
78.627777, 4080, 
78.637878, 4080, 
78.647979, 4080, 
78.658081, 4080, 
78.668182, 4080, 
78.678283, 4080, 
78.688385, 3952, 
78.698486, 4080, 
78.708587, 4080, 
78.718688, 4080, 
78.728790, 4080, 
78.738891, 4080, 
78.748992, 4080, 
78.759094, 4080, 
78.769195, 4080, 
78.779296, 4080, 
78.789398, 4080, 
78.799499, 4080, 
78.809600, 4080, 
78.819702, 4080, 
78.829803, 4080, 
78.839904, 4080, 
78.850006, 4080, 
78.860107, 4080, 
78.870208, 4080, 
78.880310, 4080, 
78.890411, 4080, 
78.900512, 4080, 
78.910614, 4080, 
78.920715, 4080, 
78.930816, 4080, 
78.940917, 4080, 
78.951019, 4080, 
78.961120, 4080, 
78.971221, 4080, 
78.981323, 4080, 
78.991424, 4080, 
79.001525, 4080, 
79.011627, 4080, 
79.021728, 4080, 
79.031829, 4080, 
79.041931, 4080, 
79.052032, 4080, 
79.062133, 4080, 
79.072235, 4080, 
79.082336, 4080, 
79.092437, 4080, 
79.102539, 4080, 
79.112640, 4080, 
79.122741, 4080, 
79.132843, 4080, 
79.142944, 4080, 
79.153045, 4080, 
79.163146, 4080, 
79.173248, 4080, 
79.183349, 4080, 
79.193450, 4080, 
79.203552, 4080, 
79.213653, 4080, 
79.223754, 4080, 
79.233856, 4080, 
79.243957, 4080, 
79.254058, 4080, 
79.264160, 4080, 
79.274261, 4080, 
79.284362, 4080, 
79.294464, 4080, 
79.304565, 4080, 
79.314666, 4080, 
79.324768, 4080, 
79.334869, 4080, 
79.344970, 4080, 
79.355072, 4080, 
79.365173, 4080, 
79.375274, 4080, 
79.385375, 4080, 
79.395477, 4080, 
79.405578, 4080, 
79.415679, 4080, 
79.425781, 4080, 
79.435882, 4080, 
79.445983, 4080, 
79.456085, 4080, 
79.466186, 4080, 
79.476287, 4080, 
79.486389, 4080, 
79.496490, 4080, 
79.506591, 4080, 
79.516693, 4080, 
79.526794, 4080, 
79.536895, 4080, 
79.546997, 4080, 
79.557098, 4080, 
79.567199, 4080, 
79.577301, 4080, 
79.587402, 4080, 
79.597503, 4080, 
79.607604, 4080, 
79.617706, 4080, 
79.627807, 4080, 
79.637908, 4080, 
79.648010, 4080, 
79.658111, 4080, 
79.668212, 4080, 
79.678314, 4080, 
79.688415, 4080, 
79.698516, 4080, 
79.708618, 4080, 
79.718719, 4080, 
79.728820, 4080, 
79.738922, 4080, 
79.749023, 4080, 
79.759124, 4080, 
79.769226, 4080, 
79.779327, 4080, 
79.789428, 4080, 
79.799530, 4080, 
79.809631, 4080, 
79.819732, 4080, 
79.829833, 4080, 
79.839935, 4080, 
79.850036, 4080, 
79.860137, 4080, 
79.870239, 4080, 
79.880340, 4080, 
79.890441, 4080, 
79.900543, 4080, 
79.910644, 4080, 
79.920745, 4080, 
79.930847, 4080, 
79.940948, 4080, 
79.951049, 4080, 
79.961151, 4080, 
79.971252, 4080, 
79.981353, 4080, 
79.991455, 4080, 
80.001556, 4080, 
80.011657, 4080, 
80.021759, 4080, 
80.031860, 4080, 
80.041961, 4080, 
80.052062, 4080, 
80.062164, 4080, 
80.072265, 4080, 
80.082366, 4080, 
80.092468, 4080, 
80.102569, 4080, 
80.112670, 4080, 
80.122772, 4080, 
80.132873, 4080, 
80.142974, 4080, 
80.153076, 4080, 
80.163177, 4080, 
80.173278, 4080, 
80.183380, 4080, 
80.193481, 4080, 
80.203582, 4080, 
80.213684, 4080, 
80.223785, 4080, 
80.233886, 4080, 
80.243988, 4080, 
80.254089, 4080, 
80.264190, 4080, 
80.274291, 4080, 
80.284393, 4080, 
80.294494, 4080, 
80.304595, 4080, 
80.314697, 4080, 
80.324798, 4080, 
80.334899, 4080, 
80.345001, 4080, 
80.355102, 4080, 
80.365203, 4080, 
80.375305, 4080, 
80.385406, 4080, 
80.395507, 4080, 
80.405609, 4080, 
80.415710, 4080, 
80.425811, 4080, 
80.435913, 4080, 
80.446014, 4080, 
80.456115, 4080, 
80.466217, 3952, 
80.476318, 4080, 
80.486419, 4080, 
80.496520, 4080, 
80.506622, 4080, 
80.516723, 4080, 
80.526824, 4080, 
80.536926, 4080, 
80.547027, 4080, 
80.557128, 4080, 
80.567230, 4080, 
80.577331, 4080, 
80.587432, 4080, 
80.597534, 4080, 
80.607635, 4080, 
80.617736, 4080, 
80.627838, 3952, 
80.637939, 4080, 
80.648040, 4080, 
80.658142, 4080, 
80.668243, 4080, 
80.678344, 4080, 
80.688446, 4080, 
80.698547, 4080, 
80.708648, 4080, 
80.718750, 4080, 
80.728851, 4080, 
80.738952, 4080, 
80.749053, 4080, 
80.759155, 4080, 
80.769256, 4080, 
80.779357, 4080, 
80.789459, 4080, 
80.799560, 4080, 
80.809661, 4080, 
80.819763, 4080, 
80.829864, 3952, 
80.839965, 4080, 
80.850067, 4080, 
80.860168, 4080, 
80.870269, 4080, 
80.880371, 3952, 
80.890472, 4080, 
80.900573, 4080, 
80.910675, 4080, 
80.920776, 4080, 
80.930877, 4080, 
80.940979, 4080, 
80.951080, 4080, 
80.961181, 4080, 
80.971282, 4080, 
80.981384, 4080, 
80.991485, 4080, 
81.001586, 4080, 
81.011688, 4080, 
81.021789, 4080, 
81.031890, 4080, 
81.041992, 4080, 
81.052093, 3952, 
81.062194, 4080, 
81.072296, 4080, 
81.082397, 4080, 
81.092498, 4080, 
81.102600, 4080, 
81.112701, 4080, 
81.122802, 4080, 
81.132904, 4080, 
81.143005, 4080, 
81.153106, 4080, 
81.163208, 4080, 
81.173309, 4080, 
81.183410, 4080, 
81.193511, 4080, 
81.203613, 4080, 
81.213714, 4080, 
81.223815, 4080, 
81.233917, 4080, 
81.244018, 4080, 
81.254119, 4080, 
81.264221, 4080, 
81.274322, 4080, 
81.284423, 4080, 
81.294525, 4080, 
81.304626, 4080, 
81.314727, 4080, 
81.324829, 4080, 
81.334930, 4080, 
81.345031, 4080, 
81.355133, 4080, 
81.365234, 4080, 
81.375335, 4080, 
81.385437, 4080, 
81.395538, 4080, 
81.405639, 4080, 
81.415740, 4080, 
81.425842, 3824, 
81.435943, 4080, 
81.446044, 4080, 
81.456146, 4080, 
81.466247, 4080, 
81.476348, 4080, 
81.486450, 4080, 
81.496551, 4080, 
81.506652, 4080, 
81.516754, 4080, 
81.526855, 4080, 
81.536956, 4080, 
81.547058, 4080, 
81.557159, 4080, 
81.567260, 4080, 
81.577362, 4080, 
81.587463, 4080, 
81.597564, 4080, 
81.607666, 4080, 
81.617767, 4080, 
81.627868, 4080, 
81.637969, 4080, 
81.648071, 4080, 
81.658172, 4080, 
81.668273, 4080, 
81.678375, 4080, 
81.688476, 4080, 
81.698577, 4080, 
81.708679, 4080, 
81.718780, 4080, 
81.728881, 4080, 
81.738983, 4080, 
81.749084, 4080, 
81.759185, 4080, 
81.769287, 4080, 
81.779388, 4080, 
81.789489, 4080, 
81.799591, 4080, 
81.809692, 4080, 
81.819793, 4080, 
81.829895, 4080, 
81.839996, 4080, 
81.850097, 4080, 
81.860198, 4080, 
81.870300, 4080, 
81.880401, 4080, 
81.890502, 4080, 
81.900604, 4080, 
81.910705, 4080, 
81.920806, 4080, 
81.930908, 4080, 
81.941009, 4080, 
81.951110, 4080, 
81.961212, 4080, 
81.971313, 4080, 
81.981414, 4080, 
81.991516, 4080, 
82.001617, 4080, 
82.011718, 4080, 
82.021820, 4080, 
82.031921, 4080, 
82.042022, 4080, 
82.052124, 4080, 
82.062225, 4080, 
82.072326, 4080, 
82.082427, 4080, 
82.092529, 4080, 
82.102630, 4080, 
82.112731, 4080, 
82.122833, 4080, 
82.132934, 4080, 
82.143035, 4080, 
82.153137, 4080, 
82.163238, 4080, 
82.173339, 4080, 
82.183441, 4080, 
82.193542, 4080, 
82.203643, 4080, 
82.213745, 4080, 
82.223846, 4080, 
82.233947, 4080, 
82.244049, 4080, 
82.254150, 4080, 
82.264251, 4080, 
82.274353, 4080, 
82.284454, 4080, 
82.294555, 4080, 
82.304656, 4080, 
82.314758, 4080, 
82.324859, 4080, 
82.334960, 4080, 
82.345062, 4080, 
82.355163, 4080, 
82.365264, 4080, 
82.375366, 4080, 
82.385467, 4080, 
82.395568, 4080, 
82.405670, 4080, 
82.415771, 4080, 
82.425872, 4080, 
82.435974, 4080, 
82.446075, 4080, 
82.456176, 4080, 
82.466278, 4080, 
82.476379, 4080, 
82.486480, 4080, 
82.496582, 4080, 
82.506683, 4080, 
82.516784, 4080, 
82.526885, 4080, 
82.536987, 4080, 
82.547088, 4080, 
82.557189, 4080, 
82.567291, 4080, 
82.577392, 4080, 
82.587493, 4080, 
82.597595, 4080, 
82.607696, 4080, 
82.617797, 4080, 
82.627899, 4080, 
82.638000, 4080, 
82.648101, 4080, 
82.658203, 4080, 
82.668304, 4080, 
82.678405, 4080, 
82.688507, 4080, 
82.698608, 4080, 
82.708709, 4080, 
82.718811, 4080, 
82.728912, 4080, 
82.739013, 4080, 
82.749114, 4080, 
82.759216, 4080, 
82.769317, 4080, 
82.779418, 4080, 
82.789520, 4080, 
82.799621, 4080, 
82.809722, 4080, 
82.819824, 4080, 
82.829925, 4080, 
82.840026, 3952, 
82.850128, 4080, 
82.860229, 4080, 
82.870330, 4080, 
82.880432, 4080, 
82.890533, 4080, 
82.900634, 4080, 
82.910736, 4080, 
82.920837, 4080, 
82.930938, 4080, 
82.941040, 4080, 
82.951141, 4080, 
82.961242, 4080, 
82.971343, 4080, 
82.981445, 4080, 
82.991546, 4080, 
83.001647, 4080, 
83.011749, 4080, 
83.021850, 4080, 
83.031951, 4080, 
83.042053, 4080, 
83.052154, 4080, 
83.062255, 4080, 
83.072357, 4080, 
83.082458, 4080, 
83.092559, 4080, 
83.102661, 4080, 
83.112762, 4080, 
83.122863, 4080, 
83.132965, 4080, 
83.143066, 4080, 
83.153167, 4080, 
83.163269, 4080, 
83.173370, 4080, 
83.183471, 4080, 
83.193572, 4080, 
83.203674, 4080, 
83.213775, 4080, 
83.223876, 4080, 
83.233978, 3952, 
83.244079, 4080, 
83.254180, 4080, 
83.264282, 4080, 
83.274383, 4080, 
83.284484, 4080, 
83.294586, 4080, 
83.304687, 4080, 
83.314788, 4080, 
83.324890, 4080, 
83.334991, 4080, 
83.345092, 4080, 
83.355194, 4080, 
83.365295, 4080, 
83.375396, 4080, 
83.385498, 4080, 
83.395599, 4080, 
83.405700, 4080, 
83.415802, 4080, 
83.425903, 4080, 
83.436004, 4080, 
83.446105, 4080, 
83.456207, 4080, 
83.466308, 4080, 
83.476409, 4080, 
83.486511, 4080, 
83.496612, 4080, 
83.506713, 4080, 
83.516815, 4080, 
83.526916, 4080, 
83.537017, 4080, 
83.547119, 4080, 
83.557220, 4080, 
83.567321, 4080, 
83.577423, 4080, 
83.587524, 4080, 
83.597625, 4080, 
83.607727, 4080, 
83.617828, 4080, 
83.627929, 4080, 
83.638031, 4080, 
83.648132, 4080, 
83.658233, 4080, 
83.668334, 4080, 
83.678436, 4080, 
83.688537, 4080, 
83.698638, 4080, 
83.708740, 4080, 
83.718841, 4080, 
83.728942, 4080, 
83.739044, 4080, 
83.749145, 4080, 
83.759246, 4080, 
83.769348, 4080, 
83.779449, 3952, 
83.789550, 4080, 
83.799652, 4080, 
83.809753, 4080, 
83.819854, 4080, 
83.829956, 4080, 
83.840057, 4080, 
83.850158, 4080, 
83.860260, 4080, 
83.870361, 4080, 
83.880462, 4080, 
83.890563, 4080, 
83.900665, 4080, 
83.910766, 4080, 
83.920867, 4080, 
83.930969, 4080, 
83.941070, 4080, 
83.951171, 4080, 
83.961273, 4080, 
83.971374, 4080, 
83.981475, 4080, 
83.991577, 4080, 
84.001678, 4080, 
84.011779, 4080, 
84.021881, 4080, 
84.031982, 4080, 
84.042083, 4080, 
84.052185, 4080, 
84.062286, 4080, 
84.072387, 4080, 
84.082489, 4080, 
84.092590, 4080, 
84.102691, 4080, 
84.112792, 4080, 
84.122894, 4080, 
84.132995, 4080, 
84.143096, 4080, 
84.153198, 4080, 
84.163299, 4080, 
84.173400, 4080, 
84.183502, 4080, 
84.193603, 4080, 
84.203704, 4080, 
84.213806, 4080, 
84.223907, 4080, 
84.234008, 4080, 
84.244110, 4080, 
84.254211, 4080, 
84.264312, 4080, 
84.274414, 4080, 
84.284515, 3952, 
84.294616, 4080, 
84.304718, 4080, 
84.314819, 4080, 
84.324920, 4080, 
84.335021, 4080, 
84.345123, 4080, 
84.355224, 4080, 
84.365325, 4080, 
84.375427, 4080, 
84.385528, 4080, 
84.395629, 4080, 
84.405731, 4080, 
84.415832, 4080, 
84.425933, 4080, 
84.436035, 4080, 
84.446136, 4080, 
84.456237, 4080, 
84.466339, 3952, 
84.476440, 4080, 
84.486541, 4080, 
84.496643, 4080, 
84.506744, 4080, 
84.516845, 4080, 
84.526947, 4080, 
84.537048, 4080, 
84.547149, 4080, 
84.557250, 4080, 
84.567352, 4080, 
84.577453, 4080, 
84.587554, 4080, 
84.597656, 4080, 
84.607757, 4080, 
84.617858, 4080, 
84.627960, 4080, 
84.638061, 4080, 
84.648162, 4080, 
84.658264, 4080, 
84.668365, 4080, 
84.678466, 4080, 
84.688568, 4080, 
84.698669, 4080, 
84.708770, 4080, 
84.718872, 4080, 
84.728973, 4080, 
84.739074, 4080, 
84.749176, 4080, 
84.759277, 4080, 
84.769378, 4080, 
84.779479, 4080, 
84.789581, 4080, 
84.799682, 4080, 
84.809783, 4080, 
84.819885, 4080, 
84.829986, 4080, 
84.840087, 4080, 
84.850189, 4080, 
84.860290, 4080, 
84.870391, 4080, 
84.880493, 4080, 
84.890594, 4080, 
84.900695, 4080, 
84.910797, 4080, 
84.920898, 4080, 
84.930999, 4080, 
84.941101, 4080, 
84.951202, 4080, 
84.961303, 4080, 
84.971405, 4080, 
84.981506, 4080, 
84.991607, 4080, 
85.001708, 4080, 
85.011810, 4080, 
85.021911, 4080, 
85.032012, 4080, 
85.042114, 4080, 
85.052215, 4080, 
85.062316, 4080, 
85.072418, 4080, 
85.082519, 4080, 
85.092620, 4080, 
85.102722, 4080, 
85.112823, 4080, 
85.122924, 4080, 
85.133026, 4080, 
85.143127, 4080, 
85.153228, 4080, 
85.163330, 4080, 
85.173431, 4080, 
85.183532, 4080, 
85.193634, 4080, 
85.203735, 4080, 
85.213836, 4080, 
85.223937, 4080, 
85.234039, 4080, 
85.244140, 4080, 
85.254241, 4080, 
85.264343, 4080, 
85.274444, 4080, 
85.284545, 4080, 
85.294647, 4080, 
85.304748, 4080, 
85.314849, 4080, 
85.324951, 4080, 
85.335052, 4080, 
85.345153, 4080, 
85.355255, 4080, 
85.365356, 4080, 
85.375457, 4080, 
85.385559, 4080, 
85.395660, 4080, 
85.405761, 4080, 
85.415863, 4080, 
85.425964, 4080, 
85.436065, 4080, 
85.446166, 4080, 
85.456268, 4080, 
85.466369, 4080, 
85.476470, 4080, 
85.486572, 4080, 
85.496673, 4080, 
85.506774, 4080, 
85.516876, 4080, 
85.526977, 4080, 
85.537078, 4080, 
85.547180, 4080, 
85.557281, 4080, 
85.567382, 4080, 
85.577484, 4080, 
85.587585, 4080, 
85.597686, 4080, 
85.607788, 4080, 
85.617889, 4080, 
85.627990, 4080, 
85.638092, 4080, 
85.648193, 4080, 
85.658294, 4080, 
85.668395, 4080, 
85.678497, 4080, 
85.688598, 4080, 
85.698699, 4080, 
85.708801, 4080, 
85.718902, 4080, 
85.729003, 4080, 
85.739105, 4080, 
85.749206, 4080, 
85.759307, 4080, 
85.769409, 4080, 
85.779510, 4080, 
85.789611, 4080, 
85.799713, 4080, 
85.809814, 4080, 
85.819915, 4080, 
85.830017, 4080, 
85.840118, 4080, 
85.850219, 4080, 
85.860321, 4080, 
85.870422, 4080, 
85.880523, 4080, 
85.890625, 4080, 
85.900726, 4080, 
85.910827, 4080, 
85.920928, 4080, 
85.931030, 4080, 
85.941131, 4080, 
85.951232, 4080, 
85.961334, 4080, 
85.971435, 4080, 
85.981536, 4080, 
85.991638, 4080, 
86.001739, 4080, 
86.011840, 4080, 
86.021942, 4080, 
86.032043, 4080, 
86.042144, 4080, 
86.052246, 4080, 
86.062347, 4080, 
86.072448, 4080, 
86.082550, 4080, 
86.092651, 4080, 
86.102752, 4080, 
86.112854, 4080, 
86.122955, 4080, 
86.133056, 4080, 
86.143157, 4080, 
86.153259, 4080, 
86.163360, 4080, 
86.173461, 4080, 
86.183563, 4080, 
86.193664, 4080, 
86.203765, 4080, 
86.213867, 4080, 
86.223968, 4080, 
86.234069, 4080, 
86.244171, 4080, 
86.254272, 4080, 
86.264373, 4080, 
86.274475, 4080, 
86.284576, 4080, 
86.294677, 4080, 
86.304779, 4080, 
86.314880, 4080, 
86.324981, 4080, 
86.335083, 4080, 
86.345184, 4080, 
86.355285, 4080, 
86.365386, 4080, 
86.375488, 4080, 
86.385589, 4080, 
86.395690, 4080, 
86.405792, 4080, 
86.415893, 4080, 
86.425994, 4080, 
86.436096, 4080, 
86.446197, 4080, 
86.456298, 4080, 
86.466400, 4080, 
86.476501, 4080, 
86.486602, 4080, 
86.496704, 4080, 
86.506805, 4080, 
86.516906, 4080, 
86.527008, 4080, 
86.537109, 4080, 
86.547210, 4080, 
86.557312, 4080, 
86.567413, 4080, 
86.577514, 4080, 
86.587615, 4080, 
86.597717, 4080, 
86.607818, 4080, 
86.617919, 4080, 
86.628021, 4080, 
86.638122, 4080, 
86.648223, 4080, 
86.658325, 4080, 
86.668426, 4080, 
86.678527, 4080, 
86.688629, 4080, 
86.698730, 4080, 
86.708831, 4080, 
86.718933, 4080, 
86.729034, 4080, 
86.739135, 4080, 
86.749237, 4080, 
86.759338, 4080, 
86.769439, 4080, 
86.779541, 4080, 
86.789642, 4080, 
86.799743, 4080, 
86.809844, 4080, 
86.819946, 4080, 
86.830047, 4080, 
86.840148, 4080, 
86.850250, 4080, 
86.860351, 4080, 
86.870452, 4080, 
86.880554, 4080, 
86.890655, 4080, 
86.900756, 4080, 
86.910858, 4080, 
86.920959, 4080, 
86.931060, 4080, 
86.941162, 4080, 
86.951263, 4080, 
86.961364, 4080, 
86.971466, 4080, 
86.981567, 4080, 
86.991668, 4080, 
87.001770, 4080, 
87.011871, 4080, 
87.021972, 4080, 
87.032073, 4080, 
87.042175, 4080, 
87.052276, 4080, 
87.062377, 4080, 
87.072479, 4080, 
87.082580, 4080, 
87.092681, 4080, 
87.102783, 4080, 
87.112884, 4080, 
87.122985, 4080, 
87.133087, 4080, 
87.143188, 4080, 
87.153289, 4080, 
87.163391, 4080, 
87.173492, 4080, 
87.183593, 4080, 
87.193695, 4080, 
87.203796, 4080, 
87.213897, 4080, 
87.223999, 4080, 
87.234100, 4080, 
87.244201, 4080, 
87.254302, 4080, 
87.264404, 4080, 
87.274505, 4080, 
87.284606, 4080, 
87.294708, 4080, 
87.304809, 4080, 
87.314910, 4080, 
87.325012, 4080, 
87.335113, 3952, 
87.345214, 4080, 
87.355316, 4080, 
87.365417, 4080, 
87.375518, 4080, 
87.385620, 4080, 
87.395721, 4080, 
87.405822, 4080, 
87.415924, 4080, 
87.426025, 4080, 
87.436126, 4080, 
87.446228, 4080, 
87.456329, 4080, 
87.466430, 4080, 
87.476531, 4080, 
87.486633, 4080, 
87.496734, 4080, 
87.506835, 4080, 
87.516937, 4080, 
87.527038, 4080, 
87.537139, 4080, 
87.547241, 4080, 
87.557342, 4080, 
87.567443, 4080, 
87.577545, 4080, 
87.587646, 4080, 
87.597747, 4080, 
87.607849, 4080, 
87.617950, 4080, 
87.628051, 4080, 
87.638153, 4080, 
87.648254, 4080, 
87.658355, 4080, 
87.668457, 4080, 
87.678558, 4080, 
87.688659, 4080, 
87.698760, 4080, 
87.708862, 4080, 
87.718963, 3952, 
87.729064, 4080, 
87.739166, 4080, 
87.749267, 4080, 
87.759368, 4080, 
87.769470, 4080, 
87.779571, 4080, 
87.789672, 4080, 
87.799774, 4080, 
87.809875, 4080, 
87.819976, 4080, 
87.830078, 4080, 
87.840179, 4080, 
87.850280, 4080, 
87.860382, 4080, 
87.870483, 4080, 
87.880584, 4080, 
87.890686, 4080, 
87.900787, 4080, 
87.910888, 4080, 
87.920989, 4080, 
87.931091, 4080, 
87.941192, 3952, 
87.951293, 4080, 
87.961395, 4080, 
87.971496, 4080, 
87.981597, 4080, 
87.991699, 4080, 
88.001800, 4080, 
88.011901, 4080, 
88.022003, 4080, 
88.032104, 4080, 
88.042205, 4080, 
88.052307, 4080, 
88.062408, 4080, 
88.072509, 4080, 
88.082611, 4080, 
88.092712, 4080, 
88.102813, 4080, 
88.112915, 4080, 
88.123016, 4080, 
88.133117, 4080, 
88.143218, 4080, 
88.163421, 4080, 
88.173522, 4080, 
88.183624, 4080, 
88.193725, 4080, 
88.203826, 4080, 
88.213928, 4080, 
88.224029, 4080, 
88.234130, 4080, 
88.244232, 4080, 
88.254333, 4080, 
88.264434, 4080, 
88.274536, 4080, 
88.284637, 4080, 
88.294738, 4080, 
88.304840, 4080, 
88.314941, 4080, 
88.325042, 4080, 
88.335144, 4080, 
88.345245, 4080, 
88.355346, 4080, 
88.365447, 4080, 
88.375549, 4080, 
88.385650, 4080, 
88.395751, 4080, 
88.405853, 4080, 
88.415954, 4080, 
88.426055, 4080, 
88.436157, 4080, 
88.446258, 4080, 
88.456359, 4080, 
88.466461, 4080, 
88.476562, 4080, 
88.486663, 4080, 
88.496765, 4080, 
88.506866, 4080, 
88.516967, 4080, 
88.527069, 4080, 
88.537170, 4080, 
88.547271, 4080, 
88.557373, 4080, 
88.567474, 4080, 
88.577575, 4080, 
88.587677, 4080, 
88.597778, 4080, 
88.607879, 4080, 
88.617980, 4080, 
88.628082, 4080, 
88.638183, 4080, 
88.648284, 4080, 
88.658386, 4080, 
88.668487, 4080, 
88.678588, 4080, 
88.688690, 4080, 
88.698791, 4080, 
88.708892, 4080, 
88.718994, 4080, 
88.729095, 4080, 
88.739196, 4080, 
88.749298, 4080, 
88.759399, 4080, 
88.769500, 4080, 
88.779602, 4080, 
88.789703, 4080, 
88.799804, 4080, 
88.809906, 4080, 
88.820007, 4080, 
88.830108, 4080, 
88.840209, 4080, 
88.850311, 4080, 
88.860412, 4080, 
88.870513, 4080, 
88.880615, 4080, 
88.890716, 4080, 
88.900817, 4080, 
88.910919, 4080, 
88.921020, 4080, 
88.931121, 3952, 
88.941223, 4080, 
88.951324, 4080, 
88.961425, 4080, 
88.971527, 4080, 
88.981628, 4080, 
88.991729, 4080, 
89.001831, 4080, 
89.011932, 4080, 
89.022033, 4080, 
89.032135, 4080, 
89.042236, 4080, 
89.052337, 4080, 
89.062438, 4080, 
89.072540, 4080, 
89.082641, 4080, 
89.092742, 4080, 
89.102844, 4080, 
89.112945, 4080, 
89.123046, 4080, 
89.133148, 4080, 
89.143249, 4080, 
89.153350, 4080, 
89.163452, 4080, 
89.173553, 4080, 
89.183654, 4080, 
89.193756, 4080, 
89.203857, 4080, 
89.213958, 4080, 
89.224060, 4080, 
89.234161, 4080, 
89.244262, 4080, 
89.254364, 4080, 
89.264465, 4080, 
89.274566, 4080, 
89.284667, 4080, 
89.294769, 4080, 
89.304870, 4080, 
89.314971, 4080, 
89.325073, 4080, 
89.335174, 4080, 
89.345275, 4080, 
89.355377, 4080, 
89.365478, 4080, 
89.375579, 4080, 
89.385681, 4080, 
89.395782, 4080, 
89.405883, 4080, 
89.415985, 4080, 
89.426086, 4080, 
89.436187, 4080, 
89.446289, 4080, 
89.456390, 4080, 
89.466491, 4080, 
89.476593, 4080, 
89.486694, 4080, 
89.496795, 4080, 
89.506896, 4080, 
89.516998, 4080, 
89.527099, 4080, 
89.537200, 4080, 
89.547302, 4080, 
89.557403, 4080, 
89.567504, 4080, 
89.577606, 4080, 
89.587707, 4080, 
89.597808, 4080, 
89.607910, 4080, 
89.618011, 4080, 
89.628112, 4080, 
89.638214, 4080, 
89.648315, 4080, 
89.658416, 4080, 
89.668518, 4080, 
89.678619, 4080, 
89.688720, 4080, 
89.698822, 4080, 
89.708923, 4080, 
89.719024, 4080, 
89.729125, 4080, 
89.739227, 4080, 
89.749328, 4080, 
89.759429, 4080, 
89.769531, 4080, 
89.779632, 4080, 
89.789733, 4080, 
89.799835, 4080, 
89.809936, 4080, 
89.820037, 4080, 
89.830139, 4080, 
89.840240, 4080, 
89.850341, 4080, 
89.860443, 4080, 
89.870544, 4080, 
89.880645, 4080, 
89.890747, 4080, 
89.900848, 4080, 
89.910949, 4080, 
89.921051, 4080, 
89.931152, 4080, 
89.941253, 4080, 
89.951354, 4080, 
89.961456, 4080, 
89.971557, 4080, 
89.981658, 4080, 
89.991760, 4080, 
90.001861, 4080, 
90.011962, 4080, 
90.022064, 4080, 
90.032165, 4080, 
90.042266, 4080, 
90.052368, 4080, 
90.062469, 4080, 
90.072570, 4080, 
90.082672, 4080, 
90.092773, 4080, 
90.102874, 4080, 
90.112976, 4080, 
90.123077, 4080, 
90.133178, 4080, 
90.143280, 4080, 
90.153381, 4080, 
90.163482, 4080, 
90.173583, 4080, 
90.183685, 4080, 
90.193786, 4080, 
90.203887, 4080, 
90.213989, 4080, 
90.224090, 4080, 
90.234191, 4080, 
90.244293, 4080, 
90.254394, 4080, 
90.264495, 4080, 
90.274597, 4080, 
90.284698, 4080, 
90.294799, 4080, 
90.304901, 4080, 
90.315002, 4080, 
90.325103, 4080, 
90.335205, 4080, 
90.345306, 4080, 
90.355407, 4080, 
90.365509, 4080, 
90.375610, 4080, 
90.385711, 4080, 
90.395812, 4080, 
90.405914, 4080, 
90.416015, 4080, 
90.426116, 4080, 
90.436218, 4080, 
90.446319, 4080, 
90.456420, 4080, 
90.466522, 4080, 
90.476623, 4080, 
90.486724, 4080, 
90.496826, 4080, 
90.506927, 4080, 
90.517028, 4080, 
90.527130, 4080, 
90.537231, 4080, 
90.547332, 4080, 
90.557434, 4080, 
90.567535, 4080, 
90.577636, 4080, 
90.587738, 4080, 
90.597839, 4080, 
90.607940, 4080, 
90.618041, 4080, 
90.628143, 4080, 
90.638244, 4080, 
90.648345, 4080, 
90.658447, 4080, 
90.668548, 4080, 
90.678649, 4080, 
90.688751, 4080, 
90.698852, 4080, 
90.708953, 4080, 
90.719055, 4080, 
90.729156, 4080, 
90.739257, 4080, 
90.749359, 4080, 
90.759460, 4080, 
90.769561, 4080, 
90.779663, 4080, 
90.789764, 4080, 
90.799865, 4080, 
90.809967, 4080, 
90.820068, 4080, 
90.830169, 4080, 
90.840270, 4080, 
90.850372, 4080, 
90.860473, 4080, 
90.870574, 4080, 
90.880676, 4080, 
90.890777, 4080, 
90.900878, 4080, 
90.910980, 4080, 
90.921081, 4080, 
90.931182, 4080, 
90.941284, 4080, 
90.951385, 4080, 
90.961486, 4080, 
90.971588, 4080, 
90.981689, 4080, 
90.991790, 4080, 
91.001892, 4080, 
91.011993, 4080, 
91.022094, 4080, 
91.032196, 4080, 
91.042297, 4080, 
91.052398, 4080, 
91.062500, 4080, 
91.072601, 4080, 
91.082702, 4080, 
91.092803, 4080, 
91.102905, 4080, 
91.113006, 4080, 
91.123107, 4080, 
91.133209, 4080, 
91.143310, 4080, 
91.153411, 4080, 
91.163513, 4080, 
91.173614, 4080, 
91.183715, 4080, 
91.193817, 4080, 
91.203918, 4080, 
91.214019, 4080, 
91.224121, 4080, 
91.234222, 4080, 
91.244323, 4080, 
91.254425, 4080, 
91.264526, 4080, 
91.274627, 4080, 
91.284729, 4080, 
91.294830, 4080, 
91.304931, 3825, 
91.315032, 4080, 
91.325134, 4080, 
91.335235, 4080, 
91.345336, 4080, 
91.355438, 4080, 
91.365539, 4080, 
91.375640, 4080, 
91.385742, 4080, 
91.395843, 4080, 
91.405944, 4080, 
91.416046, 4080, 
91.426147, 4080, 
91.436248, 4080, 
91.446350, 4080, 
91.456451, 4080, 
91.466552, 4080, 
91.476654, 4080, 
91.486755, 4080, 
91.496856, 4080, 
91.506958, 4080, 
91.517059, 4080, 
91.527160, 4080, 
91.537261, 4080, 
91.547363, 4080, 
91.557464, 4080, 
91.567565, 3952, 
91.577667, 4080, 
91.587768, 4080, 
91.597869, 3952, 
91.607971, 3824, 
91.618072, 4080, 
91.628173, 4080, 
91.638275, 4080, 
91.648376, 4080, 
91.658477, 4080, 
91.668579, 4080, 
91.678680, 4080, 
91.688781, 4080, 
91.698883, 4080, 
91.708984, 4080, 
91.719085, 4080, 
91.729187, 4080, 
91.739288, 4080, 
91.749389, 4080, 
91.759490, 4080, 
91.769592, 4080, 
91.779693, 4080, 
91.789794, 4080, 
91.799896, 4080, 
91.809997, 4080, 
91.820098, 4080, 
91.830200, 4080, 
91.840301, 4080, 
91.850402, 4080, 
91.860504, 4080, 
91.870605, 4080, 
91.880706, 4080, 
91.890808, 4080, 
91.900909, 4080, 
91.911010, 4080, 
91.921112, 3952, 
91.931213, 4080, 
91.941314, 4080, 
91.951416, 4080, 
91.961517, 4080, 
91.971618, 4080, 
91.981719, 4080, 
91.991821, 4080, 
92.001922, 4080, 
92.012023, 4080, 
92.022125, 4080, 
92.032226, 4080, 
92.042327, 4080, 
92.052429, 4080, 
92.062530, 4080, 
92.072631, 3697, 
92.082733, 4080, 
92.092834, 4080, 
92.102935, 4080, 
92.113037, 4080, 
92.123138, 4080, 
92.133239, 4080, 
92.143341, 4080, 
92.153442, 3952, 
92.163543, 4080, 
92.173645, 4080, 
92.183746, 4080, 
92.193847, 4080, 
92.203948, 4080, 
92.214050, 4080, 
92.224151, 4080, 
92.234252, 4080, 
92.244354, 4080, 
92.254455, 3952, 
92.264556, 4080, 
92.274658, 4080, 
92.284759, 4080, 
92.294860, 4080, 
92.304962, 4080, 
92.315063, 4080, 
92.325164, 4080, 
92.335266, 4080, 
92.345367, 4080, 
92.355468, 4080, 
92.365570, 4080, 
92.375671, 4080, 
92.385772, 4080, 
92.395874, 4080, 
92.405975, 4080, 
92.416076, 4080, 
92.426177, 4080, 
92.436279, 4080, 
92.446380, 4080, 
92.456481, 4080, 
92.466583, 4080, 
92.476684, 4080, 
92.486785, 4080, 
92.496887, 4080, 
92.506988, 4080, 
92.517089, 4080, 
92.527191, 4080, 
92.537292, 4080, 
92.547393, 4080, 
92.557495, 4080, 
92.567596, 4080, 
92.577697, 4080, 
92.587799, 4080, 
92.597900, 4080, 
92.608001, 4080, 
92.618103, 4080, 
92.628204, 4080, 
92.638305, 4080, 
92.648406, 4080, 
92.658508, 4080, 
92.668609, 4080, 
92.678710, 4080, 
92.688812, 4080, 
92.698913, 4080, 
92.709014, 4080, 
92.719116, 4080, 
92.729217, 4080, 
92.739318, 4080, 
92.749420, 4080, 
92.759521, 4080, 
92.769622, 4080, 
92.779724, 4080, 
92.789825, 4080, 
92.799926, 4080, 
92.810028, 4080, 
92.820129, 4080, 
92.830230, 4080, 
92.840332, 4080, 
92.850433, 4080, 
92.860534, 4080, 
92.870635, 4080, 
92.880737, 4080, 
92.890838, 4080, 
92.900939, 4080, 
92.911041, 4080, 
92.921142, 4080, 
92.931243, 4080, 
92.941345, 4080, 
92.951446, 4080, 
92.961547, 4080, 
92.971649, 4080, 
92.981750, 4080, 
92.991851, 4080, 
93.001953, 4080, 
93.012054, 4080, 
93.022155, 4080, 
93.032257, 4080, 
93.042358, 4080, 
93.052459, 4080, 
93.062561, 4080, 
93.072662, 4080, 
93.082763, 4080, 
93.092864, 4080, 
93.102966, 3952, 
93.113067, 4080, 
93.123168, 4080, 
93.133270, 4080, 
93.143371, 4080, 
93.153472, 4080, 
93.163574, 4080, 
93.173675, 4080, 
93.183776, 4080, 
93.193878, 3952, 
93.203979, 4080, 
93.214080, 4080, 
93.224182, 4080, 
93.234283, 4080, 
93.244384, 4080, 
93.254486, 4080, 
93.264587, 4080, 
93.274688, 4080, 
93.284790, 4080, 
93.294891, 4080, 
93.304992, 4080, 
93.315093, 4080, 
93.325195, 4080, 
93.335296, 4080, 
93.345397, 4080, 
93.355499, 4080, 
93.365600, 4080, 
93.375701, 4080, 
93.385803, 4080, 
93.395904, 4080, 
93.406005, 4080, 
93.416107, 4080, 
93.426208, 4080, 
93.436309, 4080, 
93.446411, 4080, 
93.456512, 4080, 
93.466613, 4080, 
93.476715, 4080, 
93.486816, 4080, 
93.496917, 4080, 
93.507019, 4080, 
93.517120, 4080, 
93.527221, 4080, 
93.537322, 4080, 
93.547424, 4080, 
93.557525, 4080, 
93.567626, 4080, 
93.577728, 4080, 
93.587829, 4080, 
93.597930, 4080, 
93.608032, 4080, 
93.618133, 4080, 
93.628234, 4080, 
93.638336, 4080, 
93.648437, 4080, 
93.658538, 4080, 
93.668640, 4080, 
93.678741, 4080, 
93.688842, 4080, 
93.698944, 4080, 
93.709045, 4080, 
93.719146, 4080, 
93.729248, 4080, 
93.739349, 4080, 
93.749450, 4080, 
93.759552, 4080, 
93.769653, 4080, 
93.779754, 4080, 
93.789855, 4080, 
93.799957, 4080, 
93.810058, 3952, 
93.820159, 3952, 
93.830261, 4080, 
93.840362, 4080, 
93.850463, 4080, 
93.860565, 4080, 
93.870666, 4080, 
93.880767, 4080, 
93.890869, 4080, 
93.900970, 4080, 
93.911071, 4080, 
93.921173, 4080, 
93.931274, 4080, 
93.941375, 4080, 
93.951477, 4080, 
93.961578, 4080, 
93.971679, 4080, 
93.981781, 4080, 
93.991882, 4080, 
94.001983, 4080, 
94.012084, 4080, 
94.022186, 4080, 
94.032287, 4080, 
94.042388, 4080, 
94.052490, 4080, 
94.062591, 4080, 
94.072692, 4080, 
94.082794, 4080, 
94.092895, 4080, 
94.102996, 4080, 
94.113098, 4080, 
94.123199, 4080, 
94.133300, 4080, 
94.143402, 4080, 
94.153503, 4080, 
94.163604, 4080, 
94.173706, 4080, 
94.183807, 4080, 
94.193908, 4080, 
94.204010, 4080, 
94.214111, 4080, 
94.224212, 4080, 
94.234313, 4080, 
94.244415, 4080, 
94.254516, 4080, 
94.264617, 4080, 
94.274719, 4080, 
94.284820, 4080, 
94.294921, 4080, 
94.305023, 4080, 
94.315124, 4080, 
94.325225, 4080, 
94.335327, 4080, 
94.345428, 3825, 
94.355529, 4080, 
94.365631, 4080, 
94.375732, 4080, 
94.385833, 4080, 
94.395935, 4080, 
94.406036, 4080, 
94.416137, 4080, 
94.426239, 4080, 
94.436340, 4080, 
94.446441, 4080, 
94.456542, 4080, 
94.466644, 4080, 
94.476745, 4080, 
94.486846, 4080, 
94.496948, 3952, 
94.507049, 4080, 
94.517150, 4080, 
94.527252, 4080, 
94.537353, 4080, 
94.547454, 4080, 
94.557556, 4080, 
94.567657, 4080, 
94.577758, 4080, 
94.587860, 4080, 
94.597961, 4080, 
94.608062, 4080, 
94.618164, 4080, 
94.628265, 4080, 
94.638366, 4080, 
94.648468, 4080, 
94.658569, 4080, 
94.668670, 4080, 
94.678771, 4080, 
94.688873, 4080, 
94.698974, 4080, 
94.709075, 4080, 
94.719177, 4080, 
94.729278, 4080, 
94.739379, 4080, 
94.749481, 3952, 
94.759582, 4080, 
94.769683, 4080, 
94.779785, 4080, 
94.789886, 4080, 
94.799987, 4080, 
94.810089, 4080, 
94.820190, 4080, 
94.830291, 4080, 
94.840393, 4080, 
94.850494, 4080, 
94.860595, 4080, 
94.870697, 4080, 
94.880798, 4080, 
94.890899, 4080, 
94.901000, 4080, 
94.911102, 4080, 
94.921203, 4080, 
94.931304, 4080, 
94.941406, 4080, 
94.951507, 4080, 
94.961608, 4080, 
94.971710, 4080, 
94.981811, 4080, 
94.991912, 4080, 
95.002014, 4080, 
95.012115, 3824, 
95.022216, 4080, 
95.032318, 4080, 
95.042419, 4080, 
95.052520, 4080, 
95.062622, 4080, 
95.072723, 4080, 
95.082824, 4080, 
95.092926, 4080, 
95.103027, 4080, 
95.113128, 4080, 
95.123229, 4080, 
95.133331, 4080, 
95.143432, 4080, 
95.153533, 4080, 
95.163635, 4080, 
95.173736, 4080, 
95.183837, 4080, 
95.193939, 4080, 
95.204040, 4080, 
95.214141, 4080, 
95.224243, 4080, 
95.234344, 4080, 
95.244445, 4080, 
95.254547, 4080, 
95.264648, 4080, 
95.274749, 4080, 
95.284851, 4080, 
95.294952, 4080, 
95.305053, 4080, 
95.315155, 4080, 
95.325256, 3824, 
95.335357, 4080, 
95.345458, 4080, 
95.355560, 4080, 
95.365661, 4080, 
95.375762, 4080, 
95.385864, 4080, 
95.395965, 4080, 
95.406066, 4080, 
95.416168, 4080, 
95.426269, 4080, 
95.436370, 4080, 
95.446472, 4080, 
95.456573, 4080, 
95.466674, 4080, 
95.476776, 4080, 
95.486877, 4080, 
95.496978, 4080, 
95.507080, 4080, 
95.517181, 4080, 
95.527282, 4080, 
95.537384, 4080, 
95.547485, 4080, 
95.557586, 4080, 
95.567687, 4080, 
95.577789, 4080, 
95.587890, 4080, 
95.597991, 4080, 
95.608093, 4080, 
95.618194, 4080, 
95.628295, 4080, 
95.638397, 4080, 
95.648498, 4080, 
95.658599, 4080, 
95.668701, 4080, 
95.678802, 4080, 
95.688903, 4080, 
95.699005, 4080, 
95.709106, 4080, 
95.719207, 4080, 
95.729309, 4080, 
95.739410, 4080, 
95.749511, 4080, 
95.759613, 3952, 
95.769714, 4080, 
95.779815, 4080, 
95.789916, 4080, 
95.800018, 4080, 
95.810119, 4080, 
95.820220, 4080, 
95.830322, 4080, 
95.840423, 4080, 
95.850524, 4080, 
95.860626, 4080, 
95.870727, 4080, 
95.880828, 4080, 
95.890930, 4080, 
95.901031, 4080, 
95.911132, 4080, 
95.921234, 4080, 
95.931335, 4080, 
95.941436, 4080, 
95.951538, 4080, 
95.961639, 4080, 
95.971740, 4080, 
95.981842, 4080, 
95.991943, 4080, 
96.002044, 4080, 
96.012145, 4080, 
96.022247, 4080, 
96.032348, 4080, 
96.042449, 4080, 
96.052551, 4080, 
96.062652, 4080, 
96.072753, 4080, 
96.082855, 4080, 
96.092956, 4080, 
96.103057, 4080, 
96.113159, 4080, 
96.123260, 4080, 
96.133361, 4080, 
96.143463, 4080, 
96.153564, 4080, 
96.163665, 4080, 
96.173767, 4080, 
96.183868, 4080, 
96.193969, 4080, 
96.204071, 4080, 
96.214172, 4080, 
96.224273, 4080, 
96.234375, 4080, 
96.244476, 4080, 
96.254577, 4080, 
96.264678, 4080, 
96.274780, 4080, 
96.284881, 4080, 
96.294982, 4080, 
96.305084, 4080, 
96.315185, 4080, 
96.325286, 4080, 
96.335388, 4080, 
96.345489, 4080, 
96.355590, 4080, 
96.365692, 4080, 
96.375793, 4080, 
96.385894, 4080, 
96.395996, 4080, 
96.406097, 4080, 
96.416198, 4080, 
96.426300, 4080, 
96.436401, 4080, 
96.446502, 4080, 
96.456604, 4080, 
96.466705, 4080, 
96.476806, 4080, 
96.486907, 4080, 
96.497009, 4080, 
96.507110, 4080, 
96.517211, 4080, 
96.527313, 3952, 
96.537414, 4080, 
96.547515, 4080, 
96.557617, 4080, 
96.567718, 4080, 
96.577819, 4080, 
96.587921, 4080, 
96.598022, 4080, 
96.608123, 4080, 
96.618225, 4080, 
96.628326, 4080, 
96.638427, 4080, 
96.648529, 4080, 
96.658630, 4080, 
96.668731, 4080, 
96.678833, 4080, 
96.688934, 4080, 
96.699035, 4080, 
96.709136, 4080, 
96.719238, 4080, 
96.729339, 4080, 
96.739440, 4080, 
96.749542, 4080, 
96.759643, 4080, 
96.769744, 4080, 
96.779846, 4080, 
96.789947, 4080, 
96.800048, 4080, 
96.810150, 4080, 
96.820251, 4080, 
96.830352, 4080, 
96.840454, 4080, 
96.850555, 4080, 
96.860656, 4080, 
96.870758, 4080, 
96.880859, 4080, 
96.890960, 4080, 
96.901062, 4080, 
96.911163, 4080, 
96.921264, 4080, 
96.931365, 4080, 
96.941467, 4080, 
96.951568, 4080, 
96.961669, 4080, 
96.971771, 4080, 
96.981872, 4080, 
96.991973, 4080, 
97.002075, 4080, 
97.012176, 4080, 
97.022277, 4080, 
97.032379, 4080, 
97.042480, 4080, 
97.052581, 4080, 
97.062683, 4080, 
97.072784, 4080, 
97.082885, 4080, 
97.092987, 4080, 
97.103088, 4080, 
97.113189, 4080, 
97.123291, 4080, 
97.133392, 4080, 
97.143493, 4080, 
97.153594, 4080, 
97.163696, 4080, 
97.173797, 4080, 
97.183898, 4080, 
97.194000, 4080, 
97.204101, 4080, 
97.214202, 4080, 
97.224304, 4080, 
97.234405, 4080, 
97.244506, 4080, 
97.254608, 4080, 
97.264709, 4080, 
97.274810, 4080, 
97.284912, 4080, 
97.295013, 4080, 
97.305114, 4080, 
97.315216, 4080, 
97.325317, 4080, 
97.335418, 4080, 
97.345520, 4080, 
97.355621, 4080, 
97.365722, 4080, 
97.375823, 4080, 
97.385925, 4080, 
97.396026, 4080, 
97.406127, 4080, 
97.416229, 4080, 
97.426330, 4080, 
97.436431, 4080, 
97.446533, 4080, 
97.456634, 4080, 
97.466735, 4080, 
97.476837, 4080, 
97.486938, 4080, 
97.497039, 4080, 
97.507141, 4080, 
97.517242, 4080, 
97.527343, 4080, 
97.537445, 4080, 
97.547546, 4080, 
97.557647, 4080, 
97.567749, 4080, 
97.577850, 4080, 
97.587951, 4080, 
97.598052, 4080, 
97.608154, 4080, 
97.618255, 4080, 
97.628356, 4080, 
97.638458, 4080, 
97.648559, 4080, 
97.658660, 4080, 
97.668762, 4080, 
97.678863, 4080, 
97.688964, 4080, 
97.699066, 4080, 
97.709167, 4080, 
97.719268, 4080, 
97.729370, 4080, 
97.739471, 4080, 
97.749572, 4080, 
97.759674, 4080, 
97.769775, 4080, 
97.779876, 4080, 
97.789978, 4080, 
97.800079, 4080, 
97.810180, 4080, 
97.820281, 4080, 
97.830383, 4080, 
97.840484, 4080, 
97.850585, 4080, 
97.860687, 4080, 
97.870788, 4080, 
97.880889, 4080, 
97.890991, 4080, 
97.901092, 4080, 
97.911193, 4080, 
97.921295, 4080, 
97.931396, 4080, 
97.941497, 4080, 
97.951599, 4080, 
97.961700, 4080, 
97.971801, 4080, 
97.981903, 4080, 
97.992004, 4080, 
98.002105, 4080, 
98.012207, 4080, 
98.022308, 4080, 
98.032409, 4080, 
98.042510, 4080, 
98.052612, 4080, 
98.062713, 4080, 
98.072814, 4080, 
98.082916, 4080, 
98.093017, 4080, 
98.103118, 4080, 
98.113220, 4080, 
98.123321, 4080, 
98.133422, 4080, 
98.143524, 4080, 
98.153625, 4080, 
98.163726, 4080, 
98.173828, 4080, 
98.183929, 4080, 
98.194030, 4080, 
98.204132, 4080, 
98.214233, 4080, 
98.224334, 4080, 
98.234436, 4080, 
98.244537, 4080, 
98.254638, 4080, 
98.264739, 4080, 
98.274841, 4080, 
98.284942, 4080, 
98.295043, 4080, 
98.305145, 4080, 
98.315246, 4080, 
98.325347, 4080, 
98.335449, 4080, 
98.345550, 4080, 
98.355651, 4080, 
98.365753, 4080, 
98.375854, 4080, 
98.385955, 4080, 
98.396057, 4080, 
98.406158, 4080, 
98.416259, 4080, 
98.426361, 4080, 
98.436462, 4080, 
98.446563, 4080, 
98.456665, 4080, 
98.466766, 4080, 
98.476867, 4080, 
98.486968, 4080, 
98.497070, 4080, 
98.507171, 4080, 
98.517272, 4080, 
98.527374, 4080, 
98.537475, 4080, 
98.547576, 4080, 
98.557678, 4080, 
98.567779, 4080, 
98.577880, 4080, 
98.587982, 4080, 
98.598083, 4080, 
98.608184, 4080, 
98.618286, 4080, 
98.628387, 4080, 
98.638488, 4080, 
98.648590, 4080, 
98.658691, 4080, 
98.668792, 4080, 
98.678894, 4080, 
98.688995, 4080, 
98.699096, 3952, 
98.719299, 4080, 
98.729400, 4080, 
98.739501, 4080, 
98.749603, 4080, 
98.759704, 4080, 
98.769805, 4080, 
98.779907, 4080, 
98.790008, 4080, 
98.800109, 4080, 
98.810211, 4080, 
98.820312, 4080, 
98.830413, 4080, 
98.840515, 4080, 
98.850616, 4080, 
98.860717, 4080, 
98.870819, 4080, 
98.880920, 4080, 
98.891021, 4080, 
98.901123, 4080, 
98.911224, 4080, 
98.921325, 4080, 
98.931427, 4080, 
98.941528, 4080, 
98.951629, 4080, 
98.961730, 4080, 
98.971832, 4080, 
98.981933, 4080, 
98.992034, 4080, 
99.002136, 4080, 
99.012237, 4080, 
99.022338, 3952, 
99.032440, 4080, 
99.042541, 4080, 
99.052642, 4080, 
99.062744, 4080, 
99.072845, 4080, 
99.082946, 4080, 
99.093048, 4080, 
99.103149, 4080, 
99.113250, 4080, 
99.123352, 4080, 
99.133453, 4080, 
99.143554, 4080, 
99.153656, 4080, 
99.163757, 4080, 
99.173858, 4080, 
99.183959, 4080, 
99.194061, 4080, 
99.204162, 4080, 
99.214263, 4080, 
99.224365, 4080, 
99.234466, 4080, 
99.244567, 4080, 
99.254669, 4080, 
99.264770, 4080, 
99.274871, 4080, 
99.284973, 4080, 
99.295074, 4080, 
99.305175, 4080, 
99.315277, 4080, 
99.325378, 4080, 
99.335479, 4080, 
99.345581, 4080, 
99.355682, 4080, 
99.365783, 4080, 
99.375885, 4080, 
99.385986, 4080, 
99.396087, 4080, 
99.406188, 4080, 
99.416290, 4080, 
99.426391, 4080, 
99.436492, 4080, 
99.446594, 4080, 
99.456695, 4080, 
99.466796, 4080, 
99.476898, 4080, 
99.486999, 4080, 
99.497100, 4080, 
99.507202, 4080, 
99.517303, 4080, 
99.527404, 4080, 
99.537506, 4080, 
99.547607, 4080, 
99.557708, 4080, 
99.567810, 4080, 
99.577911, 4080, 
99.588012, 4080, 
99.598114, 4080, 
99.608215, 4080, 
99.618316, 4080, 
99.628417, 4080, 
99.638519, 4080, 
99.648620, 4080, 
99.658721, 4080, 
99.668823, 4080, 
99.678924, 4080, 
99.689025, 3952, 
99.699127, 4080, 
99.709228, 4080, 
99.719329, 4080, 
99.729431, 4080, 
99.739532, 4080, 
99.749633, 4080, 
99.759735, 4080, 
99.769836, 4080, 
99.779937, 4080, 
99.790039, 4080, 
99.800140, 4080, 
99.810241, 4080, 
99.820343, 4080, 
99.830444, 4080, 
99.840545, 4080, 
99.850646, 4080, 
99.860748, 4080, 
99.870849, 4080, 
99.880950, 4080, 
99.891052, 4080, 
99.901153, 4080, 
99.911254, 4080, 
99.921356, 4080, 
99.931457, 4080, 
99.941558, 4080, 
99.951660, 4080, 
99.961761, 4080, 
99.971862, 4080, 
99.981964, 4080, 
99.992065, 4080, 
100.002166, 4080, 
100.012268, 4080, 
100.022369, 4080, 
100.032470, 4080, 
100.042572, 4080, 
100.052673, 4080, 
100.062774, 4080, 
100.072875, 4080, 
100.082977, 4080, 
100.093078, 4080, 
100.103179, 4080, 
100.113281, 4080, 
100.123382, 4080, 
100.133483, 4080, 
100.143585, 4080, 
100.153686, 4080, 
100.163787, 4080, 
100.173889, 4080, 
100.183990, 4080, 
100.194091, 4080, 
100.204193, 4080, 
100.214294, 4080, 
100.224395, 4080, 
100.234497, 4080, 
100.244598, 4080, 
100.254699, 4080, 
100.264801, 4080, 
100.274902, 4080, 
100.285003, 4080, 
100.295104, 4080, 
100.305206, 4080, 
100.315307, 4080, 
100.325408, 4080, 
100.335510, 4080, 
100.345611, 4080, 
100.355712, 4080, 
100.365814, 4080, 
100.375915, 4080, 
100.386016, 4080, 
100.396118, 4080, 
100.406219, 4080, 
100.416320, 4080, 
100.426422, 4080, 
100.436523, 4080, 
100.446624, 4080, 
100.456726, 4080, 
100.466827, 4080, 
100.476928, 4080, 
100.487030, 4080, 
100.497131, 4080, 
100.507232, 4080, 
100.517333, 4080, 
100.527435, 4080, 
100.537536, 4080, 
100.547637, 4080, 
100.557739, 4080, 
100.567840, 4080, 
100.577941, 4080, 
100.588043, 4080, 
100.598144, 4080, 
100.608245, 4080, 
100.618347, 4080, 
100.628448, 4080, 
100.638549, 4080, 
100.648651, 4080, 
100.658752, 4080, 
100.668853, 4080, 
100.678955, 4080, 
100.689056, 4080, 
100.699157, 4080, 
100.709259, 4080, 
100.719360, 4080, 
100.729461, 4080, 
100.739562, 4080, 
100.749664, 4080, 
100.759765, 4080, 
100.769866, 4080, 
100.779968, 4080, 
100.790069, 4080, 
100.800170, 4080, 
100.810272, 4080, 
100.820373, 4080, 
100.830474, 4080, 
100.840576, 4080, 
100.850677, 4080, 
100.860778, 4080, 
100.870880, 4080, 
100.880981, 4080, 
100.891082, 4080, 
100.901184, 4080, 
100.911285, 4080, 
100.921386, 4080, 
100.931488, 4080, 
100.941589, 4080, 
100.951690, 4080, 
100.961791, 4080, 
100.971893, 4080, 
100.981994, 4080, 
100.992095, 4080, 
101.002197, 4080, 
101.012298, 4080, 
101.022399, 4080, 
101.032501, 4080, 
101.042602, 4080, 
101.052703, 4080, 
101.062805, 4080, 
101.072906, 4080, 
101.083007, 4080, 
101.093109, 4080, 
101.103210, 4080, 
101.113311, 4080, 
101.123413, 4080, 
101.133514, 4080, 
101.143615, 4080, 
101.153717, 4080, 
101.163818, 4080, 
101.173919, 4080, 
101.184020, 4080, 
101.194122, 4080, 
101.204223, 4080, 
101.214324, 4080, 
101.224426, 4080, 
101.234527, 4080, 
101.244628, 4080, 
101.254730, 4080, 
101.264831, 4080, 
101.274932, 4080, 
101.285034, 4080, 
101.295135, 4080, 
101.305236, 4080, 
101.315338, 3952, 
101.325439, 4080, 
101.335540, 4080, 
101.345642, 4080, 
101.355743, 4080, 
101.365844, 4080, 
101.375946, 4080, 
101.386047, 4080, 
101.396148, 4080, 
101.406250, 4080, 
101.416351, 4080, 
101.426452, 4080, 
101.436553, 4080, 
101.446655, 4080, 
101.456756, 4080, 
101.466857, 4080, 
101.476959, 4080, 
101.487060, 4080, 
101.497161, 4080, 
101.507263, 4080, 
101.517364, 4080, 
101.527465, 4080, 
101.537567, 4080, 
101.547668, 4080, 
101.557769, 4080, 
101.567871, 4080, 
101.577972, 4080, 
101.588073, 4080, 
101.598175, 4080, 
101.608276, 4080, 
101.618377, 4080, 
101.628479, 4080, 
101.638580, 4080, 
101.648681, 4080, 
101.658782, 4080, 
101.668884, 4080, 
101.678985, 4080, 
101.689086, 4080, 
101.699188, 4080, 
101.709289, 4080, 
101.719390, 4080, 
101.729492, 4080, 
101.739593, 4080, 
101.749694, 4080, 
101.759796, 4080, 
101.769897, 4080, 
101.779998, 4080, 
101.790100, 4080, 
101.800201, 4080, 
101.810302, 4080, 
101.820404, 4080, 
101.830505, 4080, 
101.840606, 4080, 
101.850708, 4080, 
101.860809, 4080, 
101.870910, 4080, 
101.881011, 4080, 
101.891113, 4080, 
101.901214, 4080, 
101.911315, 4080, 
101.921417, 4080, 
101.931518, 4080, 
101.941619, 4080, 
101.951721, 4080, 
101.961822, 4080, 
101.971923, 3824, 
101.982025, 4080, 
101.992126, 4080, 
102.002227, 4080, 
102.012329, 4080, 
102.022430, 4080, 
102.032531, 4080, 
102.042633, 4080, 
102.052734, 4080, 
102.062835, 4080, 
102.072937, 4080, 
102.083038, 4080, 
102.093139, 4080, 
102.103240, 4080, 
102.113342, 4080, 
102.123443, 4080, 
102.133544, 4080, 
102.143646, 4080, 
102.153747, 4080, 
102.163848, 4080, 
102.173950, 4080, 
102.184051, 4080, 
102.194152, 4080, 
102.204254, 4080, 
102.214355, 4080, 
102.224456, 4080, 
102.234558, 4080, 
102.244659, 4080, 
102.254760, 4080, 
102.264862, 4080, 
102.274963, 4080, 
102.285064, 4080, 
102.295166, 4080, 
102.305267, 4080, 
102.315368, 4080, 
102.325469, 4080, 
102.335571, 4080, 
102.345672, 3952, 
102.355773, 4080, 
102.365875, 4080, 
102.375976, 4080, 
102.386077, 4080, 
102.396179, 4080, 
102.406280, 4080, 
102.416381, 4080, 
102.426483, 4080, 
102.436584, 4080, 
102.446685, 4080, 
102.456787, 4080, 
102.466888, 4080, 
102.476989, 4080, 
102.487091, 4080, 
102.497192, 4080, 
102.507293, 4080, 
102.517395, 4080, 
102.527496, 4080, 
102.537597, 4080, 
102.547698, 4080, 
102.557800, 4080, 
102.567901, 4080, 
102.578002, 4080, 
102.588104, 4080, 
102.598205, 4080, 
102.608306, 4080, 
102.618408, 4080, 
102.628509, 4080, 
102.638610, 4080, 
102.648712, 4080, 
102.658813, 4080, 
102.668914, 4080, 
102.679016, 4080, 
102.689117, 4080, 
102.699218, 4080, 
102.709320, 4080, 
102.719421, 4080, 
102.729522, 4080, 
102.739624, 4080, 
102.749725, 4080, 
102.759826, 4080, 
102.769927, 4080, 
102.780029, 4080, 
102.790130, 4080, 
102.800231, 4080, 
102.810333, 4080, 
102.820434, 4080, 
102.830535, 4080, 
102.840637, 4080, 
102.850738, 4080, 
102.860839, 4080, 
102.870941, 4080, 
102.881042, 4080, 
102.891143, 4080, 
102.901245, 4080, 
102.911346, 3952, 
102.921447, 4080, 
102.931549, 4080, 
102.941650, 4080, 
102.951751, 4080, 
102.961853, 4080, 
102.971954, 4080, 
102.982055, 4080, 
102.992156, 4080, 
103.002258, 4080, 
103.012359, 4080, 
103.022460, 4080, 
103.032562, 4080, 
103.042663, 4080, 
103.052764, 4080, 
103.062866, 4080, 
103.072967, 4080, 
103.083068, 4080, 
103.093170, 4080, 
103.103271, 4080, 
103.113372, 4080, 
103.123474, 4080, 
103.133575, 4080, 
103.143676, 4080, 
103.153778, 4080, 
103.163879, 4080, 
103.173980, 4080, 
103.184082, 4080, 
103.194183, 4080, 
103.204284, 4080, 
103.214385, 4080, 
103.224487, 4080, 
103.234588, 4080, 
103.244689, 4080, 
103.254791, 4080, 
103.264892, 4080, 
103.274993, 4080, 
103.285095, 4080, 
103.295196, 4080, 
103.305297, 4080, 
103.315399, 4080, 
103.325500, 4080, 
103.335601, 4080, 
103.345703, 4080, 
103.355804, 4080, 
103.365905, 4080, 
103.376007, 4080, 
103.386108, 4080, 
103.396209, 4080, 
103.406311, 4080, 
103.416412, 4080, 
103.426513, 4080, 
103.436614, 4080, 
103.446716, 4080, 
103.456817, 4080, 
103.466918, 4080, 
103.477020, 4080, 
103.487121, 4080, 
103.497222, 4080, 
103.507324, 4080, 
103.517425, 4080, 
103.527526, 4080, 
103.537628, 4080, 
103.547729, 4080, 
103.557830, 4080, 
103.567932, 4080, 
103.578033, 4080, 
103.588134, 4080, 
103.598236, 4080, 
103.608337, 4080, 
103.618438, 4080, 
103.628540, 4080, 
103.638641, 4080, 
103.648742, 4080, 
103.658843, 4080, 
103.668945, 4080, 
103.679046, 4080, 
103.689147, 4080, 
103.699249, 4080, 
103.709350, 4080, 
103.719451, 4080, 
103.729553, 4080, 
103.739654, 4080, 
103.749755, 4080, 
103.759857, 4080, 
103.769958, 4080, 
103.780059, 4080, 
103.790161, 4080, 
103.800262, 4080, 
103.810363, 4080, 
103.820465, 4080, 
103.830566, 4080, 
103.840667, 4080, 
103.850769, 4080, 
103.860870, 4080, 
103.870971, 4080, 
103.881072, 4080, 
103.891174, 4080, 
103.901275, 3952, 
103.911376, 4080, 
103.921478, 4080, 
103.931579, 4080, 
103.941680, 4080, 
103.951782, 4080, 
103.961883, 4080, 
103.971984, 4080, 
103.982086, 4080, 
103.992187, 4080, 
104.002288, 4080, 
104.012390, 4080, 
104.022491, 4080, 
104.032592, 4080, 
104.042694, 4080, 
104.052795, 4080, 
104.062896, 4080, 
104.072998, 4080, 
104.083099, 4080, 
104.093200, 4080, 
104.103302, 4080, 
104.113403, 4080, 
104.123504, 4080, 
104.133605, 4080, 
104.143707, 4080, 
104.153808, 4080, 
104.163909, 3952, 
104.174011, 4080, 
104.184112, 4080, 
104.194213, 4080, 
104.204315, 4080, 
104.214416, 4080, 
104.224517, 4080, 
104.234619, 4080, 
104.244720, 4080, 
104.254821, 4080, 
104.264923, 4080, 
104.275024, 4080, 
104.285125, 4080, 
104.295227, 4080, 
104.305328, 4080, 
104.315429, 4080, 
104.325531, 4080, 
104.335632, 4080, 
104.345733, 4080, 
104.355834, 4080, 
104.365936, 4080, 
104.376037, 4080, 
104.386138, 4080, 
104.396240, 4080, 
104.406341, 4080, 
104.416442, 4080, 
104.426544, 4080, 
104.436645, 4080, 
104.446746, 4080, 
104.456848, 4080, 
104.466949, 4080, 
104.477050, 3952, 
104.487152, 3952, 
104.497253, 4080, 
104.507354, 4080, 
104.517456, 4080, 
104.527557, 4080, 
104.537658, 4080, 
104.547760, 4080, 
104.557861, 4080, 
104.567962, 4080, 
104.578063, 4080, 
104.588165, 4080, 
104.598266, 4080, 
104.608367, 4080, 
104.618469, 4080, 
104.628570, 4080, 
104.638671, 4080, 
104.648773, 4080, 
104.658874, 4080, 
104.668975, 4080, 
104.679077, 4080, 
104.689178, 4080, 
104.699279, 4080, 
104.709381, 4080, 
104.719482, 4080, 
104.729583, 4080, 
104.739685, 4080, 
104.749786, 4080, 
104.759887, 4080, 
104.769989, 4080, 
104.780090, 4080, 
104.790191, 4080, 
104.800292, 4080, 
104.810394, 4080, 
104.820495, 4080, 
104.830596, 4080, 
104.840698, 4080, 
104.850799, 4080, 
104.860900, 4080, 
104.871002, 4080, 
104.881103, 4080, 
104.891204, 4080, 
104.901306, 4080, 
104.911407, 4080, 
104.921508, 4080, 
104.931610, 4080, 
104.941711, 4080, 
104.951812, 4080, 
104.961914, 4080, 
104.972015, 3952, 
104.982116, 4080, 
104.992218, 4080, 
105.002319, 4080, 
105.012420, 4080, 
105.022521, 4080, 
105.032623, 3952, 
105.042724, 4080, 
105.052825, 4080, 
105.062927, 4080, 
105.073028, 4080, 
105.083129, 4080, 
105.093231, 4080, 
105.103332, 3952, 
105.113433, 4080, 
105.123535, 4080, 
105.133636, 4080, 
105.143737, 4080, 
105.153839, 4080, 
105.163940, 4080, 
105.174041, 4080, 
105.184143, 4080, 
105.194244, 4080, 
105.204345, 4080, 
105.214447, 4080, 
105.224548, 4080, 
105.234649, 4080, 
105.244750, 4080, 
105.254852, 4080, 
105.264953, 4080, 
105.275054, 4080, 
105.285156, 4080, 
105.295257, 4080, 
105.305358, 4080, 
105.315460, 4080, 
105.325561, 4080, 
105.335662, 4080, 
105.345764, 4080, 
105.355865, 4080, 
105.365966, 4080, 
105.376068, 4080, 
105.386169, 4080, 
105.396270, 4080, 
105.406372, 4080, 
105.416473, 4080, 
105.426574, 4080, 
105.436676, 4080, 
105.446777, 4080, 
105.456878, 4080, 
105.466979, 4080, 
105.477081, 4080, 
105.487182, 4080, 
105.497283, 4080, 
105.507385, 4080, 
105.517486, 4080, 
105.527587, 4080, 
105.537689, 4080, 
105.547790, 4080, 
105.557891, 4080, 
105.567993, 4080, 
105.578094, 4080, 
105.588195, 4080, 
105.598297, 4080, 
105.608398, 4080, 
105.618499, 4080, 
105.628601, 4080, 
105.638702, 4080, 
105.648803, 4080, 
105.658905, 4080, 
105.669006, 4080, 
105.679107, 4080, 
105.689208, 4080, 
105.699310, 4080, 
105.709411, 4080, 
105.719512, 4080, 
105.729614, 4080, 
105.739715, 4080, 
105.749816, 4080, 
105.759918, 4080, 
105.770019, 4080, 
105.780120, 4080, 
105.790222, 4080, 
105.800323, 4080, 
105.810424, 4080, 
105.820526, 4080, 
105.830627, 4080, 
105.840728, 4080, 
105.850830, 4080, 
105.860931, 4080, 
105.871032, 3952, 
105.881134, 4080, 
105.891235, 4080, 
105.901336, 4080, 
105.911437, 4080, 
105.921539, 4080, 
105.931640, 4080, 
105.941741, 4080, 
105.951843, 4080, 
105.961944, 4080, 
105.972045, 4080, 
105.982147, 4080, 
105.992248, 4080, 
106.002349, 4080, 
106.012451, 4080, 
106.022552, 4080, 
106.032653, 4080, 
106.042755, 4080, 
106.052856, 4080, 
106.062957, 4080, 
106.073059, 4080, 
106.083160, 4080, 
106.093261, 4080, 
106.103363, 4080, 
106.113464, 4080, 
106.123565, 4080, 
106.133666, 4080, 
106.143768, 4080, 
106.153869, 4080, 
106.163970, 4080, 
106.174072, 4080, 
106.184173, 4080, 
106.194274, 4080, 
106.204376, 4080, 
106.214477, 4080, 
106.224578, 4080, 
106.234680, 4080, 
106.244781, 4080, 
106.254882, 4080, 
106.264984, 4080, 
106.275085, 3952, 
106.285186, 4080, 
106.295288, 4080, 
106.305389, 4080, 
106.315490, 4080, 
106.325592, 4080, 
106.335693, 4080, 
106.345794, 4080, 
106.355895, 4080, 
106.365997, 4080, 
106.376098, 4080, 
106.386199, 4080, 
106.396301, 4080, 
106.406402, 4080, 
106.416503, 4080, 
106.426605, 4080, 
106.436706, 4080, 
106.446807, 4080, 
106.456909, 4080, 
106.467010, 4080, 
106.477111, 4080, 
106.487213, 4080, 
106.497314, 4080, 
106.507415, 4080, 
106.517517, 4080, 
106.527618, 4080, 
106.537719, 4080, 
106.547821, 4080, 
106.557922, 4080, 
106.568023, 4080, 
106.578125, 4080, 
106.588226, 4080, 
106.598327, 4080, 
106.608428, 4080, 
106.618530, 4080, 
106.628631, 4080, 
106.638732, 4080, 
106.648834, 4080, 
106.658935, 4080, 
106.669036, 4080, 
106.679138, 4080, 
106.689239, 4080, 
106.699340, 4080, 
106.709442, 4080, 
106.719543, 4080, 
106.729644, 4080, 
106.739746, 4080, 
106.749847, 4080, 
106.759948, 4080, 
106.770050, 4080, 
106.780151, 4080, 
106.790252, 4080, 
106.800354, 4080, 
106.810455, 4080, 
106.820556, 4080, 
106.830657, 4080, 
106.840759, 4080, 
106.850860, 4080, 
106.860961, 4080, 
106.871063, 4080, 
106.881164, 4080, 
106.891265, 4080, 
106.901367, 4080, 
106.911468, 4080, 
106.921569, 4080, 
106.931671, 4080, 
106.941772, 4080, 
106.951873, 4080, 
106.961975, 4080, 
106.972076, 4080, 
106.982177, 4080, 
106.992279, 4080, 
107.002380, 4080, 
107.012481, 4080, 
107.022583, 4080, 
107.032684, 4080, 
107.042785, 4080, 
107.052886, 4080, 
107.062988, 4080, 
107.073089, 4080, 
107.083190, 4080, 
107.093292, 4080, 
107.103393, 4080, 
107.113494, 3952, 
107.123596, 4080, 
107.133697, 4080, 
107.143798, 4080, 
107.153900, 4080, 
107.164001, 4080, 
107.184204, 4080, 
107.194305, 4080, 
107.204406, 4080, 
107.214508, 4080, 
107.224609, 4080, 
107.234710, 4080, 
107.244812, 4080, 
107.254913, 4080, 
107.265014, 4080, 
107.275115, 4080, 
107.285217, 4080, 
107.295318, 4080, 
107.305419, 4080, 
107.315521, 4080, 
107.325622, 4080, 
107.335723, 4080, 
107.345825, 4080, 
107.355926, 4080, 
107.366027, 4080, 
107.376129, 4080, 
107.386230, 4080, 
107.396331, 4080, 
107.406433, 4080, 
107.416534, 4080, 
107.426635, 4080, 
107.436737, 4080, 
107.446838, 4080, 
107.456939, 4080, 
107.467041, 4080, 
107.477142, 4080, 
107.487243, 4080, 
107.497344, 4080, 
107.507446, 4080, 
107.517547, 4080, 
107.527648, 4080, 
107.537750, 4080, 
107.547851, 4080, 
107.557952, 4080, 
107.568054, 4080, 
107.578155, 4080, 
107.588256, 4080, 
107.598358, 4080, 
107.608459, 4080, 
107.618560, 4080, 
107.628662, 4080, 
107.638763, 4080, 
107.648864, 4080, 
107.658966, 4080, 
107.669067, 4080, 
107.679168, 4080, 
107.689270, 4080, 
107.699371, 4080, 
107.709472, 4080, 
107.719573, 4080, 
107.729675, 4080, 
107.739776, 4080, 
107.749877, 4080, 
107.759979, 4080, 
107.770080, 4080, 
107.780181, 4080, 
107.790283, 4080, 
107.800384, 4080, 
107.810485, 4080, 
107.820587, 4080, 
107.830688, 4080, 
107.840789, 4080, 
107.850891, 4080, 
107.860992, 4080, 
107.871093, 4080, 
107.881195, 4080, 
107.891296, 4080, 
107.901397, 4080, 
107.911499, 4080, 
107.921600, 4080, 
107.931701, 4080, 
107.941802, 4080, 
107.951904, 4080, 
107.962005, 4080, 
107.972106, 4080, 
107.982208, 4080, 
107.992309, 4080, 
108.002410, 4080, 
108.012512, 4080, 
108.022613, 4080, 
108.032714, 4080, 
108.042816, 4080, 
108.052917, 4080, 
108.063018, 4080, 
108.073120, 4080, 
108.083221, 4080, 
108.093322, 4080, 
108.103424, 4080, 
108.113525, 3952, 
108.123626, 4080, 
108.133728, 4080, 
108.143829, 4080, 
108.153930, 4080, 
108.164031, 4080, 
108.174133, 4080, 
108.184234, 4080, 
108.194335, 4080, 
108.204437, 4080, 
108.214538, 4080, 
108.224639, 4080, 
108.234741, 4080, 
108.244842, 4080, 
108.254943, 4080, 
108.265045, 4080, 
108.275146, 4080, 
108.285247, 4080, 
108.295349, 4080, 
108.305450, 4080, 
108.315551, 3952, 
108.325653, 4080, 
108.335754, 3952, 
108.345855, 4080, 
108.355957, 4080, 
108.366058, 4080, 
108.376159, 4080, 
108.386260, 3825, 
108.396362, 4080, 
108.406463, 3952, 
108.416564, 4080, 
108.426666, 4080, 
108.436767, 4080, 
108.446868, 4080, 
108.456970, 4080, 
108.467071, 4080, 
108.477172, 4080, 
108.487274, 4080, 
108.497375, 4080, 
108.507476, 4080, 
108.517578, 4080, 
108.527679, 4080, 
108.537780, 4080, 
108.547882, 4080, 
108.557983, 4080, 
108.568084, 4080, 
108.578186, 4080, 
108.588287, 4080, 
108.598388, 4080, 
108.608489, 4080, 
108.618591, 4080, 
108.628692, 4080, 
108.638793, 4080, 
108.648895, 4080, 
108.658996, 4080, 
108.669097, 4080, 
108.679199, 4080, 
108.689300, 4080, 
108.699401, 4080, 
108.709503, 4080, 
108.719604, 4080, 
108.729705, 4080, 
108.739807, 4080, 
108.749908, 4080, 
108.760009, 4080, 
108.770111, 4080, 
108.780212, 4080, 
108.790313, 4080, 
108.800415, 4080, 
108.810516, 4080, 
108.820617, 4080, 
108.830718, 4080, 
108.840820, 4080, 
108.850921, 4080, 
108.861022, 4080, 
108.871124, 4080, 
108.881225, 4080, 
108.891326, 4080, 
108.901428, 4080, 
108.911529, 4080, 
108.921630, 4080, 
108.931732, 4080, 
108.941833, 4080, 
108.951934, 4080, 
108.962036, 4080, 
108.972137, 4080, 
108.982238, 4080, 
108.992340, 4080, 
109.002441, 4080, 
109.012542, 4080, 
109.022644, 4080, 
109.032745, 4080, 
109.042846, 4080, 
109.052947, 4080, 
109.063049, 4080, 
109.073150, 4080, 
109.083251, 4080, 
109.093353, 4080, 
109.103454, 4080, 
109.113555, 4080, 
109.123657, 4080, 
109.133758, 4080, 
109.143859, 4080, 
109.153961, 4080, 
109.164062, 4080, 
109.174163, 4080, 
109.184265, 4080, 
109.194366, 4080, 
109.204467, 4080, 
109.214569, 4080, 
109.224670, 4080, 
109.234771, 4080, 
109.244873, 4080, 
109.254974, 4080, 
109.265075, 4080, 
109.275177, 4080, 
109.285278, 4080, 
109.295379, 4080, 
109.305480, 4080, 
109.315582, 4080, 
109.325683, 4080, 
109.335784, 4080, 
109.345886, 4080, 
109.355987, 4080, 
109.366088, 4080, 
109.376190, 4080, 
109.386291, 4080, 
109.396392, 4080, 
109.406494, 4080, 
109.416595, 4080, 
109.426696, 4080, 
109.436798, 4080, 
109.446899, 4080, 
109.457000, 4080, 
109.467102, 4080, 
109.477203, 4080, 
109.487304, 4080, 
109.497406, 4080, 
109.507507, 4080, 
109.517608, 4080, 
109.527709, 4080, 
109.537811, 4080, 
109.547912, 4080, 
109.558013, 4080, 
109.568115, 4080, 
109.578216, 4080, 
109.588317, 4080, 
109.598419, 4080, 
109.608520, 4080, 
109.618621, 4080, 
109.628723, 4080, 
109.638824, 4080, 
109.648925, 4080, 
109.659027, 4080, 
109.669128, 4080, 
109.679229, 4080, 
109.689331, 4080, 
109.699432, 4080, 
109.709533, 4080, 
109.719635, 4080, 
109.729736, 4080, 
109.739837, 4080, 
109.749938, 4080, 
109.760040, 4080, 
109.770141, 4080, 
109.780242, 4080, 
109.790344, 4080, 
109.800445, 4080, 
109.810546, 4080, 
109.820648, 4080, 
109.830749, 4080, 
109.840850, 4080, 
109.850952, 3952, 
109.861053, 4080, 
109.871154, 4080, 
109.881256, 4080, 
109.891357, 3952, 
109.901458, 3952, 
109.911560, 4080, 
109.921661, 4080, 
109.931762, 4080, 
109.941864, 4080, 
109.951965, 4080, 
109.962066, 4080, 
109.972167, 4080, 
109.982269, 4080, 
109.992370, 4080, 
110.002471, 4080, 
110.012573, 4080, 
110.022674, 3952, 
110.032775, 4080, 
110.042877, 4080, 
110.052978, 4080, 
110.063079, 4080, 
110.073181, 4080, 
110.083282, 4080, 
110.093383, 4080, 
110.103485, 4080, 
110.113586, 4080, 
110.123687, 4080, 
110.133789, 4080, 
110.143890, 4080, 
110.153991, 4080, 
110.164093, 4080, 
110.174194, 4080, 
110.184295, 4080, 
110.194396, 4080, 
110.204498, 4080, 
110.214599, 4080, 
110.224700, 4080, 
110.234802, 4080, 
110.244903, 4080, 
110.255004, 4080, 
110.265106, 4080, 
110.275207, 4080, 
110.285308, 4080, 
110.295410, 4080, 
110.305511, 4080, 
110.315612, 4080, 
110.325714, 4080, 
110.335815, 4080, 
110.345916, 4080, 
110.356018, 4080, 
110.366119, 4080, 
110.376220, 4080, 
110.386322, 4080, 
110.396423, 4080, 
110.406524, 4080, 
110.416625, 4080, 
110.426727, 4080, 
110.436828, 4080, 
110.446929, 4080, 
110.457031, 4080, 
110.467132, 4080, 
110.477233, 4080, 
110.487335, 4080, 
110.497436, 4080, 
110.507537, 4080, 
110.517639, 4080, 
110.527740, 4080, 
110.537841, 4080, 
110.547943, 4080, 
110.558044, 4080, 
110.568145, 4080, 
110.578247, 4080, 
110.588348, 4080, 
110.598449, 4080, 
110.608551, 4080, 
110.618652, 4080, 
110.628753, 4080, 
110.638854, 4080, 
110.648956, 4080, 
110.659057, 4080, 
110.669158, 4080, 
110.679260, 4080, 
110.689361, 4080, 
110.699462, 4080, 
110.709564, 4080, 
110.719665, 4080, 
110.729766, 4080, 
110.739868, 4080, 
110.749969, 4080, 
110.760070, 4080, 
110.770172, 4080, 
110.780273, 4080, 
110.790374, 4080, 
110.800476, 4080, 
110.810577, 4080, 
110.820678, 4080, 
110.830780, 4080, 
110.840881, 4080, 
110.850982, 4080, 
110.861083, 4080, 
110.871185, 4080, 
110.881286, 4080, 
110.891387, 4080, 
110.901489, 4080, 
110.911590, 4080, 
110.921691, 4080, 
110.931793, 4080, 
110.941894, 4080, 
110.951995, 4080, 
110.962097, 4080, 
110.972198, 4080, 
110.982299, 4080, 
110.992401, 4080, 
111.002502, 4080, 
111.012603, 4080, 
111.022705, 4080, 
111.032806, 4080, 
111.042907, 4080, 
111.053009, 4080, 
111.063110, 4080, 
111.073211, 4080, 
111.083312, 4080, 
111.093414, 4080, 
111.103515, 4080, 
111.113616, 4080, 
111.123718, 4080, 
111.133819, 4080, 
111.143920, 4080, 
111.154022, 4080, 
111.164123, 4080, 
111.174224, 4080, 
111.184326, 4080, 
111.194427, 4080, 
111.204528, 4080, 
111.214630, 4080, 
111.224731, 4080, 
111.234832, 4080, 
111.244934, 4080, 
111.255035, 4080, 
111.265136, 4080, 
111.275238, 4080, 
111.285339, 4080, 
111.295440, 4080, 
111.305541, 4080, 
111.315643, 4080, 
111.325744, 4080, 
111.335845, 4080, 
111.345947, 4080, 
111.356048, 4080, 
111.366149, 4080, 
111.376251, 4080, 
111.386352, 4080, 
111.396453, 4080, 
111.406555, 4080, 
111.416656, 4080, 
111.426757, 4080, 
111.436859, 4080, 
111.446960, 4080, 
111.457061, 4080, 
111.467163, 4080, 
111.477264, 4080, 
111.487365, 4080, 
111.497467, 4080, 
111.507568, 4080, 
111.517669, 4080, 
111.527770, 4080, 
111.537872, 4080, 
111.547973, 4080, 
111.558074, 4080, 
111.568176, 4080, 
111.578277, 4080, 
111.588378, 4080, 
111.598480, 4080, 
111.608581, 4080, 
111.618682, 4080, 
111.628784, 4080, 
111.638885, 4080, 
111.648986, 4080, 
111.659088, 4080, 
111.669189, 4080, 
111.679290, 4080, 
111.689392, 4080, 
111.699493, 4080, 
111.709594, 4080, 
111.719696, 3952, 
111.729797, 4080, 
111.739898, 4080, 
111.750000, 4080, 
111.760101, 4080, 
111.770202, 4080, 
111.780303, 4080, 
111.790405, 4080, 
111.800506, 4080, 
111.810607, 4080, 
111.820709, 4080, 
111.830810, 4080, 
111.840911, 4080, 
111.851013, 4080, 
111.861114, 4080, 
111.871215, 4080, 
111.881317, 4080, 
111.891418, 4080, 
111.901519, 4080, 
111.911621, 4080, 
111.921722, 4080, 
111.931823, 4080, 
111.941925, 4080, 
111.952026, 4080, 
111.962127, 4080, 
111.972229, 4080, 
111.982330, 4080, 
111.992431, 4080, 
112.002532, 4080, 
112.012634, 4080, 
112.022735, 4080, 
112.032836, 4080, 
112.042938, 4080, 
112.053039, 4080, 
112.063140, 4080, 
112.073242, 4080, 
112.083343, 4080, 
112.093444, 4080, 
112.103546, 4080, 
112.113647, 4080, 
112.123748, 4080, 
112.133850, 4080, 
112.143951, 4080, 
112.154052, 4080, 
112.164154, 4080, 
112.174255, 4080, 
112.184356, 4080, 
112.194458, 4080, 
112.204559, 4080, 
112.214660, 4080, 
112.224761, 4080, 
112.234863, 4080, 
112.244964, 4080, 
112.255065, 4080, 
112.265167, 4080, 
112.275268, 4080, 
112.285369, 4080, 
112.295471, 4080, 
112.305572, 4080, 
112.315673, 4080, 
112.325775, 4080, 
112.335876, 4080, 
112.345977, 4080, 
112.356079, 4080, 
112.366180, 4080, 
112.376281, 4080, 
112.386383, 4080, 
112.396484, 4080, 
112.406585, 4080, 
112.416687, 4080, 
112.426788, 4080, 
112.436889, 4080, 
112.446990, 4080, 
112.457092, 4080, 
112.467193, 4080, 
112.477294, 4080, 
112.487396, 4080, 
112.497497, 4080, 
112.507598, 4080, 
112.517700, 4076, 
112.527801, 4080, 
112.537902, 4080, 
112.548004, 4080, 
112.558105, 4080, 
112.568206, 4080, 
112.578308, 4080, 
112.588409, 4080, 
112.598510, 4080, 
112.608612, 4080, 
112.618713, 4080, 
112.628814, 4080, 
112.638916, 4080, 
112.649017, 4080, 
112.659118, 4080, 
112.669219, 4080, 
112.679321, 4080, 
112.689422, 4080, 
112.699523, 4080, 
112.709625, 4080, 
112.719726, 4080, 
112.729827, 4080, 
112.739929, 4080, 
112.750030, 4080, 
112.760131, 4080, 
112.770233, 4080, 
112.780334, 4080, 
112.790435, 4080, 
112.800537, 4080, 
112.810638, 4080, 
112.820739, 4080, 
112.830841, 4080, 
112.840942, 4080, 
112.851043, 4080, 
112.861145, 4080, 
112.871246, 4080, 
112.881347, 4080, 
112.891448, 4080, 
112.901550, 4080, 
112.911651, 4080, 
112.921752, 4080, 
112.931854, 4080, 
112.941955, 4080, 
112.952056, 4080, 
112.962158, 4080, 
112.972259, 4080, 
112.982360, 4080, 
112.992462, 4080, 
113.002563, 4080, 
113.012664, 4080, 
113.022766, 4080, 
113.032867, 4080, 
113.042968, 4080, 
113.053070, 3952, 
113.063171, 4080, 
113.073272, 4080, 
113.083374, 4080, 
113.093475, 4080, 
113.103576, 4080, 
113.113677, 4080, 
113.123779, 4080, 
113.133880, 4080, 
113.143981, 4080, 
113.154083, 4080, 
113.164184, 4080, 
113.174285, 4080, 
113.184387, 4080, 
113.194488, 4080, 
113.204589, 4080, 
113.214691, 4080, 
113.224792, 4080, 
113.234893, 4080, 
113.244995, 4080, 
113.255096, 4080, 
113.265197, 4080, 
113.275299, 4080, 
113.285400, 4080, 
113.295501, 4080, 
113.305603, 4080, 
113.315704, 4080, 
113.325805, 4080, 
113.335906, 4080, 
113.346008, 4080, 
113.356109, 4080, 
113.366210, 4080, 
113.376312, 4080, 
113.386413, 4080, 
113.396514, 4080, 
113.406616, 4080, 
113.416717, 4080, 
113.426818, 4080, 
113.436920, 4080, 
113.447021, 4080, 
113.457122, 4080, 
113.467224, 4080, 
113.477325, 4080, 
113.487426, 4080, 
113.497528, 4080, 
113.507629, 4080, 
113.517730, 4080, 
113.527832, 4080, 
113.537933, 4080, 
113.548034, 4080, 
113.558135, 4080, 
113.568237, 4080, 
113.578338, 4080, 
113.588439, 4080, 
113.598541, 4080, 
113.608642, 4080, 
113.618743, 4080, 
113.628845, 4080, 
113.638946, 4080, 
113.649047, 4080, 
113.659149, 4080, 
113.669250, 4080, 
113.679351, 4080, 
113.689453, 4080, 
113.699554, 4080, 
113.709655, 4080, 
113.719757, 4080, 
113.729858, 4080, 
113.739959, 4080, 
113.750061, 4080, 
113.760162, 4080, 
113.770263, 4080, 
113.780364, 4080, 
113.790466, 3952, 
113.800567, 4080, 
113.810668, 4080, 
113.820770, 4080, 
113.830871, 4080, 
113.840972, 4080, 
113.851074, 4080, 
113.861175, 4080, 
113.871276, 4080, 
113.881378, 4080, 
113.891479, 4080, 
113.901580, 4080, 
113.911682, 4080, 
113.921783, 4080, 
113.931884, 4080, 
113.941986, 4080, 
113.952087, 4080, 
113.962188, 4080, 
113.972290, 4080, 
113.982391, 4080, 
113.992492, 4080, 
114.002593, 4080, 
114.012695, 4080, 
114.022796, 4080, 
114.032897, 4080, 
114.042999, 4080, 
114.053100, 4080, 
114.063201, 4080, 
114.073303, 4080, 
114.083404, 4080, 
114.093505, 4080, 
114.103607, 4080, 
114.113708, 4080, 
114.123809, 4080, 
114.133911, 4080, 
114.144012, 4080, 
114.154113, 4080, 
114.164215, 4080, 
114.184417, 4080, 
114.194519, 4080, 
114.204620, 4080, 
114.214721, 4080, 
114.224822, 4080, 
114.234924, 4080, 
114.245025, 4080, 
114.255126, 4080, 
114.265228, 4080, 
114.275329, 4080, 
114.285430, 4080, 
114.295532, 4080, 
114.305633, 4080, 
114.315734, 4080, 
114.325836, 4080, 
114.335937, 4080, 
114.346038, 4080, 
114.356140, 4080, 
114.366241, 4080, 
114.376342, 4080, 
114.386444, 4080, 
114.396545, 4080, 
114.406646, 4080, 
114.416748, 4080, 
114.426849, 4080, 
114.436950, 4080, 
114.447052, 4080, 
114.457153, 4080, 
114.467254, 4080, 
114.477355, 4080, 
114.487457, 4080, 
114.497558, 4080, 
114.507659, 4080, 
114.517761, 4080, 
114.527862, 4080, 
114.537963, 4080, 
114.548065, 4080, 
114.558166, 4080, 
114.568267, 4080, 
114.578369, 4080, 
114.588470, 4080, 
114.598571, 4080, 
114.608673, 4080, 
114.618774, 4080, 
114.628875, 4080, 
114.638977, 4080, 
114.649078, 4080, 
114.659179, 4080, 
114.669281, 4080, 
114.679382, 4080, 
114.689483, 4080, 
114.699584, 4080, 
114.709686, 4080, 
114.719787, 4080, 
114.729888, 4080, 
114.739990, 4080, 
114.750091, 4080, 
114.760192, 4080, 
114.770294, 4080, 
114.780395, 4080, 
114.790496, 4080, 
114.800598, 4080, 
114.810699, 4080, 
114.820800, 4080, 
114.830902, 4080, 
114.841003, 4080, 
114.851104, 4080, 
114.861206, 4080, 
114.871307, 4080, 
114.881408, 4080, 
114.891510, 4080, 
114.901611, 4080, 
114.911712, 4080, 
114.921813, 4080, 
114.931915, 4080, 
114.942016, 4080, 
114.952117, 4080, 
114.962219, 4080, 
114.972320, 4080, 
114.982421, 4080, 
114.992523, 4080, 
115.002624, 4080, 
115.012725, 4080, 
115.022827, 4080, 
115.032928, 4080, 
115.043029, 4080, 
115.053131, 4080, 
115.063232, 4080, 
115.073333, 4080, 
115.083435, 4080, 
115.093536, 4080, 
115.103637, 4080, 
115.113739, 4080, 
115.123840, 4080, 
115.133941, 4080, 
115.144042, 4080, 
115.154144, 4080, 
115.164245, 4080, 
115.174346, 4080, 
115.184448, 4080, 
115.194549, 4080, 
115.204650, 4080, 
115.214752, 4080, 
115.224853, 4080, 
115.234954, 4080, 
115.245056, 4080, 
115.255157, 4080, 
115.265258, 4080, 
115.275360, 4080, 
115.285461, 4080, 
115.295562, 4080, 
115.305664, 4080, 
115.315765, 4080, 
115.325866, 4080, 
115.335968, 4080, 
115.346069, 4080, 
115.356170, 4080, 
115.366271, 4080, 
115.376373, 4080, 
115.386474, 4080, 
115.396575, 4080, 
115.406677, 4080, 
115.416778, 4080, 
115.426879, 4080, 
115.436981, 4080, 
115.447082, 4080, 
115.457183, 4080, 
115.467285, 4080, 
115.477386, 4080, 
115.487487, 4080, 
115.497589, 4080, 
115.507690, 4080, 
115.517791, 4080, 
115.527893, 4080, 
115.537994, 4080, 
115.548095, 4080, 
115.558197, 4080, 
115.568298, 4080, 
115.578399, 4080, 
115.588500, 4080, 
115.598602, 4080, 
115.608703, 4080, 
115.618804, 4080, 
115.628906, 4080, 
115.639007, 4080, 
115.649108, 4080, 
115.659210, 4080, 
115.669311, 4080, 
115.679412, 4080, 
115.689514, 4080, 
115.699615, 4080, 
115.709716, 4080, 
115.719818, 4080, 
115.729919, 4080, 
115.740020, 4080, 
115.750122, 4080, 
115.760223, 4080, 
115.770324, 4080, 
115.780426, 4080, 
115.790527, 4080, 
115.800628, 4080, 
115.810729, 4080, 
115.820831, 4080, 
115.830932, 4080, 
115.841033, 4080, 
115.851135, 4080, 
115.861236, 4080, 
115.871337, 4080, 
115.881439, 4080, 
115.891540, 4080, 
115.901641, 4080, 
115.911743, 4080, 
115.921844, 4080, 
115.931945, 4080, 
115.942047, 4080, 
115.952148, 4080, 
115.962249, 4080, 
115.972351, 4080, 
115.982452, 4080, 
115.992553, 4080, 
116.002655, 4080, 
116.012756, 4080, 
116.022857, 4080, 
116.032958, 4080, 
116.043060, 4080, 
116.053161, 4080, 
116.063262, 4080, 
116.073364, 4080, 
116.083465, 4080, 
116.093566, 4080, 
116.103668, 4080, 
116.113769, 4080, 
116.123870, 4080, 
116.133972, 4080, 
116.144073, 4080, 
116.154174, 4080, 
116.164276, 4080, 
116.174377, 4080, 
116.184478, 4080, 
116.194580, 4080, 
116.204681, 4080, 
116.214782, 4080, 
116.224884, 4080, 
116.234985, 4080, 
116.245086, 4080, 
116.255187, 4080, 
116.265289, 4080, 
116.275390, 4080, 
116.285491, 4080, 
116.295593, 4080, 
116.305694, 4080, 
116.315795, 4080, 
116.325897, 4080, 
116.335998, 3952, 
116.346099, 4080, 
116.356201, 4080, 
116.366302, 4080, 
116.376403, 4080, 
116.386505, 4080, 
116.396606, 4080, 
116.406707, 4080, 
116.416809, 4080, 
116.426910, 4080, 
116.437011, 4080, 
116.447113, 4080, 
116.457214, 4080, 
116.467315, 4080, 
116.477416, 4080, 
116.487518, 4080, 
116.497619, 4080, 
116.507720, 4080, 
116.517822, 4080, 
116.527923, 4080, 
116.538024, 4080, 
116.548126, 4080, 
116.558227, 4080, 
116.568328, 4080, 
116.578430, 4080, 
116.588531, 4080, 
116.598632, 4080, 
116.608734, 4080, 
116.618835, 4080, 
116.628936, 4080, 
116.639038, 4080, 
116.649139, 4080, 
116.659240, 4080, 
116.669342, 4080, 
116.679443, 4080, 
116.689544, 4080, 
116.699645, 4080, 
116.709747, 4080, 
116.719848, 4080, 
116.729949, 4080, 
116.740051, 4080, 
116.750152, 4080, 
116.760253, 4080, 
116.770355, 4080, 
116.780456, 4080, 
116.790557, 4080, 
116.800659, 4080, 
116.810760, 4080, 
116.820861, 4080, 
116.830963, 4080, 
116.841064, 4080, 
116.851165, 4080, 
116.861267, 4080, 
116.871368, 3952, 
116.881469, 4080, 
116.891571, 4080, 
116.901672, 4080, 
116.911773, 4080, 
116.921875, 4080, 
116.931976, 4080, 
116.942077, 4080, 
116.952178, 4080, 
116.962280, 4080, 
116.972381, 4080, 
116.982482, 4080, 
116.992584, 4080, 
117.002685, 4080, 
117.012786, 4080, 
117.022888, 4080, 
117.032989, 4080, 
117.043090, 4080, 
117.053192, 4080, 
117.063293, 4080, 
117.073394, 4080, 
117.083496, 4080, 
117.093597, 4080, 
117.103698, 4080, 
117.113800, 4080, 
117.123901, 4080, 
117.134002, 4080, 
117.144104, 4080, 
117.154205, 4080, 
117.164306, 4080, 
117.174407, 4080, 
117.184509, 4080, 
117.194610, 4080, 
117.204711, 4080, 
117.214813, 4080, 
117.224914, 4080, 
117.235015, 4080, 
117.245117, 4080, 
117.255218, 4080, 
117.265319, 4080, 
117.275421, 4080, 
117.285522, 4080, 
117.295623, 4080, 
117.305725, 4080, 
117.315826, 4080, 
117.325927, 4080, 
117.336029, 4080, 
117.346130, 4080, 
117.356231, 4080, 
117.366333, 4080, 
117.376434, 4080, 
117.386535, 4080, 
117.396636, 4080, 
117.406738, 4080, 
117.416839, 4080, 
117.426940, 4080, 
117.437042, 4080, 
117.447143, 4080, 
117.457244, 4080, 
117.467346, 4080, 
117.477447, 4080, 
117.487548, 4080, 
117.497650, 4080, 
117.507751, 4080, 
117.517852, 4080, 
117.527954, 4080, 
117.538055, 4080, 
117.548156, 4080, 
117.558258, 4080, 
117.568359, 4080, 
117.578460, 4080, 
117.588562, 4080, 
117.598663, 4080, 
117.608764, 4080, 
117.618865, 4080, 
117.628967, 4080, 
117.639068, 4080, 
117.649169, 4080, 
117.659271, 4080, 
117.669372, 4080, 
117.679473, 4080, 
117.689575, 4080, 
117.699676, 4080, 
117.709777, 4080, 
117.719879, 4080, 
117.729980, 4080, 
117.740081, 4080, 
117.750183, 4080, 
117.760284, 4080, 
117.770385, 4080, 
117.780487, 4080, 
117.790588, 4080, 
117.800689, 4080, 
117.810791, 4080, 
117.820892, 4080, 
117.830993, 4080, 
117.841094, 4080, 
117.851196, 4080, 
117.861297, 4080, 
117.871398, 4080, 
117.881500, 4080, 
117.891601, 4080, 
117.901702, 4080, 
117.911804, 4080, 
117.921905, 4080, 
117.932006, 4080, 
117.942108, 4080, 
117.952209, 4080, 
117.962310, 4080, 
117.972412, 4080, 
117.982513, 4080, 
117.992614, 4080, 
118.002716, 4080, 
118.012817, 4080, 
118.022918, 4080, 
118.033020, 4080, 
118.043121, 4080, 
118.053222, 4080, 
118.063323, 4080, 
118.073425, 4080, 
118.083526, 4080, 
118.093627, 4080, 
118.103729, 4080, 
118.113830, 4080, 
118.123931, 4080, 
118.134033, 4080, 
118.144134, 4080, 
118.154235, 4080, 
118.164337, 4080, 
118.174438, 4080, 
118.184539, 4080, 
118.194641, 4080, 
118.204742, 4080, 
118.214843, 4080, 
118.224945, 4080, 
118.235046, 4080, 
118.245147, 4080, 
118.255249, 4080, 
118.265350, 4080, 
118.275451, 4080, 
118.285552, 4080, 
118.295654, 3952, 
118.305755, 4080, 
118.315856, 4080, 
118.325958, 4080, 
118.336059, 4080, 
118.346160, 4080, 
118.356262, 4080, 
118.366363, 4080, 
118.376464, 4080, 
118.386566, 4080, 
118.396667, 4080, 
118.406768, 4080, 
118.416870, 4080, 
118.426971, 4080, 
118.437072, 4080, 
118.447174, 4080, 
118.457275, 4080, 
118.467376, 4080, 
118.477478, 4080, 
118.487579, 4080, 
118.497680, 4080, 
118.507781, 4080, 
118.517883, 4080, 
118.527984, 4080, 
118.538085, 4080, 
118.548187, 4080, 
118.558288, 4080, 
118.568389, 4080, 
118.578491, 4080, 
118.588592, 4080, 
118.598693, 4080, 
118.608795, 4080, 
118.618896, 4080, 
118.628997, 4080, 
118.639099, 4080, 
118.649200, 4080, 
118.659301, 4080, 
118.669403, 4080, 
118.679504, 4080, 
118.689605, 4080, 
118.699707, 4080, 
118.709808, 4080, 
118.719909, 4080, 
118.730010, 4080, 
118.740112, 4080, 
118.750213, 4080, 
118.760314, 4080, 
118.770416, 4080, 
118.780517, 4080, 
118.790618, 4080, 
118.800720, 4080, 
118.810821, 4080, 
118.820922, 4080, 
118.831024, 4080, 
118.841125, 4080, 
118.851226, 3952, 
118.861328, 4080, 
118.871429, 4080, 
118.881530, 4080, 
118.891632, 4080, 
118.901733, 4080, 
118.911834, 4080, 
118.921936, 4080, 
118.932037, 4080, 
118.942138, 4080, 
118.952239, 4080, 
118.962341, 4080, 
118.972442, 4080, 
118.982543, 4080, 
118.992645, 4080, 
119.002746, 4080, 
119.012847, 4080, 
119.022949, 4080, 
119.033050, 4080, 
119.043151, 4080, 
119.053253, 4080, 
119.063354, 4080, 
119.073455, 4080, 
119.083557, 4080, 
119.093658, 4080, 
119.103759, 4080, 
119.113861, 4080, 
119.123962, 4080, 
119.134063, 4080, 
119.144165, 4080, 
119.154266, 4080, 
119.164367, 4080, 
119.174468, 4080, 
119.184570, 4080, 
119.194671, 4080, 
119.204772, 4080, 
119.214874, 4080, 
119.224975, 4080, 
119.235076, 4080, 
119.245178, 4080, 
119.255279, 4080, 
119.265380, 4080, 
119.275482, 4080, 
119.285583, 4080, 
119.295684, 4080, 
119.305786, 4080, 
119.315887, 4080, 
119.325988, 4080, 
119.336090, 4080, 
119.346191, 4080, 
119.356292, 4080, 
119.366394, 4080, 
119.376495, 4080, 
119.386596, 4080, 
119.396697, 3952, 
119.406799, 4080, 
119.416900, 4080, 
119.427001, 4080, 
119.437103, 4080, 
119.447204, 4080, 
119.457305, 4080, 
119.467407, 4080, 
119.477508, 4080, 
119.487609, 4080, 
119.497711, 4080, 
119.507812, 4080, 
119.517913, 4080, 
119.528015, 4080, 
119.538116, 4080, 
119.548217, 4080, 
119.558319, 4080, 
119.568420, 4080, 
119.578521, 4080, 
119.588623, 4080, 
119.598724, 4080, 
119.608825, 4080, 
119.618927, 4080, 
119.629028, 4080, 
119.639129, 4080, 
119.649230, 4080, 
119.659332, 4080, 
119.669433, 4080, 
119.679534, 4080, 
119.689636, 4080, 
119.699737, 4080, 
119.709838, 4080, 
119.719940, 3952, 
119.730041, 4080, 
119.740142, 4080, 
119.750244, 4080, 
119.760345, 4080, 
119.770446, 4080, 
119.780548, 4080, 
119.790649, 4080, 
119.800750, 4080, 
119.810852, 4080, 
119.820953, 4080, 
119.831054, 4080, 
119.841156, 4080, 
119.851257, 4080, 
119.861358, 4080, 
119.871459, 4080, 
119.881561, 4080, 
119.891662, 4080, 
119.901763, 4080, 
119.911865, 4080, 
119.921966, 4080, 
119.932067, 4080, 
119.942169, 4080, 
119.952270, 4080, 
119.962371, 4080, 
119.972473, 4080, 
119.982574, 4080, 
119.992675, 4080, 
120.002777, 4080, 
120.012878, 4080, 
120.022979, 4080, 
120.033081, 4080, 
120.043182, 4080, 
120.053283, 4080, 
120.063385, 4080, 
120.073486, 4080, 
120.083587, 4080, 
120.093688, 4080, 
120.103790, 4080, 
120.113891, 4080, 
120.123992, 4080, 
120.134094, 4080, 
120.144195, 4080, 
120.154296, 4080, 
120.164398, 4080, 
120.174499, 4080, 
120.184600, 4080, 
120.194702, 4080, 
120.204803, 4080, 
120.214904, 4080, 
120.225006, 4080, 
120.235107, 4080, 
120.245208, 4080, 
120.255310, 4080, 
120.265411, 4080, 
120.275512, 4080, 
120.285614, 4080, 
120.295715, 4080, 
120.305816, 4080, 
120.315917, 4080, 
120.326019, 4080, 
120.336120, 4080, 
120.346221, 4080, 
120.356323, 4080, 
120.366424, 4080, 
120.376525, 4080, 
120.386627, 4080, 
120.396728, 4080, 
120.406829, 4080, 
120.416931, 4080, 
120.427032, 4080, 
120.437133, 4080, 
120.447235, 4080, 
120.457336, 4080, 
120.467437, 4080, 
120.477539, 4080, 
120.497741, 4080, 
120.507843, 4080, 
120.517944, 4080, 
120.528045, 4080, 
120.538146, 4080, 
120.548248, 4080, 
120.558349, 4080, 
120.568450, 4080, 
120.578552, 4080, 
120.588653, 4080, 
120.598754, 4080, 
120.608856, 4080, 
120.618957, 4080, 
120.629058, 4080, 
120.639160, 4080, 
120.649261, 4080, 
120.659362, 4080, 
120.669464, 4080, 
120.679565, 4080, 
120.689666, 4080, 
120.699768, 4080, 
120.709869, 4080, 
120.719970, 4080, 
120.730072, 4080, 
120.740173, 4080, 
120.750274, 4080, 
120.760375, 4080, 
120.770477, 4080, 
120.780578, 4080, 
120.790679, 4080, 
120.800781, 4080, 
120.810882, 4080, 
120.820983, 4080, 
120.831085, 4080, 
120.841186, 4080, 
120.851287, 4080, 
120.861389, 4080, 
120.871490, 4080, 
120.881591, 4080, 
120.891693, 4080, 
120.901794, 4080, 
120.911895, 4080, 
120.921997, 4080, 
120.932098, 4080, 
120.942199, 4080, 
120.952301, 4080, 
120.962402, 4080, 
120.972503, 4080, 
120.982604, 4080, 
120.992706, 4080, 
121.002807, 4080, 
121.012908, 4080, 
121.023010, 4080, 
121.033111, 4080, 
121.043212, 4080, 
121.053314, 4080, 
121.063415, 4080, 
121.073516, 4080, 
121.083618, 4080, 
121.093719, 4080, 
121.103820, 4080, 
121.113922, 4080, 
121.124023, 4080, 
121.134124, 4080, 
121.144226, 4080, 
121.154327, 4080, 
121.164428, 4080, 
121.174530, 4080, 
121.184631, 4080, 
121.194732, 4080, 
121.204833, 4080, 
121.214935, 4080, 
121.225036, 4080, 
121.235137, 4080, 
121.245239, 4080, 
121.255340, 4080, 
121.265441, 4080, 
121.275543, 4080, 
121.285644, 4080, 
121.295745, 4080, 
121.305847, 4080, 
121.315948, 4080, 
121.326049, 4080, 
121.336151, 4080, 
121.346252, 4080, 
121.356353, 4080, 
121.366455, 4080, 
121.376556, 4080, 
121.386657, 4080, 
121.396759, 4080, 
121.406860, 4080, 
121.416961, 4080, 
121.427062, 4080, 
121.437164, 4080, 
121.447265, 4080, 
121.457366, 4080, 
121.467468, 4080, 
121.477569, 4080, 
121.487670, 4080, 
121.497772, 4080, 
121.507873, 4080, 
121.517974, 4080, 
121.528076, 4080, 
121.538177, 4080, 
121.548278, 4080, 
121.558380, 4080, 
121.568481, 4080, 
121.578582, 4080, 
121.588684, 4080, 
121.598785, 4080, 
121.608886, 4080, 
121.618988, 4080, 
121.629089, 4080, 
121.639190, 4080, 
121.649291, 4080, 
121.659393, 4080, 
121.669494, 4080, 
121.679595, 4080, 
121.689697, 4080, 
121.699798, 4080, 
121.709899, 4080, 
121.720001, 4080, 
121.730102, 4080, 
121.740203, 4080, 
121.750305, 4080, 
121.760406, 4080, 
121.770507, 4080, 
121.780609, 4080, 
121.790710, 4080, 
121.800811, 4080, 
121.810913, 4080, 
121.821014, 4080, 
121.831115, 4080, 
121.841217, 4080, 
121.851318, 4080, 
121.861419, 4080, 
121.871520, 4080, 
121.881622, 4080, 
121.891723, 4080, 
121.901824, 4080, 
121.911926, 4080, 
121.922027, 4080, 
121.932128, 4080, 
121.942230, 4080, 
121.952331, 4080, 
121.962432, 4080, 
121.972534, 4080, 
121.982635, 4080, 
121.992736, 4080, 
122.002838, 4080, 
122.012939, 4080, 
122.023040, 4080, 
122.033142, 4080, 
122.043243, 4080, 
122.053344, 4080, 
122.063446, 4080, 
122.073547, 4080, 
122.083648, 4080, 
122.093750, 4080, 
122.103851, 4080, 
122.113952, 4080, 
122.124053, 4080, 
122.134155, 4080, 
122.144256, 4080, 
122.154357, 4080, 
122.164459, 4080, 
122.174560, 4080, 
122.184661, 4080, 
122.194763, 4080, 
122.204864, 4080, 
122.214965, 4080, 
122.225067, 4080, 
122.235168, 4080, 
122.245269, 4080, 
122.255371, 4080, 
122.265472, 4080, 
122.275573, 4080, 
122.285675, 4080, 
122.295776, 4080, 
122.305877, 4080, 
122.315979, 4080, 
122.326080, 4080, 
122.336181, 4080, 
122.346282, 4080, 
122.356384, 4080, 
122.366485, 4080, 
122.376586, 4080, 
122.386688, 4080, 
122.396789, 4080, 
122.406890, 4080, 
122.416992, 4080, 
122.427093, 4080, 
122.437194, 4080, 
122.447296, 4080, 
122.457397, 4080, 
122.467498, 4080, 
122.477600, 4080, 
122.487701, 4080, 
122.497802, 4080, 
122.507904, 4080, 
122.518005, 4080, 
122.528106, 4080, 
122.538208, 4080, 
122.548309, 4080, 
122.558410, 4080, 
122.568511, 4080, 
122.578613, 4080, 
122.588714, 4080, 
122.598815, 4080, 
122.608917, 4080, 
122.619018, 4080, 
122.629119, 4080, 
122.639221, 4080, 
122.649322, 4080, 
122.659423, 4080, 
122.669525, 4080, 
122.679626, 4080, 
122.689727, 4080, 
122.699829, 4080, 
122.709930, 4080, 
122.720031, 4080, 
122.730133, 4080, 
122.740234, 4080, 
122.750335, 4080, 
122.760437, 4080, 
122.770538, 4080, 
122.780639, 4080, 
122.790740, 4080, 
122.800842, 4080, 
122.810943, 4080, 
122.821044, 4080, 
122.831146, 4080, 
122.841247, 4080, 
122.851348, 4080, 
122.861450, 4080, 
122.871551, 4080, 
122.881652, 4080, 
122.891754, 4080, 
122.901855, 4080, 
122.911956, 4080, 
122.922058, 4080, 
122.932159, 4080, 
122.942260, 4080, 
122.952362, 4080, 
122.962463, 4080, 
122.972564, 4080, 
122.982666, 4080, 
122.992767, 4080, 
123.002868, 4080, 
123.012969, 4080, 
123.023071, 4080, 
123.033172, 4080, 
123.043273, 4080, 
123.053375, 4080, 
123.063476, 4080, 
123.073577, 4080, 
123.083679, 4080, 
123.093780, 4080, 
123.103881, 4080, 
123.113983, 4080, 
123.124084, 4080, 
123.134185, 4080, 
123.144287, 4080, 
123.154388, 4080, 
123.164489, 4080, 
123.174591, 4080, 
123.184692, 4080, 
123.194793, 4080, 
123.204895, 4080, 
123.214996, 4080, 
123.225097, 4080, 
123.235198, 4080, 
123.245300, 4080, 
123.255401, 4080, 
123.265502, 4080, 
123.275604, 4080, 
123.285705, 4080, 
123.295806, 4080, 
123.305908, 4080, 
123.316009, 4080, 
123.326110, 4080, 
123.336212, 4080, 
123.346313, 4080, 
123.356414, 4080, 
123.366516, 4080, 
123.376617, 4080, 
123.386718, 4080, 
123.396820, 4080, 
123.406921, 4080, 
123.417022, 4080, 
123.427124, 4080, 
123.437225, 4080, 
123.447326, 4080, 
123.457427, 4080, 
123.467529, 4080, 
123.477630, 4080, 
123.487731, 4080, 
123.497833, 4080, 
123.507934, 4080, 
123.518035, 4080, 
123.528137, 4080, 
123.538238, 4080, 
123.548339, 4080, 
123.558441, 4080, 
123.568542, 4080, 
123.578643, 4080, 
123.588745, 4080, 
123.598846, 4080, 
123.608947, 4080, 
123.619049, 4080, 
123.629150, 4080, 
123.639251, 4080, 
123.649353, 4080, 
123.659454, 4080, 
123.669555, 4080, 
123.679656, 4080, 
123.689758, 4080, 
123.699859, 4080, 
123.709960, 4080, 
123.720062, 4080, 
123.730163, 4080, 
123.740264, 4080, 
123.750366, 4080, 
123.760467, 4080, 
123.770568, 4080, 
123.780670, 4080, 
123.790771, 4080, 
123.800872, 4080, 
123.810974, 4080, 
123.821075, 4080, 
123.831176, 4080, 
123.841278, 4080, 
123.851379, 4080, 
123.861480, 4080, 
123.871582, 4080, 
123.881683, 4080, 
123.891784, 4080, 
123.901885, 4080, 
123.911987, 4080, 
123.922088, 4080, 
123.932189, 4080, 
123.942291, 4080, 
123.952392, 4080, 
123.962493, 4080, 
123.972595, 4080, 
123.982696, 4080, 
123.992797, 4080, 
124.002899, 4080, 
124.013000, 4080, 
124.023101, 4080, 
124.033203, 4080, 
124.043304, 4080, 
124.053405, 4080, 
124.063507, 4080, 
124.073608, 4080, 
124.083709, 4080, 
124.093811, 4080, 
124.103912, 4080, 
124.114013, 4080, 
124.124114, 4080, 
124.134216, 4080, 
124.144317, 4080, 
124.154418, 4080, 
124.164520, 4080, 
124.174621, 4080, 
124.184722, 4080, 
124.194824, 4080, 
124.204925, 4080, 
124.215026, 4080, 
124.225128, 4080, 
124.235229, 4080, 
124.245330, 4080, 
124.255432, 4080, 
124.265533, 4080, 
124.275634, 4080, 
124.285736, 4080, 
124.295837, 4080, 
124.305938, 4080, 
124.316040, 4080, 
124.326141, 4080, 
124.336242, 4080, 
124.346343, 4080, 
124.356445, 4080, 
124.366546, 4080, 
124.376647, 4080, 
124.386749, 4080, 
124.396850, 4080, 
124.406951, 4080, 
124.417053, 4080, 
124.427154, 4080, 
124.437255, 4080, 
124.447357, 4080, 
124.457458, 4080, 
124.467559, 4080, 
124.477661, 4080, 
124.487762, 4080, 
124.497863, 4080, 
124.507965, 4080, 
124.518066, 4080, 
124.528167, 4080, 
124.538269, 4080, 
124.548370, 4080, 
124.558471, 4080, 
124.568572, 4080, 
124.578674, 4080, 
124.588775, 4080, 
124.598876, 4080, 
124.608978, 4080, 
124.619079, 4080, 
124.629180, 4080, 
124.639282, 4080, 
124.649383, 4080, 
124.659484, 4080, 
124.669586, 4080, 
124.679687, 4080, 
124.689788, 4080, 
124.699890, 4080, 
124.709991, 4080, 
124.720092, 4080, 
124.730194, 4080, 
124.740295, 4080, 
124.750396, 4080, 
124.760498, 4080, 
124.770599, 4080, 
124.780700, 4080, 
124.790802, 4080, 
124.800903, 4080, 
124.811004, 4080, 
124.821105, 4080, 
124.831207, 4080, 
124.841308, 4080, 
124.851409, 4080, 
124.861511, 4080, 
124.871612, 4080, 
124.881713, 4080, 
124.891815, 4080, 
124.901916, 4080, 
124.912017, 4080, 
124.922119, 4080, 
124.932220, 4080, 
124.942321, 4080, 
124.952423, 4080, 
124.962524, 4080, 
124.972625, 4080, 
124.982727, 4080, 
124.992828, 4080, 
125.002929, 4080, 
125.013031, 4080, 
125.023132, 4080, 
125.033233, 4080, 
125.043334, 4080, 
125.053436, 4080, 
125.063537, 4080, 
125.073638, 4080, 
125.083740, 4080, 
125.093841, 4080, 
125.103942, 4080, 
125.114044, 4080, 
125.124145, 4080, 
125.134246, 4080, 
125.144348, 4080, 
125.154449, 4080, 
125.164550, 4080, 
125.174652, 4080, 
125.184753, 4080, 
125.194854, 4080, 
125.204956, 4080, 
125.215057, 4080, 
125.225158, 4080, 
125.235260, 4080, 
125.245361, 4080, 
125.255462, 4080, 
125.265563, 4080, 
125.275665, 4080, 
125.285766, 4080, 
125.295867, 4080, 
125.305969, 4080, 
125.316070, 4080, 
125.326171, 4080, 
125.336273, 4080, 
125.346374, 4080, 
125.356475, 4080, 
125.366577, 4080, 
125.376678, 4080, 
125.386779, 4080, 
125.396881, 4080, 
125.406982, 4080, 
125.417083, 4080, 
125.427185, 4080, 
125.437286, 4080, 
125.447387, 4080, 
125.457489, 4080, 
125.467590, 4080, 
125.477691, 4080, 
125.487792, 4080, 
125.497894, 4080, 
125.507995, 4080, 
125.518096, 4080, 
125.528198, 4080, 
125.538299, 4080, 
125.548400, 4080, 
125.558502, 4080, 
125.568603, 4080, 
125.578704, 4080, 
125.588806, 4080, 
125.598907, 4080, 
125.609008, 4080, 
125.619110, 4080, 
125.629211, 4080, 
125.639312, 4080, 
125.649414, 4080, 
125.659515, 4080, 
125.669616, 4080, 
125.679718, 4080, 
125.689819, 4080, 
125.699920, 4080, 
125.710021, 4080, 
125.720123, 4080, 
125.730224, 4080, 
125.740325, 4080, 
125.750427, 4080, 
125.760528, 4080, 
125.770629, 4080, 
125.780731, 4080, 
125.790832, 4080, 
125.800933, 4080, 
125.811035, 4080, 
125.821136, 4080, 
125.831237, 4080, 
125.841339, 4080, 
125.851440, 4080, 
125.861541, 4080, 
125.871643, 4080, 
125.881744, 4080, 
125.891845, 4080, 
125.901947, 4080, 
125.912048, 4080, 
125.922149, 4080, 
125.932250, 4080, 
125.942352, 4080, 
125.952453, 4080, 
125.962554, 4080, 
125.972656, 4080, 
125.982757, 4080, 
125.992858, 4080, 
126.002960, 4080, 
126.013061, 4080, 
126.023162, 4080, 
126.033264, 4080, 
126.043365, 4080, 
126.053466, 4080, 
126.063568, 4080, 
126.073669, 4080, 
126.083770, 4080, 
126.093872, 4080, 
126.103973, 4080, 
126.114074, 4080, 
126.124176, 4080, 
126.134277, 4080, 
126.144378, 4080, 
126.154479, 4080, 
126.164581, 4080, 
126.174682, 4080, 
126.184783, 4080, 
126.194885, 4080, 
126.204986, 4080, 
126.215087, 4080, 
126.225189, 4080, 
126.235290, 4080, 
126.245391, 4080, 
126.255493, 4080, 
126.265594, 4080, 
126.275695, 4080, 
126.285797, 4080, 
126.295898, 4080, 
126.305999, 4080, 
126.316101, 4080, 
126.326202, 4080, 
126.336303, 4080, 
126.346405, 4080, 
126.356506, 4080, 
126.366607, 4080, 
126.376708, 4080, 
126.386810, 4080, 
126.396911, 4080, 
126.407012, 4080, 
126.417114, 4080, 
126.427215, 4080, 
126.437316, 4080, 
126.447418, 4080, 
126.457519, 4080, 
126.467620, 4080, 
126.477722, 4080, 
126.487823, 4080, 
126.497924, 4080, 
126.508026, 4080, 
126.518127, 4080, 
126.528228, 4080, 
126.538330, 4080, 
126.548431, 4080, 
126.558532, 4080, 
126.568634, 4080, 
126.578735, 4080, 
126.588836, 4080, 
126.598937, 4080, 
126.609039, 4080, 
126.619140, 4080, 
126.629241, 4080, 
126.639343, 4080, 
126.649444, 4080, 
126.659545, 4080, 
126.669647, 4080, 
126.679748, 4080, 
126.689849, 4080, 
126.699951, 4080, 
126.710052, 4080, 
126.720153, 4080, 
126.730255, 4080, 
126.740356, 4080, 
126.750457, 4080, 
126.760559, 4080, 
126.770660, 4080, 
126.780761, 4080, 
126.790863, 4080, 
126.800964, 4080, 
126.811065, 4080, 
126.821166, 4080, 
126.831268, 4080, 
126.841369, 4080, 
126.851470, 4080, 
126.861572, 3952, 
126.871673, 4080, 
126.881774, 4080, 
126.891876, 4080, 
126.901977, 4080, 
126.912078, 4080, 
126.922180, 4080, 
126.932281, 4080, 
126.942382, 4080, 
126.952484, 4080, 
126.962585, 4080, 
126.972686, 4080, 
126.982788, 4080, 
126.992889, 4080, 
127.002990, 4080, 
127.013092, 4080, 
127.023193, 4080, 
127.033294, 4080, 
127.043395, 4080, 
127.053497, 4080, 
127.063598, 4080, 
127.073699, 4080, 
127.083801, 4080, 
127.093902, 4080, 
127.104003, 4080, 
127.114105, 4080, 
127.124206, 4080, 
127.134307, 4080, 
127.144409, 4080, 
127.154510, 4080, 
127.164611, 4080, 
127.174713, 4080, 
127.184814, 4080, 
127.194915, 4080, 
127.205017, 4080, 
127.215118, 4080, 
127.225219, 4080, 
127.235321, 4080, 
127.245422, 4080, 
127.255523, 4080, 
127.265625, 4080, 
127.275726, 4080, 
127.285827, 4080, 
127.295928, 4080, 
127.306030, 4080, 
127.316131, 4080, 
127.326232, 4080, 
127.336334, 4080, 
127.346435, 4080, 
127.356536, 4080, 
127.366638, 4080, 
127.376739, 4080, 
127.386840, 4080, 
127.396942, 3952, 
127.407043, 4080, 
127.417144, 4080, 
127.427246, 4080, 
127.437347, 4080, 
127.447448, 4080, 
127.457550, 4080, 
127.467651, 4080, 
127.477752, 4080, 
127.487854, 4080, 
127.497955, 4080, 
127.508056, 4080, 
127.518157, 4080, 
127.528259, 4080, 
127.538360, 4080, 
127.548461, 4080, 
127.558563, 4080, 
127.568664, 4080, 
127.578765, 4080, 
127.588867, 4080, 
127.598968, 4080, 
127.609069, 4080, 
127.619171, 4080, 
127.629272, 4080, 
127.639373, 4080, 
127.649475, 4080, 
127.659576, 4080, 
127.669677, 4080, 
127.679779, 4080, 
127.689880, 4080, 
127.699981, 4080, 
127.710083, 4080, 
127.720184, 4080, 
127.730285, 4080, 
127.740386, 3952, 
127.750488, 4080, 
127.760589, 4080, 
127.770690, 4080, 
127.780792, 4080, 
127.790893, 4080, 
127.800994, 4080, 
127.811096, 4080, 
127.821197, 4080, 
127.831298, 4080, 
127.841400, 4080, 
127.851501, 4080, 
127.861602, 4080, 
127.871704, 4080, 
127.881805, 4080, 
127.891906, 4080, 
127.902008, 4080, 
127.912109, 4080, 
127.922210, 4080, 
127.932312, 4080, 
127.942413, 4080, 
127.952514, 4080, 
127.962615, 4080, 
127.972717, 4080, 
127.982818, 4080, 
127.992919, 4080, 
128.003021, 4080, 
128.013122, 4080, 
128.023223, 4080, 
128.033325, 4080, 
128.043426, 4080, 
128.053527, 4080, 
128.063629, 4080, 
128.073730, 4080, 
128.083831, 3952, 
128.093933, 4080, 
128.104034, 4080, 
128.114135, 4080, 
128.124237, 4080, 
128.134338, 4080, 
128.144439, 4080, 
128.154541, 4080, 
128.164642, 4080, 
128.174743, 4080, 
128.184844, 4080, 
128.194946, 4080, 
128.205047, 4080, 
128.215148, 4080, 
128.225250, 4080, 
128.235351, 4080, 
128.245452, 4080, 
128.255554, 4080, 
128.265655, 4080, 
128.275756, 4080, 
128.285858, 4080, 
128.295959, 4080, 
128.306060, 4080, 
128.316162, 4080, 
128.326263, 4080, 
128.336364, 4080, 
128.346466, 4080, 
128.356567, 4080, 
128.366668, 4080, 
128.376770, 4080, 
128.386871, 4080, 
128.396972, 4080, 
128.407073, 4080, 
128.417175, 4080, 
128.427276, 4080, 
128.437377, 4080, 
128.447479, 4080, 
128.457580, 4080, 
128.467681, 4080, 
128.477783, 4080, 
128.487884, 4080, 
128.497985, 4080, 
128.508087, 4080, 
128.518188, 4080, 
128.528289, 4080, 
128.538391, 4080, 
128.548492, 4080, 
128.558593, 4080, 
128.568695, 4080, 
128.578796, 4080, 
128.588897, 4080, 
128.598999, 4080, 
128.609100, 4080, 
128.619201, 4080, 
128.629302, 4080, 
128.639404, 4080, 
128.649505, 4080, 
128.659606, 4080, 
128.669708, 4080, 
128.679809, 4080, 
128.689910, 4080, 
128.700012, 4080, 
128.710113, 4080, 
128.720214, 4080, 
128.730316, 4080, 
128.740417, 4080, 
128.750518, 4080, 
128.760620, 4080, 
128.770721, 4080, 
128.780822, 4080, 
128.790924, 4080, 
128.801025, 4080, 
128.811126, 4080, 
128.821228, 4080, 
128.831329, 4080, 
128.841430, 4080, 
128.851531, 4080, 
128.861633, 4080, 
128.871734, 4080, 
128.881835, 4080, 
128.891937, 4080, 
128.902038, 4080, 
128.912139, 4080, 
128.922241, 4080, 
128.932342, 4080, 
128.942443, 4080, 
128.952545, 4080, 
128.962646, 4080, 
128.972747, 4080, 
128.982849, 4080, 
128.992950, 4080, 
129.003051, 4080, 
129.013153, 4080, 
129.023254, 4080, 
129.033355, 4080, 
129.043457, 4080, 
129.053558, 4080, 
129.063659, 4080, 
129.073760, 4080, 
129.083862, 4080, 
129.093963, 4080, 
129.104064, 4080, 
129.114166, 4080, 
129.124267, 4080, 
129.134368, 4080, 
129.144470, 4080, 
129.154571, 4080, 
129.164672, 4080, 
129.174774, 4080, 
129.184875, 4080, 
129.194976, 4080, 
129.205078, 4080, 
129.215179, 4080, 
129.225280, 4080, 
129.235382, 4080, 
129.245483, 4080, 
129.255584, 4080, 
129.275787, 4080, 
129.285888, 4080, 
129.295989, 4080, 
129.306091, 4080, 
129.316192, 4080, 
129.326293, 4080, 
129.336395, 4080, 
129.346496, 4080, 
129.356597, 4080, 
129.366699, 4080, 
129.376800, 4080, 
129.386901, 4080, 
129.397003, 4080, 
129.407104, 4080, 
129.417205, 4080, 
129.427307, 4080, 
129.437408, 4080, 
129.447509, 4080, 
129.457611, 4080, 
129.467712, 4080, 
129.477813, 4080, 
129.487915, 4080, 
129.498016, 4080, 
129.508117, 4080, 
129.518218, 4080, 
129.528320, 4080, 
129.538421, 4080, 
129.548522, 4080, 
129.558624, 4080, 
129.568725, 4080, 
129.578826, 4080, 
129.588928, 4080, 
129.599029, 4080, 
129.609130, 4080, 
129.619232, 4080, 
129.629333, 4080, 
129.639434, 4080, 
129.649536, 4080, 
129.659637, 4080, 
129.669738, 4080, 
129.679840, 4080, 
129.689941, 4080, 
129.700042, 4080, 
129.710144, 4080, 
129.720245, 4080, 
129.730346, 4080, 
129.740447, 4080, 
129.750549, 4080, 
129.760650, 4080, 
129.770751, 4080, 
129.780853, 4080, 
129.790954, 4080, 
129.801055, 4080, 
129.811157, 4080, 
129.821258, 4080, 
129.831359, 4080, 
129.841461, 4080, 
129.851562, 4080, 
129.861663, 4080, 
129.871765, 4080, 
129.881866, 4080, 
129.891967, 4080, 
129.902069, 3952, 
129.912170, 4080, 
129.922271, 4080, 
129.932373, 4080, 
129.942474, 4080, 
129.952575, 4080, 
129.962677, 4080, 
129.972778, 4080, 
129.982879, 4080, 
129.992980, 4080, 
130.003082, 4080, 
130.013183, 4080, 
130.023284, 4080, 
130.033386, 4080, 
130.043487, 4080, 
130.053588, 4080, 
130.063690, 4080, 
130.073791, 4080, 
130.083892, 4080, 
130.093994, 4080, 
130.104095, 4080, 
130.114196, 4080, 
130.124298, 4080, 
130.134399, 4080, 
130.144500, 4080, 
130.154602, 4080, 
130.164703, 4080, 
130.174804, 4080, 
130.184906, 4080, 
130.195007, 4080, 
130.205108, 4080, 
130.215209, 4080, 
130.225311, 4080, 
130.235412, 4080, 
130.245513, 4080, 
130.255615, 4080, 
130.265716, 4080, 
130.275817, 4080, 
130.285919, 4080, 
130.296020, 4080, 
130.306121, 4080, 
130.316223, 4080, 
130.326324, 4080, 
130.336425, 4080, 
130.346527, 4080, 
130.356628, 4080, 
130.366729, 4080, 
130.376831, 4080, 
130.386932, 4080, 
130.397033, 4080, 
130.407135, 4080, 
130.417236, 4080, 
130.427337, 4080, 
130.437438, 4080, 
130.447540, 4080, 
130.457641, 4080, 
130.467742, 3952, 
130.477844, 4080, 
130.487945, 4080, 
130.498046, 4080, 
130.508148, 4080, 
130.518249, 4080, 
130.528350, 4080, 
130.538452, 4080, 
130.548553, 4080, 
130.558654, 4080, 
130.568756, 4080, 
130.578857, 4080, 
130.588958, 4080, 
130.599060, 4080, 
130.609161, 4080, 
130.619262, 4080, 
130.629364, 4080, 
130.639465, 4080, 
130.649566, 4080, 
130.659667, 4080, 
130.669769, 4080, 
130.679870, 4080, 
130.689971, 4080, 
130.700073, 4080, 
130.710174, 4080, 
130.720275, 4080, 
130.730377, 4080, 
130.740478, 4080, 
130.750579, 4080, 
130.760681, 4080, 
130.770782, 4080, 
130.780883, 4080, 
130.790985, 4080, 
130.801086, 4080, 
130.811187, 4080, 
130.821289, 4080, 
130.831390, 4080, 
130.841491, 4080, 
130.851593, 4080, 
130.861694, 4080, 
130.871795, 4080, 
130.881896, 4080, 
130.891998, 4080, 
130.902099, 4080, 
130.912200, 4080, 
130.922302, 4080, 
130.932403, 4080, 
130.942504, 4080, 
130.952606, 4080, 
130.962707, 4080, 
130.972808, 4080, 
130.982910, 4080, 
130.993011, 4080, 
131.003112, 4080, 
131.013214, 4080, 
131.023315, 4080, 
131.033416, 4080, 
131.043518, 4080, 
131.053619, 4080, 
131.063720, 4080, 
131.073822, 4080, 
131.083923, 4080, 
131.094024, 4080, 
131.104125, 4080, 
131.114227, 4080, 
131.124328, 4080, 
131.134429, 4080, 
131.144531, 4080, 
131.154632, 4080, 
131.164733, 4080, 
131.174835, 4080, 
131.184936, 4080, 
131.195037, 4080, 
131.205139, 4080, 
131.215240, 4080, 
131.225341, 4080, 
131.235443, 4080, 
131.245544, 4080, 
131.255645, 4080, 
131.265747, 4080, 
131.275848, 4080, 
131.285949, 4080, 
131.296051, 4080, 
131.306152, 4080, 
131.316253, 4080, 
131.326354, 4080, 
131.336456, 4080, 
131.346557, 4080, 
131.356658, 4080, 
131.366760, 4080, 
131.376861, 4080, 
131.386962, 4080, 
131.397064, 4080, 
131.407165, 4080, 
131.417266, 4080, 
131.427368, 4080, 
131.437469, 4080, 
131.447570, 4080, 
131.457672, 4080, 
131.467773, 4080, 
131.477874, 4080, 
131.487976, 4080, 
131.498077, 4080, 
131.508178, 4080, 
131.518280, 4080, 
131.528381, 4080, 
131.538482, 4080, 
131.548583, 4080, 
131.558685, 4080, 
131.568786, 4080, 
131.578887, 4080, 
131.588989, 4080, 
131.599090, 4080, 
131.609191, 4080, 
131.619293, 4080, 
131.629394, 4080, 
131.639495, 4080, 
131.649597, 4080, 
131.659698, 4080, 
131.669799, 4080, 
131.679901, 4080, 
131.690002, 4080, 
131.700103, 4080, 
131.710205, 4080, 
131.720306, 4080, 
131.730407, 4080, 
131.740509, 4080, 
131.750610, 4080, 
131.760711, 4080, 
131.770812, 4080, 
131.780914, 4080, 
131.791015, 4080, 
131.801116, 4080, 
131.811218, 4080, 
131.821319, 4080, 
131.831420, 4080, 
131.841522, 4080, 
131.851623, 4080, 
131.861724, 4080, 
131.871826, 4080, 
131.881927, 4080, 
131.892028, 4080, 
131.902130, 4080, 
131.912231, 4080, 
131.922332, 4080, 
131.932434, 4080, 
131.942535, 4080, 
131.952636, 4080, 
131.962738, 4080, 
131.972839, 4080, 
131.982940, 4080, 
131.993041, 4080, 
132.003143, 4080, 
132.013244, 4080, 
132.023345, 4080, 
132.033447, 4080, 
132.043548, 4080, 
132.053649, 4080, 
132.063751, 4080, 
132.073852, 4080, 
132.083953, 4080, 
132.094055, 4080, 
132.104156, 4080, 
132.114257, 4080, 
132.124359, 4080, 
132.134460, 4080, 
132.144561, 4080, 
132.154663, 4080, 
132.164764, 4080, 
132.174865, 4080, 
132.184967, 4080, 
132.195068, 4080, 
132.205169, 4080, 
132.215270, 4080, 
132.225372, 4080, 
132.235473, 4080, 
132.245574, 4080, 
132.255676, 4080, 
132.265777, 4080, 
132.275878, 4080, 
132.285980, 4080, 
132.296081, 4080, 
132.306182, 4080, 
132.316284, 4080, 
132.326385, 4080, 
132.336486, 4080, 
132.346588, 4080, 
132.356689, 4080, 
132.366790, 4080, 
132.376892, 4080, 
132.386993, 4080, 
132.397094, 4080, 
132.407196, 4080, 
132.417297, 4080, 
132.427398, 4080, 
132.437500, 4080, 
132.447601, 4080, 
132.457702, 4080, 
132.467803, 4080, 
132.477905, 4080, 
132.488006, 4080, 
132.498107, 4080, 
132.508209, 4080, 
132.518310, 4080, 
132.528411, 4080, 
132.538513, 4080, 
132.548614, 4080, 
132.558715, 4080, 
132.568817, 4080, 
132.578918, 4080, 
132.589019, 4080, 
132.599121, 4080, 
132.609222, 4080, 
132.619323, 4080, 
132.629425, 4080, 
132.639526, 4080, 
132.649627, 4080, 
132.659729, 4080, 
132.669830, 4080, 
132.679931, 4080, 
132.690032, 4080, 
132.700134, 4080, 
132.710235, 4080, 
132.720336, 4080, 
132.730438, 4080, 
132.740539, 4080, 
132.750640, 4080, 
132.760742, 4080, 
132.770843, 4080, 
132.780944, 4080, 
132.791046, 4080, 
132.801147, 4080, 
132.811248, 4080, 
132.821350, 4080, 
132.831451, 4080, 
132.841552, 4080, 
132.851654, 4080, 
132.861755, 4080, 
132.871856, 4080, 
132.881958, 4080, 
132.892059, 4080, 
132.902160, 4080, 
132.912261, 4080, 
132.922363, 4080, 
132.932464, 4080, 
132.942565, 4080, 
132.952667, 4080, 
132.962768, 4080, 
132.972869, 3952, 
132.982971, 4080, 
132.993072, 4080, 
133.003173, 4080, 
133.013275, 4080, 
133.023376, 4080, 
133.033477, 4080, 
133.043579, 4080, 
133.053680, 4080, 
133.063781, 4080, 
133.073883, 4080, 
133.083984, 4080, 
133.094085, 4080, 
133.104187, 4080, 
133.114288, 4080, 
133.124389, 4080, 
133.134490, 4080, 
133.144592, 4080, 
133.154693, 4080, 
133.164794, 4080, 
133.174896, 4080, 
133.184997, 4080, 
133.195098, 4080, 
133.205200, 4080, 
133.215301, 4080, 
133.225402, 4080, 
133.235504, 4080, 
133.245605, 4080, 
133.255706, 4080, 
133.265808, 4080, 
133.275909, 4080, 
133.286010, 4080, 
133.296112, 4080, 
133.306213, 4080, 
133.316314, 4080, 
133.326416, 4080, 
133.336517, 4080, 
133.346618, 4080, 
133.356719, 4080, 
133.366821, 4080, 
133.376922, 4080, 
133.387023, 4080, 
133.397125, 4080, 
133.407226, 4080, 
133.417327, 4080, 
133.427429, 4080, 
133.437530, 4080, 
133.447631, 4080, 
133.457733, 4080, 
133.467834, 4080, 
133.477935, 4080, 
133.488037, 4080, 
133.498138, 4080, 
133.508239, 4080, 
133.518341, 4080, 
133.528442, 4080, 
133.538543, 4080, 
133.548645, 4080, 
133.558746, 4080, 
133.568847, 3952, 
133.578948, 4080, 
133.589050, 4080, 
133.599151, 4080, 
133.609252, 4080, 
133.619354, 4080, 
133.629455, 4080, 
133.639556, 4080, 
133.649658, 4080, 
133.659759, 4080, 
133.669860, 4080, 
133.679962, 4080, 
133.690063, 4080, 
133.700164, 4080, 
133.710266, 4080, 
133.720367, 4080, 
133.730468, 4080, 
133.740570, 4080, 
133.750671, 4080, 
133.760772, 4080, 
133.770874, 4080, 
133.780975, 4080, 
133.791076, 4080, 
133.801177, 4080, 
133.811279, 4080, 
133.821380, 4080, 
133.831481, 4080, 
133.841583, 4080, 
133.851684, 4080, 
133.861785, 4080, 
133.871887, 4080, 
133.881988, 4080, 
133.892089, 4080, 
133.902191, 4080, 
133.912292, 4080, 
133.922393, 4080, 
133.932495, 4080, 
133.942596, 4080, 
133.952697, 4080, 
133.962799, 4080, 
133.972900, 4080, 
133.983001, 4080, 
133.993103, 4080, 
134.003204, 4080, 
134.013305, 4080, 
134.023406, 4080, 
134.033508, 4080, 
134.043609, 4080, 
134.053710, 4080, 
134.063812, 4080, 
134.073913, 4080, 
134.084014, 4080, 
134.094116, 4080, 
134.104217, 4080, 
134.114318, 4080, 
134.124420, 4080, 
134.134521, 4080, 
134.144622, 4080, 
134.154724, 4080, 
134.164825, 4080, 
134.174926, 4080, 
134.185028, 4080, 
134.195129, 4080, 
134.205230, 4080, 
134.215332, 4080, 
134.225433, 4080, 
134.235534, 4080, 
134.245635, 4080, 
134.255737, 4080, 
134.265838, 4080, 
134.275939, 4080, 
134.286041, 4080, 
134.296142, 4080, 
134.306243, 4080, 
134.316345, 4080, 
134.326446, 4080, 
134.336547, 4080, 
134.346649, 4080, 
134.356750, 4080, 
134.366851, 4080, 
134.376953, 4080, 
134.387054, 4080, 
134.397155, 4080, 
134.407257, 4080, 
134.417358, 4080, 
134.427459, 4080, 
134.437561, 4080, 
134.447662, 4080, 
134.457763, 4080, 
134.467864, 4080, 
134.477966, 4080, 
134.488067, 4080, 
134.498168, 4080, 
134.508270, 4080, 
134.518371, 4080, 
134.528472, 4080, 
134.538574, 4080, 
134.548675, 4080, 
134.558776, 4080, 
134.568878, 4080, 
134.578979, 4080, 
134.589080, 4080, 
134.599182, 4080, 
134.609283, 4080, 
134.619384, 4080, 
134.629486, 4080, 
134.639587, 4080, 
134.649688, 3952, 
134.659790, 4080, 
134.669891, 4080, 
134.679992, 4080, 
134.690093, 4080, 
134.700195, 4080, 
134.710296, 4080, 
134.720397, 4080, 
134.730499, 4080, 
134.740600, 4080, 
134.750701, 4080, 
134.760803, 4080, 
134.770904, 4080, 
134.781005, 4080, 
134.791107, 4080, 
134.801208, 4080, 
134.811309, 4080, 
134.821411, 4080, 
134.831512, 4080, 
134.841613, 4080, 
134.851715, 4080, 
134.861816, 4080, 
134.871917, 4080, 
134.882019, 4080, 
134.892120, 4080, 
134.902221, 4080, 
134.912322, 4080, 
134.922424, 4080, 
134.932525, 4080, 
134.942626, 4080, 
134.952728, 4080, 
134.962829, 4080, 
134.972930, 4080, 
134.983032, 4080, 
134.993133, 4080, 
135.003234, 4080, 
135.013336, 4080, 
135.023437, 4080, 
135.033538, 4080, 
135.043640, 4080, 
135.053741, 4080, 
135.063842, 4080, 
135.073944, 4080, 
135.084045, 4080, 
135.094146, 4080, 
135.104248, 4080, 
135.114349, 4080, 
135.124450, 4080, 
135.134552, 4080, 
135.144653, 4080, 
135.154754, 4080, 
135.164855, 4080, 
135.174957, 4080, 
135.185058, 4080, 
135.195159, 4080, 
135.205261, 4080, 
135.215362, 4080, 
135.225463, 4080, 
135.235565, 4080, 
135.245666, 4080, 
135.255767, 4080, 
135.265869, 4080, 
135.275970, 4080, 
135.286071, 4080, 
135.296173, 4080, 
135.306274, 4080, 
135.316375, 4080, 
135.326477, 4080, 
135.336578, 4080, 
135.346679, 4080, 
135.356781, 4080, 
135.366882, 4080, 
135.376983, 4080, 
135.387084, 4080, 
135.397186, 4080, 
135.407287, 4080, 
135.417388, 4080, 
135.427490, 4080, 
135.437591, 4080, 
135.447692, 4080, 
135.457794, 4080, 
135.467895, 4080, 
135.477996, 4080, 
135.488098, 4080, 
135.498199, 4080, 
135.508300, 4080, 
135.518402, 4080, 
135.528503, 4080, 
135.538604, 4080, 
135.548706, 4080, 
135.558807, 4080, 
135.568908, 4080, 
135.579010, 4080, 
135.589111, 4080, 
135.599212, 4080, 
135.609313, 4080, 
135.619415, 4080, 
135.629516, 4080, 
135.639617, 4080, 
135.649719, 4080, 
135.659820, 4080, 
135.669921, 4080, 
135.680023, 4080, 
135.690124, 4080, 
135.700225, 4080, 
135.710327, 4080, 
135.720428, 4080, 
135.730529, 4080, 
135.740631, 4080, 
135.750732, 4080, 
135.760833, 4080, 
135.770935, 4080, 
135.781036, 4080, 
135.791137, 4080, 
135.801239, 4080, 
135.811340, 4080, 
135.821441, 4080, 
135.831542, 4080, 
135.841644, 4080, 
135.851745, 4080, 
135.861846, 4080, 
135.871948, 4080, 
135.882049, 4080, 
135.892150, 4080, 
135.902252, 4080, 
135.912353, 4080, 
135.922454, 4080, 
135.932556, 4080, 
135.942657, 4080, 
135.952758, 4080, 
135.962860, 4080, 
135.972961, 4080, 
135.983062, 4080, 
135.993164, 4080, 
136.003265, 4080, 
136.013366, 4080, 
136.023468, 4080, 
136.033569, 4080, 
136.043670, 4080, 
136.053771, 4080, 
136.063873, 4080, 
136.073974, 4080, 
136.084075, 4080, 
136.094177, 4080, 
136.104278, 4080, 
136.114379, 4080, 
136.124481, 4080, 
136.134582, 4080, 
136.144683, 4080, 
136.154785, 4080, 
136.164886, 4080, 
136.174987, 4080, 
136.185089, 4080, 
136.195190, 4080, 
136.205291, 4080, 
136.215393, 4080, 
136.225494, 4080, 
136.235595, 4080, 
136.245697, 4080, 
136.255798, 4080, 
136.265899, 4080, 
136.276000, 4080, 
136.286102, 4080, 
136.296203, 4080, 
136.306304, 4080, 
136.316406, 4080, 
136.326507, 4080, 
136.336608, 4080, 
136.346710, 4080, 
136.356811, 4080, 
136.366912, 4080, 
136.377014, 4080, 
136.387115, 4080, 
136.397216, 4080, 
136.407318, 4080, 
136.417419, 4080, 
136.427520, 4080, 
136.437622, 4080, 
136.447723, 4080, 
136.457824, 4080, 
136.467926, 4080, 
136.478027, 4080, 
136.488128, 4080, 
136.498229, 4080, 
136.508331, 4080, 
136.518432, 4080, 
136.528533, 4080, 
136.538635, 4080, 
136.548736, 4080, 
136.558837, 4080, 
136.568939, 4080, 
136.579040, 4080, 
136.589141, 4080, 
136.599243, 4080, 
136.609344, 4080, 
136.619445, 4080, 
136.629547, 4080, 
136.639648, 4080, 
136.649749, 4080, 
136.659851, 4080, 
136.669952, 4080, 
136.680053, 4080, 
136.690155, 4080, 
136.700256, 4080, 
136.710357, 4080, 
136.720458, 4080, 
136.730560, 4080, 
136.740661, 4080, 
136.750762, 4080, 
136.760864, 4080, 
136.781066, 4080, 
136.791168, 4080, 
136.801269, 4080, 
136.811370, 4080, 
136.821472, 4080, 
136.831573, 4080, 
136.841674, 4080, 
136.851776, 4080, 
136.861877, 4080, 
136.871978, 4080, 
136.882080, 4080, 
136.892181, 4080, 
136.902282, 4080, 
136.912384, 4080, 
136.922485, 4080, 
136.932586, 4080, 
136.942687, 4080, 
136.952789, 4080, 
136.962890, 4080, 
136.972991, 4080, 
136.983093, 4080, 
136.993194, 4080, 
137.003295, 4080, 
137.013397, 4080, 
137.023498, 4080, 
137.033599, 3952, 
137.043701, 4080, 
137.053802, 4080, 
137.063903, 4080, 
137.074005, 4080, 
137.084106, 4080, 
137.094207, 4080, 
137.104309, 4080, 
137.114410, 4080, 
137.124511, 4080, 
137.134613, 4080, 
137.144714, 4080, 
137.154815, 4080, 
137.164916, 4080, 
137.175018, 4080, 
137.185119, 4080, 
137.195220, 4080, 
137.205322, 4080, 
137.215423, 3952, 
137.225524, 4080, 
137.235626, 4080, 
137.245727, 4080, 
137.255828, 4080, 
137.265930, 4080, 
137.276031, 4080, 
137.286132, 4080, 
137.296234, 4080, 
137.306335, 4080, 
137.316436, 4080, 
137.326538, 4080, 
137.336639, 4080, 
137.346740, 4080, 
137.356842, 4080, 
137.366943, 4080, 
137.377044, 4080, 
137.387145, 4080, 
137.397247, 4080, 
137.407348, 4080, 
137.417449, 4080, 
137.427551, 4080, 
137.437652, 4080, 
137.447753, 4080, 
137.457855, 4080, 
137.467956, 4080, 
137.478057, 4080, 
137.488159, 4080, 
137.498260, 4080, 
137.508361, 4080, 
137.518463, 4080, 
137.528564, 4080, 
137.538665, 4080, 
137.548767, 4080, 
137.558868, 4080, 
137.568969, 4080, 
137.579071, 4080, 
137.589172, 4080, 
137.599273, 4080, 
137.609375, 4080, 
137.619476, 4080, 
137.629577, 4080, 
137.639678, 4080, 
137.649780, 4080, 
137.659881, 4080, 
137.669982, 4080, 
137.680084, 4080, 
137.690185, 4080, 
137.700286, 4080, 
137.710388, 4080, 
137.720489, 4080, 
137.730590, 4080, 
137.740692, 4080, 
137.750793, 4080, 
137.760894, 4080, 
137.770996, 4080, 
137.781097, 4080, 
137.791198, 4080, 
137.801300, 4080, 
137.811401, 4080, 
137.821502, 4080, 
137.831604, 4080, 
137.841705, 4080, 
137.851806, 4080, 
137.861907, 4080, 
137.872009, 4080, 
137.882110, 4080, 
137.892211, 4080, 
137.902313, 4080, 
137.912414, 4080, 
137.922515, 4080, 
137.932617, 4080, 
137.942718, 4080, 
137.952819, 4080, 
137.962921, 4080, 
137.973022, 4080, 
137.983123, 4080, 
137.993225, 4080, 
138.003326, 4080, 
138.013427, 4080, 
138.023529, 4080, 
138.033630, 4080, 
138.043731, 4080, 
138.053833, 4080, 
138.063934, 4080, 
138.074035, 4080, 
138.084136, 4080, 
138.094238, 4080, 
138.104339, 4080, 
138.114440, 4080, 
138.124542, 4080, 
138.134643, 4080, 
138.144744, 4080, 
138.154846, 4080, 
138.164947, 4080, 
138.175048, 4080, 
138.185150, 4080, 
138.195251, 4080, 
138.205352, 4080, 
138.215454, 4080, 
138.225555, 4080, 
138.235656, 4080, 
138.245758, 4080, 
138.255859, 4080, 
138.265960, 4080, 
138.276062, 4080, 
138.286163, 4080, 
138.296264, 4080, 
138.306365, 4080, 
138.316467, 4080, 
138.326568, 4080, 
138.336669, 4080, 
138.346771, 4080, 
138.356872, 4080, 
138.366973, 4080, 
138.377075, 4080, 
138.387176, 4080, 
138.397277, 4080, 
138.407379, 4080, 
138.417480, 4080, 
138.427581, 4080, 
138.437683, 4080, 
138.447784, 4080, 
138.457885, 4080, 
138.467987, 4080, 
138.478088, 4080, 
138.488189, 4080, 
138.498291, 4080, 
138.508392, 4080, 
138.528594, 4080, 
138.538696, 4080, 
138.548797, 4080, 
138.558898, 4080, 
138.569000, 4080, 
138.579101, 4080, 
138.589202, 4080, 
138.599304, 4080, 
138.609405, 4080, 
138.619506, 4080, 
138.629608, 4080, 
138.639709, 4080, 
138.649810, 4080, 
138.659912, 4080, 
138.670013, 4080, 
138.680114, 4080, 
138.690216, 4080, 
138.700317, 4080, 
138.710418, 4080, 
138.720520, 4080, 
138.730621, 4080, 
138.740722, 4080, 
138.750823, 4080, 
138.760925, 4080, 
138.771026, 4080, 
138.781127, 4080, 
138.791229, 4080, 
138.801330, 4080, 
138.811431, 4080, 
138.821533, 4080, 
138.831634, 4080, 
138.841735, 4080, 
138.851837, 4080, 
138.861938, 4080, 
138.872039, 4080, 
138.882141, 4080, 
138.892242, 4080, 
138.902343, 4080, 
138.912445, 4080, 
138.922546, 4080, 
138.932647, 4080, 
138.942749, 4080, 
138.952850, 4080, 
138.962951, 4080, 
138.973052, 4080, 
138.983154, 4080, 
138.993255, 4080, 
139.003356, 4080, 
139.013458, 4080, 
139.023559, 4080, 
139.033660, 4080, 
139.043762, 4080, 
139.053863, 4080, 
139.063964, 4080, 
139.074066, 4080, 
139.084167, 4080, 
139.094268, 4080, 
139.104370, 4080, 
139.114471, 4080, 
139.124572, 4080, 
139.134674, 4080, 
139.144775, 4080, 
139.154876, 4080, 
139.164978, 4080, 
139.175079, 4080, 
139.185180, 4080, 
139.195281, 4080, 
139.205383, 4080, 
139.215484, 4080, 
139.225585, 4080, 
139.235687, 4080, 
139.245788, 4080, 
139.255889, 4080, 
139.265991, 4080, 
139.276092, 4080, 
139.286193, 4080, 
139.296295, 4080, 
139.306396, 4080, 
139.316497, 4080, 
139.326599, 4080, 
139.336700, 4080, 
139.346801, 4080, 
139.356903, 4080, 
139.367004, 4080, 
139.377105, 4080, 
139.387207, 4080, 
139.397308, 4080, 
139.407409, 4080, 
139.417510, 4080, 
139.427612, 4080, 
139.437713, 4080, 
139.447814, 4080, 
139.457916, 4080, 
139.468017, 4080, 
139.478118, 4080, 
139.488220, 4080, 
139.498321, 4080, 
139.508422, 4080, 
139.518524, 4080, 
139.528625, 4080, 
139.538726, 4080, 
139.548828, 4080, 
139.558929, 4080, 
139.569030, 4080, 
139.579132, 4080, 
139.589233, 4080, 
139.599334, 4080, 
139.609436, 4080, 
139.619537, 4080, 
139.629638, 4080, 
139.639739, 4080, 
139.649841, 4080, 
139.659942, 4080, 
139.670043, 4080, 
139.680145, 4080, 
139.690246, 4080, 
139.700347, 4080, 
139.710449, 4080, 
139.720550, 4080, 
139.730651, 4080, 
139.740753, 4080, 
139.750854, 4080, 
139.760955, 4080, 
139.771057, 4080, 
139.781158, 4080, 
139.791259, 4080, 
139.801361, 4080, 
139.811462, 4080, 
139.821563, 4080, 
139.831665, 4080, 
139.841766, 4080, 
139.851867, 4080, 
139.861968, 4080, 
139.872070, 4080, 
139.882171, 4080, 
139.892272, 4080, 
139.902374, 4080, 
139.912475, 4080, 
139.922576, 4080, 
139.932678, 4080, 
139.942779, 4080, 
139.952880, 4080, 
139.962982, 4080, 
139.973083, 4080, 
139.983184, 4080, 
139.993286, 4080, 
140.003387, 4080, 
140.013488, 4080, 
140.023590, 4080, 
140.033691, 4080, 
140.043792, 4080, 
140.053894, 4080, 
140.063995, 4080, 
140.074096, 4080, 
140.084197, 4080, 
140.094299, 4080, 
140.104400, 4080, 
140.114501, 4080, 
140.124603, 4080, 
140.134704, 4080, 
140.144805, 3952, 
140.154907, 4080, 
140.165008, 4080, 
140.175109, 4080, 
140.185211, 4080, 
140.195312, 4080, 
140.205413, 4080, 
140.215515, 4080, 
140.225616, 4080, 
140.235717, 4080, 
140.245819, 4080, 
140.255920, 4080, 
140.266021, 4080, 
140.276123, 4080, 
140.286224, 4080, 
140.296325, 4080, 
140.306427, 4080, 
140.316528, 4080, 
140.326629, 4080, 
140.336730, 4080, 
140.346832, 4080, 
140.356933, 4080, 
140.367034, 4080, 
140.377136, 4080, 
140.387237, 4080, 
140.397338, 4080, 
140.407440, 4080, 
140.417541, 4080, 
140.427642, 4080, 
140.437744, 4080, 
140.447845, 4080, 
140.457946, 4080, 
140.468048, 4080, 
140.478149, 4080, 
140.488250, 4080, 
140.498352, 4080, 
140.508453, 4080, 
140.518554, 4080, 
140.528656, 4080, 
140.538757, 4080, 
140.548858, 4080, 
140.558959, 4080, 
140.569061, 4080, 
140.579162, 3952, 
140.589263, 4080, 
140.599365, 4080, 
140.609466, 4080, 
140.619567, 4080, 
140.629669, 4080, 
140.639770, 4080, 
140.649871, 4080, 
140.659973, 4080, 
140.670074, 4080, 
140.680175, 4080, 
140.690277, 4080, 
140.700378, 4080, 
140.710479, 4080, 
140.720581, 4080, 
140.730682, 4080, 
140.740783, 4080, 
140.750885, 4080, 
140.760986, 4080, 
140.771087, 4080, 
140.781188, 4080, 
140.791290, 4080, 
140.801391, 4080, 
140.811492, 4080, 
140.821594, 4080, 
140.831695, 4080, 
140.841796, 4080, 
140.851898, 4080, 
140.861999, 4080, 
140.872100, 4080, 
140.882202, 4080, 
140.892303, 4080, 
140.902404, 4080, 
140.912506, 4080, 
140.922607, 4080, 
140.932708, 4080, 
140.942810, 4080, 
140.952911, 4080, 
140.963012, 4080, 
140.973114, 4080, 
140.983215, 4080, 
140.993316, 4080, 
141.003417, 4080, 
141.013519, 4080, 
141.023620, 3697, 
141.033721, 4080, 
141.043823, 4080, 
141.053924, 4080, 
141.064025, 4080, 
141.074127, 4080, 
141.084228, 4080, 
141.094329, 4080, 
141.104431, 4080, 
141.114532, 4080, 
141.124633, 4080, 
141.134735, 4080, 
141.144836, 4080, 
141.154937, 4080, 
141.165039, 4080, 
141.175140, 4080, 
141.185241, 4080, 
141.195343, 4080, 
141.205444, 4080, 
141.215545, 4080, 
141.225646, 4080, 
141.235748, 4080, 
141.245849, 4080, 
141.255950, 4080, 
141.266052, 4080, 
141.276153, 3952, 
141.286254, 4080, 
141.296356, 4080, 
141.306457, 4080, 
141.316558, 4080, 
141.326660, 4080, 
141.336761, 4080, 
141.346862, 4080, 
141.356964, 4080, 
141.367065, 4080, 
141.377166, 4080, 
141.387268, 4080, 
141.397369, 4080, 
141.407470, 4080, 
141.417572, 4080, 
141.427673, 4080, 
141.437774, 4080, 
141.447875, 4080, 
141.457977, 4080, 
141.468078, 4080, 
141.478179, 4080, 
141.488281, 4080, 
141.498382, 4080, 
141.508483, 4080, 
141.518585, 4080, 
141.528686, 4080, 
141.538787, 4080, 
141.548889, 3952, 
141.558990, 4080, 
141.569091, 4080, 
141.579193, 4080, 
141.589294, 4080, 
141.599395, 4080, 
141.609497, 4080, 
141.619598, 4080, 
141.629699, 4080, 
141.639801, 4080, 
141.649902, 4080, 
141.660003, 4080, 
141.670104, 4080, 
141.680206, 3824, 
141.690307, 4080, 
141.700408, 4080, 
141.710510, 4080, 
141.720611, 4080, 
141.730712, 4080, 
141.740814, 4080, 
141.750915, 4080, 
141.761016, 4080, 
141.771118, 4080, 
141.781219, 4080, 
141.791320, 4080, 
141.801422, 4080, 
141.811523, 4080, 
141.821624, 4080, 
141.831726, 4080, 
141.841827, 4080, 
141.851928, 4080, 
141.862030, 4080, 
141.872131, 4080, 
141.882232, 4080, 
141.892333, 4080, 
141.902435, 4080, 
141.912536, 4080, 
141.922637, 4080, 
141.932739, 4080, 
141.942840, 4080, 
141.952941, 4080, 
141.963043, 4080, 
141.973144, 4080, 
141.983245, 4080, 
141.993347, 4080, 
142.003448, 4080, 
142.013549, 4080, 
142.023651, 4080, 
142.033752, 4080, 
142.043853, 4080, 
142.053955, 4080, 
142.064056, 4080, 
142.074157, 4080, 
142.084259, 4080, 
142.094360, 4080, 
142.104461, 4080, 
142.114562, 4080, 
142.124664, 4080, 
142.134765, 4080, 
142.144866, 4080, 
142.154968, 4080, 
142.165069, 4080, 
142.175170, 4080, 
142.185272, 4080, 
142.195373, 4080, 
142.205474, 4080, 
142.215576, 4080, 
142.225677, 4080, 
142.235778, 4080, 
142.245880, 4080, 
142.255981, 4080, 
142.266082, 4080, 
142.276184, 4080, 
142.286285, 4080, 
142.296386, 4080, 
142.306488, 4080, 
142.316589, 4080, 
142.326690, 4080, 
142.336791, 4080, 
142.346893, 4080, 
142.356994, 4080, 
142.367095, 4080, 
142.377197, 4080, 
142.387298, 4080, 
142.397399, 4080, 
142.407501, 4080, 
142.417602, 4080, 
142.427703, 4080, 
142.437805, 4080, 
142.447906, 4080, 
142.458007, 4080, 
142.468109, 4080, 
142.478210, 4080, 
142.488311, 4080, 
142.498413, 4080, 
142.508514, 4080, 
142.518615, 4080, 
142.528717, 4080, 
142.538818, 4080, 
142.548919, 4080, 
142.559020, 4080, 
142.569122, 4080, 
142.579223, 4080, 
142.589324, 4080, 
142.599426, 4080, 
142.609527, 4080, 
142.619628, 4080, 
142.629730, 4080, 
142.639831, 4080, 
142.649932, 4080, 
142.660034, 4080, 
142.670135, 4080, 
142.680236, 4080, 
142.690338, 4080, 
142.700439, 4080, 
142.710540, 4080, 
142.720642, 4080, 
142.730743, 4080, 
142.740844, 4080, 
142.750946, 4080, 
142.761047, 4080, 
142.771148, 4080, 
142.781250, 4080, 
142.791351, 4080, 
142.801452, 4080, 
142.811553, 4080, 
142.821655, 4080, 
142.831756, 4080, 
142.841857, 4080, 
142.851959, 4080, 
142.862060, 4080, 
142.872161, 4080, 
142.882263, 4080, 
142.892364, 4080, 
142.902465, 4080, 
142.912567, 4080, 
142.922668, 4080, 
142.932769, 4080, 
142.942871, 4080, 
142.952972, 4080, 
142.963073, 4080, 
142.973175, 4080, 
142.983276, 4080, 
142.993377, 4080, 
143.003479, 4080, 
143.013580, 4080, 
143.023681, 4080, 
143.033782, 4080, 
143.043884, 4080, 
143.053985, 4080, 
143.064086, 4080, 
143.074188, 4080, 
143.084289, 4080, 
143.094390, 4080, 
143.104492, 4080, 
143.114593, 4080, 
143.124694, 4080, 
143.134796, 4080, 
143.144897, 4080, 
143.154998, 4080, 
143.165100, 4080, 
143.175201, 4080, 
143.185302, 4080, 
143.195404, 4080, 
143.205505, 4080, 
143.215606, 4080, 
143.225708, 4080, 
143.235809, 4080, 
143.245910, 4080, 
143.256011, 4080, 
143.266113, 4080, 
143.276214, 4080, 
143.286315, 3952, 
143.296417, 4080, 
143.306518, 3952, 
143.316619, 4080, 
143.326721, 4080, 
143.336822, 4080, 
143.346923, 4080, 
143.357025, 4080, 
143.367126, 4080, 
143.377227, 4080, 
143.387329, 4080, 
143.397430, 4080, 
143.407531, 4080, 
143.417633, 4080, 
143.427734, 4080, 
143.437835, 4080, 
143.447937, 4080, 
143.458038, 4080, 
143.468139, 4080, 
143.478240, 4080, 
143.488342, 4080, 
143.498443, 4080, 
143.508544, 4080, 
143.518646, 4080, 
143.528747, 4080, 
143.548950, 4080, 
143.559051, 4080, 
143.569152, 4080, 
143.579254, 4080, 
143.589355, 4080, 
143.599456, 4080, 
143.609558, 4080, 
143.619659, 4080, 
143.629760, 4080, 
143.639862, 4080, 
143.649963, 4080, 
143.660064, 4080, 
143.670166, 4080, 
143.680267, 4080, 
143.690368, 4080, 
143.700469, 4080, 
143.710571, 4080, 
143.720672, 4080, 
143.730773, 4080, 
143.740875, 4080, 
143.750976, 4080, 
143.761077, 4080, 
143.771179, 4080, 
143.781280, 4080, 
143.791381, 4080, 
143.801483, 4080, 
143.811584, 4080, 
143.821685, 4080, 
143.831787, 4080, 
143.841888, 4080, 
143.851989, 4080, 
143.862091, 4080, 
143.872192, 4080, 
143.882293, 4080, 
143.892395, 4080, 
143.902496, 4080, 
143.912597, 4080, 
143.922698, 4080, 
143.932800, 4080, 
143.942901, 4080, 
143.953002, 4080, 
143.963104, 4080, 
143.973205, 4080, 
143.983306, 4080, 
143.993408, 4080, 
144.003509, 4080, 
144.013610, 4080, 
144.023712, 4080, 
144.033813, 4080, 
144.043914, 4080, 
144.054016, 4080, 
144.064117, 4080, 
144.074218, 4080, 
144.084320, 4080, 
144.094421, 4080, 
144.104522, 4080, 
144.114624, 4080, 
144.124725, 4080, 
144.134826, 4080, 
144.144927, 4080, 
144.155029, 4080, 
144.165130, 4080, 
144.175231, 4080, 
144.185333, 4080, 
144.195434, 4080, 
144.205535, 4080, 
144.215637, 4080, 
144.225738, 4080, 
144.235839, 4080, 
144.245941, 4080, 
144.256042, 4080, 
144.266143, 4080, 
144.276245, 4080, 
144.286346, 4080, 
144.296447, 4080, 
144.306549, 4080, 
144.316650, 3952, 
144.326751, 4080, 
144.336853, 4080, 
144.346954, 4080, 
144.357055, 4080, 
144.367156, 4080, 
144.377258, 4080, 
144.387359, 3824, 
144.397460, 4080, 
144.407562, 4080, 
144.417663, 4080, 
144.427764, 4080, 
144.437866, 4080, 
144.447967, 4080, 
144.458068, 4080, 
144.468170, 4080, 
144.478271, 4080, 
144.488372, 3952, 
144.498474, 3952, 
144.508575, 4080, 
144.518676, 4080, 
144.528778, 4080, 
144.538879, 4080, 
144.548980, 4080, 
144.559082, 4080, 
144.569183, 4080, 
144.579284, 4080, 
144.589385, 4080, 
144.599487, 4080, 
144.609588, 4080, 
144.619689, 4080, 
144.629791, 4080, 
144.639892, 4080, 
144.649993, 4080, 
144.660095, 4080, 
144.670196, 4080, 
144.680297, 4080, 
144.690399, 4080, 
144.700500, 4080, 
144.710601, 4080, 
144.720703, 4080, 
144.730804, 4080, 
144.740905, 4080, 
144.751007, 4080, 
144.761108, 4080, 
144.771209, 4080, 
144.781311, 4080, 
144.791412, 4080, 
144.801513, 4080, 
144.811614, 4080, 
144.821716, 4080, 
144.831817, 4080, 
144.841918, 4080, 
144.852020, 4080, 
144.862121, 4080, 
144.872222, 4080, 
144.882324, 4080, 
144.892425, 4080, 
144.902526, 4080, 
144.912628, 4080, 
144.922729, 4080, 
144.932830, 4080, 
144.942932, 3952, 
144.953033, 4080, 
144.963134, 4080, 
144.973236, 4080, 
144.983337, 4080, 
144.993438, 4080, 
145.003540, 4080, 
145.013641, 4080, 
145.023742, 4080, 
145.033843, 4080, 
145.043945, 4080, 
145.054046, 4080, 
145.064147, 4080, 
145.074249, 4080, 
145.084350, 4080, 
145.094451, 4080, 
145.104553, 4080, 
145.114654, 4080, 
145.124755, 4080, 
145.134857, 4080, 
145.144958, 4080, 
145.155059, 4080, 
145.165161, 4080, 
145.175262, 4080, 
145.185363, 4080, 
145.195465, 4080, 
145.205566, 4080, 
145.215667, 4080, 
145.225769, 4080, 
145.235870, 4080, 
145.245971, 4080, 
145.256072, 4080, 
145.266174, 4080, 
145.276275, 4080, 
145.286376, 4080, 
145.296478, 4080, 
145.306579, 4080, 
145.316680, 4080, 
145.326782, 4080, 
145.336883, 4080, 
145.346984, 4080, 
145.357086, 4080, 
145.367187, 4080, 
145.377288, 4080, 
145.387390, 4080, 
145.397491, 4080, 
145.407592, 4080, 
145.417694, 4080, 
145.427795, 4080, 
145.437896, 4080, 
145.447998, 4080, 
145.458099, 4080, 
145.468200, 4080, 
145.478302, 4080, 
145.488403, 4080, 
145.498504, 4080, 
145.508605, 4080, 
145.518707, 4080, 
145.528808, 4080, 
145.538909, 4080, 
145.549011, 4080, 
145.559112, 4080, 
145.569213, 3952, 
145.579315, 3952, 
145.589416, 4080, 
145.599517, 4080, 
145.609619, 4080, 
145.619720, 4080, 
145.629821, 4080, 
145.639923, 4080, 
145.650024, 4080, 
145.660125, 4080, 
145.670227, 4080, 
145.680328, 4080, 
145.690429, 4080, 
145.700531, 4080, 
145.710632, 4080, 
145.720733, 4080, 
145.730834, 4080, 
145.740936, 4080, 
145.751037, 4080, 
145.761138, 3952, 
145.771240, 4080, 
145.781341, 4080, 
145.791442, 4080, 
145.801544, 4080, 
145.811645, 4080, 
145.821746, 4080, 
145.831848, 4080, 
145.841949, 4080, 
145.852050, 4080, 
145.862152, 4080, 
145.872253, 4080, 
145.882354, 4080, 
145.892456, 4080, 
145.902557, 4080, 
145.912658, 4080, 
145.922760, 4080, 
145.932861, 4080, 
145.942962, 4080, 
145.953063, 4080, 
145.963165, 4080, 
145.973266, 4080, 
145.983367, 4080, 
145.993469, 4080, 
146.003570, 4080, 
146.013671, 4080, 
146.023773, 4080, 
146.033874, 4080, 
146.043975, 4080, 
146.054077, 4080, 
146.064178, 4080, 
146.074279, 4080, 
146.084381, 4080, 
146.094482, 4080, 
146.104583, 4080, 
146.114685, 4080, 
146.124786, 4080, 
146.134887, 4080, 
146.144989, 4080, 
146.155090, 4080, 
146.165191, 4080, 
146.175292, 4080, 
146.185394, 4080, 
146.195495, 4080, 
146.205596, 4080, 
146.215698, 4080, 
146.225799, 4080, 
146.235900, 4080, 
146.256103, 4080, 
146.266204, 4080, 
146.276306, 4080, 
146.286407, 4080, 
146.296508, 4080, 
146.306610, 4080, 
146.316711, 4080, 
146.326812, 4080, 
146.336914, 4080, 
146.347015, 4080, 
146.357116, 4080, 
146.367218, 4080, 
146.377319, 4080, 
146.387420, 4080, 
146.397521, 4080, 
146.407623, 3952, 
146.417724, 4080, 
146.427825, 4080, 
146.437927, 4080, 
146.448028, 4080, 
146.458129, 4080, 
146.468231, 4080, 
146.478332, 4080, 
146.488433, 4080, 
146.498535, 4080, 
146.508636, 4080, 
146.518737, 4080, 
146.528839, 4080, 
146.538940, 4080, 
146.549041, 4080, 
146.559143, 4080, 
146.569244, 3824, 
146.579345, 4080, 
146.589447, 4080, 
146.599548, 4080, 
146.609649, 4080, 
146.619750, 3952, 
146.629852, 4080, 
146.639953, 4080, 
146.650054, 4080, 
146.660156, 4080, 
146.670257, 4080, 
146.680358, 4080, 
146.690460, 4080, 
146.700561, 4080, 
146.710662, 4080, 
146.720764, 4080, 
146.730865, 4080, 
146.740966, 4080, 
146.751068, 4080, 
146.761169, 4080, 
146.771270, 4080, 
146.781372, 4080, 
146.791473, 4080, 
146.801574, 4080, 
146.811676, 4080, 
146.821777, 4080, 
146.831878, 4080, 
146.841979, 4080, 
146.852081, 4080, 
146.862182, 4080, 
146.872283, 4080, 
146.882385, 4080, 
146.892486, 4080, 
146.902587, 4080, 
146.912689, 4080, 
146.922790, 4080, 
146.932891, 4080, 
146.942993, 4080, 
146.953094, 4080, 
146.963195, 4080, 
146.973297, 4080, 
146.983398, 4080, 
146.993499, 4080, 
147.003601, 4080, 
147.023803, 4080, 
147.033905, 4080, 
147.044006, 4080, 
147.054107, 4080, 
147.064208, 4080, 
147.074310, 4080, 
147.084411, 4080, 
147.094512, 4080, 
147.104614, 4080, 
147.114715, 3952, 
147.124816, 4080, 
147.134918, 4080, 
147.145019, 4080, 
147.155120, 4080, 
147.165222, 4080, 
147.175323, 4080, 
147.185424, 4080, 
147.195526, 4080, 
147.205627, 4080, 
147.215728, 4080, 
147.225830, 4080, 
147.235931, 4080, 
147.246032, 4080, 
147.256134, 4080, 
147.266235, 4080, 
147.276336, 4080, 
147.286437, 4080, 
147.296539, 4080, 
147.306640, 4080, 
147.316741, 4080, 
147.326843, 4080, 
147.336944, 4080, 
147.347045, 4080, 
147.357147, 3952, 
147.367248, 4080, 
147.377349, 4080, 
147.387451, 4080, 
147.397552, 4080, 
147.407653, 4080, 
147.417755, 4080, 
147.427856, 4080, 
147.437957, 4080, 
147.448059, 4080, 
147.458160, 4080, 
147.468261, 4080, 
147.478363, 4080, 
147.488464, 4080, 
147.498565, 4080, 
147.508666, 4080, 
147.518768, 4080, 
147.528869, 4080, 
147.538970, 4080, 
147.549072, 4080, 
147.559173, 4080, 
147.569274, 4080, 
147.579376, 4080, 
147.589477, 4080, 
147.599578, 4080, 
147.609680, 4080, 
147.619781, 4080, 
147.629882, 4080, 
147.639984, 4080, 
147.650085, 4080, 
147.660186, 3952, 
147.670288, 4080, 
147.680389, 4080, 
147.690490, 4080, 
147.700592, 4080, 
147.710693, 4080, 
147.720794, 4080, 
147.730895, 4080, 
147.740997, 4080, 
147.751098, 4080, 
147.761199, 4080, 
147.771301, 4080, 
147.781402, 4080, 
147.791503, 4080, 
147.801605, 4080, 
147.811706, 4080, 
147.821807, 4080, 
147.831909, 4080, 
147.842010, 4080, 
147.852111, 4080, 
147.862213, 4080, 
147.872314, 4080, 
147.882415, 4080, 
147.892517, 4080, 
147.902618, 4080, 
147.912719, 4080, 
147.922821, 4080, 
147.932922, 4080, 
147.943023, 4080, 
147.953125, 4080, 
147.963226, 4080, 
147.973327, 4080, 
147.983428, 4080, 
147.993530, 4080, 
148.003631, 4080, 
148.013732, 4080, 
148.023834, 4080, 
148.033935, 4080, 
148.044036, 4080, 
148.054138, 4080, 
148.064239, 4080, 
148.074340, 4080, 
148.084442, 4080, 
148.094543, 4080, 
148.104644, 4080, 
148.114746, 4080, 
148.124847, 4080, 
148.134948, 4080, 
148.145050, 4080, 
148.155151, 4080, 
148.165252, 4080, 
148.175354, 4080, 
148.185455, 4080, 
148.195556, 4080, 
148.205657, 4080, 
148.215759, 4080, 
148.225860, 4080, 
148.235961, 4080, 
148.246063, 4080, 
148.256164, 4080, 
148.266265, 3952, 
148.276367, 4080, 
148.286468, 4080, 
148.296569, 4080, 
148.306671, 4080, 
148.316772, 4080, 
148.326873, 4080, 
148.336975, 4080, 
148.347076, 4080, 
148.357177, 4080, 
148.367279, 4080, 
148.377380, 4080, 
148.387481, 4080, 
148.397583, 4080, 
148.407684, 4080, 
148.417785, 4080, 
148.427886, 4080, 
148.437988, 4080, 
148.448089, 4080, 
148.458190, 4080, 
148.468292, 4080, 
148.478393, 4080, 
148.488494, 4080, 
148.498596, 4080, 
148.508697, 4080, 
148.518798, 4080, 
148.528900, 4080, 
148.539001, 4080, 
148.549102, 4080, 
148.559204, 4080, 
148.569305, 4080, 
148.579406, 4080, 
148.589508, 4080, 
148.599609, 4080, 
148.609710, 4080, 
148.619812, 4080, 
148.629913, 4080, 
148.640014, 4080, 
148.650115, 4080, 
148.660217, 4080, 
148.670318, 4080, 
148.680419, 4080, 
148.690521, 4080, 
148.700622, 4080, 
148.710723, 4080, 
148.720825, 4080, 
148.730926, 4080, 
148.741027, 4080, 
148.751129, 4080, 
148.761230, 4080, 
148.771331, 4080, 
148.781433, 4080, 
148.791534, 4080, 
148.801635, 4080, 
148.811737, 4080, 
148.821838, 4080, 
148.831939, 4080, 
148.842041, 4080, 
148.852142, 4080, 
148.862243, 4080, 
148.872344, 4080, 
148.882446, 4080, 
148.892547, 4080, 
148.902648, 4080, 
148.912750, 4080, 
148.922851, 4080, 
148.932952, 4080, 
148.943054, 4080, 
148.953155, 4080, 
148.963256, 4080, 
148.973358, 4080, 
148.983459, 4080, 
148.993560, 4080, 
149.003662, 4080, 
149.013763, 4080, 
149.023864, 4080, 
149.033966, 4080, 
149.044067, 4080, 
149.054168, 4080, 
149.064270, 4080, 
149.074371, 4080, 
149.084472, 4080, 
149.094573, 4080, 
149.104675, 4080, 
149.114776, 4080, 
149.124877, 4080, 
149.134979, 4080, 
149.145080, 4080, 
149.155181, 4080, 
149.165283, 4080, 
149.175384, 4080, 
149.185485, 3952, 
149.195587, 4080, 
149.205688, 4080, 
149.215789, 4080, 
149.225891, 4080, 
149.235992, 4080, 
149.246093, 4080, 
149.256195, 4080, 
149.266296, 4080, 
149.276397, 4080, 
149.286499, 4080, 
149.296600, 4080, 
149.306701, 4080, 
149.316802, 4080, 
149.326904, 4080, 
149.337005, 4080, 
149.347106, 4080, 
149.357208, 4080, 
149.367309, 4080, 
149.377410, 4080, 
149.387512, 4080, 
149.397613, 4080, 
149.407714, 4080, 
149.417816, 4080, 
149.427917, 4080, 
149.438018, 4080, 
149.448120, 4080, 
149.458221, 4080, 
149.468322, 4080, 
149.478424, 4080, 
149.488525, 4080, 
149.498626, 4080, 
149.508728, 4080, 
149.518829, 4080, 
149.528930, 4080, 
149.539031, 4080, 
149.549133, 4080, 
149.559234, 4080, 
149.569335, 4080, 
149.579437, 4080, 
149.589538, 4080, 
149.599639, 4080, 
149.609741, 4080, 
149.619842, 4080, 
149.629943, 4080, 
149.640045, 4080, 
149.650146, 4080, 
149.660247, 4080, 
149.670349, 4080, 
149.680450, 4080, 
149.690551, 4080, 
149.700653, 4080, 
149.710754, 4080, 
149.730957, 4080, 
149.741058, 4080, 
149.751159, 4080, 
149.761260, 4080, 
149.771362, 4080, 
149.781463, 4080, 
149.791564, 4080, 
149.801666, 4080, 
149.811767, 4080, 
149.821868, 4080, 
149.831970, 4080, 
149.842071, 4080, 
149.852172, 4080, 
149.862274, 4080, 
149.872375, 4080, 
149.882476, 4080, 
149.892578, 4080, 
149.902679, 4080, 
149.912780, 4080, 
149.922882, 4080, 
149.932983, 4080, 
149.943084, 4080, 
149.953186, 4080, 
149.963287, 4080, 
149.973388, 4080, 
149.983489, 4080, 
149.993591, 4080, 
150.003692, 4080, 
150.013793, 4080, 
150.023895, 4080, 
150.033996, 4080, 
150.044097, 4080, 
150.064300, 4080, 
150.074401, 4080, 
150.084503, 4080, 
150.094604, 4080, 
150.104705, 4080, 
150.114807, 4080, 
150.124908, 4080, 
150.135009, 4080, 
150.145111, 4080, 
150.155212, 4080, 
150.165313, 4080, 
150.175415, 4080, 
150.185516, 4080, 
150.195617, 4080, 
150.205718, 4080, 
150.215820, 4080, 
150.225921, 4080, 
150.236022, 4080, 
150.246124, 4080, 
150.256225, 4080, 
150.266326, 4080, 
150.276428, 4080, 
150.286529, 4080, 
150.296630, 4080, 
150.306732, 4080, 
150.316833, 4080, 
150.326934, 4080, 
150.337036, 4080, 
150.347137, 4080, 
150.357238, 4080, 
150.367340, 4080, 
150.377441, 4080, 
150.387542, 4080, 
150.397644, 4080, 
150.407745, 4080, 
150.417846, 4080, 
150.427947, 4080, 
150.438049, 4080, 
150.448150, 4080, 
150.458251, 4080, 
150.468353, 4080, 
150.478454, 4080, 
150.488555, 4080, 
150.498657, 4080, 
150.508758, 4080, 
150.518859, 4080, 
150.528961, 4080, 
150.539062, 4080, 
150.549163, 4080, 
150.559265, 4080, 
150.569366, 4080, 
150.579467, 4080, 
150.589569, 4080, 
150.599670, 4080, 
150.609771, 4080, 
150.619873, 4080, 
150.629974, 4080, 
150.640075, 4080, 
150.650177, 4080, 
150.660278, 4080, 
150.670379, 4080, 
150.680480, 4080, 
150.690582, 4080, 
150.700683, 4080, 
150.710784, 4080, 
150.720886, 4080, 
150.730987, 4080, 
150.741088, 4080, 
150.751190, 4080, 
150.761291, 4080, 
150.771392, 4080, 
150.781494, 4080, 
150.791595, 4080, 
150.801696, 4080, 
150.811798, 4080, 
150.821899, 4080, 
150.832000, 4080, 
150.842102, 4080, 
150.852203, 4080, 
150.862304, 4080, 
150.872406, 4080, 
150.882507, 4080, 
150.892608, 4080, 
150.902709, 4080, 
150.912811, 4080, 
150.922912, 4080, 
150.933013, 4080, 
150.943115, 4080, 
150.953216, 4080, 
150.963317, 4080, 
150.973419, 4080, 
150.983520, 4080, 
150.993621, 4080, 
151.003723, 4080, 
151.013824, 4080, 
151.023925, 4080, 
151.034027, 4080, 
151.044128, 4080, 
151.054229, 4080, 
151.064331, 4080, 
151.074432, 4080, 
151.084533, 4080, 
151.094635, 4080, 
151.104736, 4080, 
151.114837, 4080, 
151.124938, 4080, 
151.135040, 4080, 
151.145141, 4080, 
151.155242, 4080, 
151.165344, 4080, 
151.175445, 4080, 
151.185546, 4080, 
151.195648, 4080, 
151.205749, 4080, 
151.215850, 4080, 
151.225952, 4080, 
151.236053, 4080, 
151.246154, 4080, 
151.256256, 4080, 
151.266357, 4080, 
151.276458, 4080, 
151.286560, 4080, 
151.296661, 4080, 
151.306762, 4080, 
151.316864, 4080, 
151.326965, 4080, 
151.337066, 4080, 
151.347167, 4080, 
151.357269, 4080, 
151.367370, 4080, 
151.377471, 4080, 
151.387573, 4080, 
151.397674, 4080, 
151.407775, 4080, 
151.417877, 4080, 
151.427978, 4080, 
151.438079, 4080, 
151.448181, 4080, 
151.458282, 4080, 
151.468383, 4080, 
151.478485, 4080, 
151.488586, 4080, 
151.498687, 4080, 
151.508789, 4080, 
151.518890, 4080, 
151.528991, 4080, 
151.539093, 4080, 
151.549194, 4080, 
151.559295, 4080, 
151.569396, 4080, 
151.579498, 4080, 
151.589599, 4080, 
151.599700, 4080, 
151.609802, 4080, 
151.619903, 4080, 
151.630004, 4080, 
151.640106, 4080, 
151.650207, 4080, 
151.660308, 4080, 
151.670410, 4080, 
151.680511, 4080, 
151.690612, 4080, 
151.700714, 4080, 
151.710815, 4080, 
151.720916, 4080, 
151.731018, 4080, 
151.741119, 4080, 
151.751220, 4080, 
151.761322, 4080, 
151.771423, 4080, 
151.781524, 4080, 
151.791625, 4080, 
151.801727, 4080, 
151.811828, 4080, 
151.821929, 4080, 
151.832031, 4080, 
151.842132, 4080, 
151.852233, 4080, 
151.862335, 4080, 
151.872436, 4080, 
151.882537, 4080, 
151.902740, 4080, 
151.912841, 4080, 
151.922943, 4080, 
151.933044, 4080, 
151.943145, 4080, 
151.953247, 4080, 
151.963348, 4080, 
151.973449, 4080, 
151.983551, 4080, 
151.993652, 4080, 
152.003753, 4080, 
152.013854, 4080, 
152.023956, 4080, 
152.034057, 4080, 
152.044158, 4080, 
152.054260, 4080, 
152.064361, 4080, 
152.074462, 4080, 
152.084564, 4080, 
152.094665, 4080, 
152.104766, 4080, 
152.114868, 4080, 
152.124969, 4080, 
152.135070, 4080, 
152.145172, 4080, 
152.155273, 4080, 
152.165374, 4080, 
152.175476, 4080, 
152.185577, 4080, 
152.195678, 4080, 
152.205780, 4080, 
152.215881, 4080, 
152.225982, 4080, 
152.236083, 4080, 
152.246185, 4080, 
152.256286, 4080, 
152.266387, 4080, 
152.276489, 4080, 
152.286590, 4080, 
152.296691, 4080, 
152.306793, 4080, 
152.316894, 4080, 
152.326995, 4080, 
152.337097, 4080, 
152.347198, 4080, 
152.357299, 4080, 
152.367401, 4080, 
152.377502, 4080, 
152.387603, 4080, 
152.397705, 4080, 
152.407806, 4080, 
152.417907, 4080, 
152.428009, 4080, 
152.438110, 4080, 
152.448211, 4080, 
152.458312, 4080, 
152.468414, 4080, 
152.478515, 4080, 
152.488616, 4080, 
152.498718, 4080, 
152.508819, 4080, 
152.518920, 4080, 
152.529022, 4080, 
152.539123, 4080, 
152.549224, 4080, 
152.559326, 4080, 
152.569427, 4080, 
152.579528, 4080, 
152.589630, 4080, 
152.599731, 4080, 
152.609832, 4080, 
152.619934, 4080, 
152.630035, 4080, 
152.640136, 4080, 
152.650238, 4080, 
152.660339, 4080, 
152.670440, 4080, 
152.680541, 4080, 
152.690643, 4080, 
152.700744, 4080, 
152.710845, 4080, 
152.720947, 4080, 
152.731048, 4080, 
152.741149, 4080, 
152.751251, 4080, 
152.761352, 4080, 
152.771453, 4080, 
152.781555, 4080, 
152.791656, 4080, 
152.801757, 4080, 
152.811859, 4080, 
152.821960, 4080, 
152.832061, 4080, 
152.842163, 4080, 
152.852264, 4080, 
152.862365, 4080, 
152.872467, 4080, 
152.882568, 4080, 
152.892669, 4080, 
152.902770, 4080, 
152.912872, 4080, 
152.922973, 4080, 
152.933074, 4080, 
152.943176, 4080, 
152.953277, 4080, 
152.963378, 4080, 
152.973480, 4080, 
152.983581, 4080, 
152.993682, 4080, 
153.003784, 4080, 
153.013885, 4080, 
153.023986, 4080, 
153.034088, 4080, 
153.044189, 4080, 
153.054290, 4080, 
153.064392, 4080, 
153.074493, 4080, 
153.084594, 3952, 
153.094696, 4080, 
153.104797, 4080, 
153.114898, 4080, 
153.125000, 4080, 
153.135101, 4080, 
153.145202, 4080, 
153.155303, 4080, 
153.165405, 4080, 
153.175506, 4080, 
153.185607, 4080, 
153.195709, 4080, 
153.205810, 4080, 
153.215911, 4080, 
153.226013, 4080, 
153.236114, 4080, 
153.246215, 4080, 
153.256317, 4080, 
153.266418, 4080, 
153.276519, 4080, 
153.286621, 4080, 
153.296722, 4080, 
153.306823, 4080, 
153.316925, 4080, 
153.327026, 4080, 
153.337127, 4080, 
153.347229, 4080, 
153.357330, 4080, 
153.367431, 4080, 
153.377532, 4080, 
153.387634, 4080, 
153.397735, 4080, 
153.407836, 4080, 
153.428039, 4080, 
153.438140, 4080, 
153.448242, 4080, 
153.458343, 4080, 
153.468444, 4080, 
153.478546, 4080, 
153.488647, 4080, 
153.498748, 4080, 
153.508850, 4080, 
153.518951, 4080, 
153.529052, 4080, 
153.539154, 4080, 
153.549255, 4080, 
153.559356, 4080, 
153.569458, 4080, 
153.579559, 4080, 
153.589660, 4080, 
153.599761, 4080, 
153.609863, 4080, 
153.619964, 4080, 
153.630065, 4080, 
153.640167, 4080, 
153.650268, 4080, 
153.660369, 4080, 
153.670471, 4080, 
153.680572, 4080, 
153.690673, 4080, 
153.700775, 4080, 
153.710876, 4080, 
153.720977, 4080, 
153.731079, 4080, 
153.741180, 4080, 
153.751281, 4080, 
153.761383, 4080, 
153.771484, 4080, 
153.781585, 4080, 
153.791687, 4080, 
153.801788, 4080, 
153.811889, 3952, 
153.821990, 4080, 
153.832092, 4080, 
153.842193, 4080, 
153.852294, 4080, 
153.862396, 4080, 
153.872497, 4080, 
153.882598, 4080, 
153.892700, 4080, 
153.902801, 4080, 
153.912902, 4080, 
153.923004, 4080, 
153.933105, 4080, 
153.943206, 4080, 
153.953308, 4080, 
153.963409, 4080, 
153.973510, 4080, 
153.983612, 4080, 
153.993713, 4080, 
154.003814, 4080, 
154.013916, 4080, 
154.024017, 4080, 
154.034118, 4080, 
154.044219, 4080, 
154.054321, 4080, 
154.064422, 4080, 
154.074523, 4080, 
154.084625, 4080, 
154.094726, 4080, 
154.104827, 4080, 
154.114929, 4080, 
154.125030, 4080, 
154.135131, 4080, 
154.145233, 4080, 
154.155334, 4080, 
154.165435, 4080, 
154.175537, 3952, 
154.185638, 4080, 
154.195739, 4080, 
154.205841, 4080, 
154.215942, 4080, 
154.226043, 4080, 
154.236145, 4080, 
154.246246, 4080, 
154.256347, 4080, 
154.266448, 4080, 
154.276550, 4080, 
154.286651, 4080, 
154.296752, 4080, 
154.306854, 4080, 
154.316955, 4080, 
154.327056, 4080, 
154.337158, 4080, 
154.347259, 4080, 
154.357360, 4080, 
154.367462, 4080, 
154.377563, 4080, 
154.387664, 4080, 
154.397766, 4080, 
154.407867, 4080, 
154.417968, 4080, 
154.428070, 4080, 
154.438171, 4080, 
154.448272, 4080, 
154.458374, 4080, 
154.468475, 4080, 
154.478576, 4080, 
154.488677, 4080, 
154.498779, 4080, 
154.508880, 4080, 
154.518981, 4080, 
154.529083, 4080, 
154.539184, 4080, 
154.549285, 4080, 
154.559387, 4080, 
154.569488, 4080, 
154.579589, 4080, 
154.589691, 4080, 
154.599792, 4080, 
154.609893, 4080, 
154.619995, 4080, 
154.630096, 4080, 
154.640197, 4080, 
154.650299, 4080, 
154.660400, 4080, 
154.670501, 4080, 
154.680603, 4080, 
154.690704, 4080, 
154.700805, 4080, 
154.710906, 4080, 
154.721008, 4080, 
154.731109, 4080, 
154.741210, 4080, 
154.751312, 4080, 
154.761413, 4080, 
154.771514, 4080, 
154.781616, 4080, 
154.791717, 4080, 
154.801818, 4080, 
154.811920, 4080, 
154.822021, 4080, 
154.832122, 4080, 
154.842224, 4080, 
154.852325, 4080, 
154.862426, 4080, 
154.872528, 4080, 
154.882629, 4080, 
154.892730, 4080, 
154.902832, 3952, 
154.912933, 4080, 
154.923034, 4080, 
154.933135, 4080, 
154.943237, 4080, 
154.953338, 4080, 
154.963439, 4080, 
154.973541, 4080, 
154.983642, 4080, 
154.993743, 4080, 
155.003845, 4080, 
155.013946, 4080, 
155.024047, 4080, 
155.034149, 4080, 
155.044250, 4080, 
155.054351, 4080, 
155.064453, 4080, 
155.074554, 4080, 
155.084655, 4080, 
155.094757, 4080, 
155.104858, 4080, 
155.114959, 4080, 
155.125061, 4080, 
155.135162, 4080, 
155.145263, 4080, 
155.155364, 4080, 
155.165466, 4080, 
155.175567, 4080, 
155.185668, 4080, 
155.195770, 4080, 
155.205871, 4080, 
155.215972, 4080, 
155.226074, 4080, 
155.236175, 4080, 
155.246276, 4080, 
155.256378, 4080, 
155.266479, 4080, 
155.276580, 4080, 
155.286682, 4080, 
155.296783, 4080, 
155.306884, 4080, 
155.316986, 4080, 
155.327087, 4080, 
155.337188, 4080, 
155.347290, 4080, 
155.357391, 4080, 
155.367492, 4080, 
155.377593, 4080, 
155.387695, 4080, 
155.397796, 4080, 
155.407897, 4080, 
155.417999, 4080, 
155.428100, 4080, 
155.438201, 4080, 
155.448303, 4080, 
155.458404, 4080, 
155.468505, 4080, 
155.478607, 4080, 
155.488708, 4080, 
155.498809, 4080, 
155.508911, 4080, 
155.519012, 4080, 
155.529113, 4080, 
155.539215, 4080, 
155.549316, 4080, 
155.559417, 4080, 
155.569519, 4080, 
155.579620, 4080, 
155.589721, 4080, 
155.599822, 4080, 
155.609924, 4080, 
155.620025, 4080, 
155.630126, 4080, 
155.640228, 4080, 
155.650329, 4080, 
155.660430, 4080, 
155.670532, 4080, 
155.680633, 4080, 
155.690734, 4080, 
155.700836, 4080, 
155.710937, 4080, 
155.721038, 4080, 
155.731140, 3952, 
155.741241, 4080, 
155.751342, 4080, 
155.761444, 4080, 
155.771545, 4080, 
155.781646, 4080, 
155.791748, 4080, 
155.801849, 4080, 
155.811950, 4080, 
155.822052, 4080, 
155.832153, 4080, 
155.842254, 4080, 
155.852355, 4080, 
155.862457, 3952, 
155.872558, 3952, 
155.882659, 4080, 
155.892761, 4080, 
155.902862, 4080, 
155.912963, 4080, 
155.923065, 3952, 
155.933166, 4080, 
155.943267, 4080, 
155.953369, 4080, 
155.963470, 4080, 
155.973571, 4080, 
155.983673, 4080, 
155.993774, 4080, 
156.003875, 4080, 
156.013977, 4080, 
156.024078, 4080, 
156.034179, 4080, 
156.044281, 4080, 
156.054382, 4080, 
156.064483, 4080, 
156.074584, 4080, 
156.084686, 4080, 
156.094787, 4080, 
156.104888, 4080, 
156.114990, 4080, 
156.125091, 4080, 
156.135192, 4080, 
156.145294, 4080, 
156.155395, 4080, 
156.165496, 4080, 
156.175598, 4080, 
156.185699, 4080, 
156.195800, 4080, 
156.205902, 4080, 
156.216003, 4080, 
156.226104, 4080, 
156.236206, 4080, 
156.246307, 4080, 
156.256408, 4080, 
156.266510, 4080, 
156.276611, 4080, 
156.286712, 4080, 
156.296813, 4080, 
156.306915, 4080, 
156.317016, 4080, 
156.327117, 4080, 
156.337219, 4080, 
156.347320, 4080, 
156.357421, 4080, 
156.367523, 4080, 
156.377624, 4080, 
156.387725, 4080, 
156.397827, 4080, 
156.407928, 4080, 
156.418029, 4080, 
156.428131, 4080, 
156.438232, 4080, 
156.448333, 4080, 
156.458435, 3888, 
156.468536, 4080, 
156.478637, 4080, 
156.488739, 4080, 
156.498840, 4080, 
156.508941, 4080, 
156.519042, 4080, 
156.529144, 4080, 
156.539245, 4080, 
156.549346, 4080, 
156.559448, 4080, 
156.569549, 4080, 
156.579650, 4080, 
156.589752, 4080, 
156.599853, 4080, 
156.609954, 4080, 
156.620056, 4080, 
156.630157, 4080, 
156.640258, 4080, 
156.650360, 4080, 
156.660461, 4080, 
156.670562, 4080, 
156.680664, 4080, 
156.690765, 4080, 
156.700866, 4080, 
156.710968, 4080, 
156.721069, 4080, 
156.731170, 4080, 
156.741271, 4080, 
156.751373, 4080, 
156.761474, 4080, 
156.771575, 4080, 
156.781677, 4080, 
156.791778, 4080, 
156.801879, 3952, 
156.811981, 4080, 
156.822082, 4080, 
156.832183, 4080, 
156.842285, 4080, 
156.852386, 4080, 
156.862487, 4080, 
156.872589, 4080, 
156.882690, 3952, 
156.892791, 4080, 
156.902893, 4080, 
156.912994, 4080, 
156.923095, 4080, 
156.933197, 4080, 
156.943298, 4080, 
156.953399, 4080, 
156.963500, 4080, 
156.973602, 4080, 
156.983703, 4080, 
156.993804, 4080, 
157.003906, 4080, 
157.014007, 4080, 
157.024108, 4080, 
157.034210, 4080, 
157.044311, 4080, 
157.054412, 4080, 
157.064514, 4080, 
157.074615, 4080, 
157.084716, 4080, 
157.094818, 4080, 
157.104919, 4080, 
157.115020, 4080, 
157.125122, 4080, 
157.135223, 4080, 
157.145324, 4080, 
157.155426, 4080, 
157.165527, 4080, 
157.175628, 4080, 
157.185729, 4080, 
157.195831, 4080, 
157.205932, 4080, 
157.216033, 4080, 
157.226135, 4080, 
157.236236, 4080, 
157.246337, 4080, 
157.256439, 4080, 
157.266540, 4080, 
157.276641, 4080, 
157.286743, 4080, 
157.296844, 4080, 
157.306945, 4080, 
157.317047, 4080, 
157.327148, 4080, 
157.347351, 4080, 
157.357452, 4080, 
157.367553, 4080, 
157.377655, 4080, 
157.387756, 4080, 
157.397857, 4080, 
157.407958, 4080, 
157.418060, 4080, 
157.428161, 4080, 
157.438262, 4080, 
157.448364, 4080, 
157.458465, 4080, 
157.468566, 4080, 
157.478668, 4080, 
157.488769, 4080, 
157.498870, 4080, 
157.508972, 4080, 
157.519073, 4080, 
157.529174, 4080, 
157.539276, 4080, 
157.549377, 4080, 
157.559478, 4080, 
157.569580, 4080, 
157.579681, 4080, 
157.589782, 4080, 
157.599884, 4080, 
157.609985, 4080, 
157.620086, 4080, 
157.630187, 4080, 
157.640289, 4080, 
157.650390, 4080, 
157.660491, 4080, 
157.670593, 4080, 
157.680694, 4080, 
157.690795, 4080, 
157.700897, 4080, 
157.710998, 4080, 
157.721099, 4080, 
157.731201, 4080, 
157.741302, 4080, 
157.751403, 4080, 
157.761505, 4080, 
157.771606, 4080, 
157.781707, 4080, 
157.791809, 4080, 
157.801910, 4080, 
157.812011, 4080, 
157.822113, 4080, 
157.832214, 4080, 
157.842315, 4080, 
157.852416, 4080, 
157.862518, 4080, 
157.872619, 4080, 
157.882720, 4080, 
157.892822, 4080, 
157.902923, 4080, 
157.913024, 4080, 
157.923126, 4080, 
157.933227, 4080, 
157.943328, 4080, 
157.953430, 4080, 
157.963531, 4080, 
157.973632, 4080, 
157.983734, 4080, 
157.993835, 4080, 
158.003936, 4080, 
158.014038, 4080, 
158.024139, 4080, 
158.034240, 4080, 
158.044342, 4080, 
158.054443, 4080, 
158.064544, 4080, 
158.074645, 4080, 
158.084747, 4080, 
158.094848, 4080, 
158.104949, 4080, 
158.115051, 4080, 
158.125152, 4080, 
158.135253, 4080, 
158.145355, 4080, 
158.155456, 4080, 
158.165557, 4080, 
158.175659, 4080, 
158.185760, 4080, 
158.195861, 4080, 
158.205963, 4080, 
158.216064, 4080, 
158.226165, 4080, 
158.236267, 4080, 
158.246368, 4080, 
158.256469, 4080, 
158.266571, 4080, 
158.276672, 4080, 
158.286773, 4080, 
158.296875, 4080, 
158.306976, 4080, 
158.317077, 4080, 
158.327178, 4080, 
158.337280, 4080, 
158.347381, 4080, 
158.357482, 4080, 
158.367584, 4080, 
158.377685, 4080, 
158.387786, 4080, 
158.397888, 4080, 
158.407989, 4080, 
158.418090, 4080, 
158.428192, 3952, 
158.438293, 4080, 
158.448394, 4080, 
158.458496, 4080, 
158.468597, 4080, 
158.478698, 4080, 
158.488800, 4080, 
158.498901, 4080, 
158.509002, 4080, 
158.519104, 4080, 
158.529205, 4080, 
158.539306, 3952, 
158.549407, 4080, 
158.559509, 4080, 
158.569610, 4080, 
158.579711, 4080, 
158.589813, 4080, 
158.599914, 4080, 
158.610015, 4080, 
158.620117, 4080, 
158.630218, 4080, 
158.640319, 4080, 
158.650421, 4080, 
158.660522, 4080, 
158.670623, 4080, 
158.680725, 4080, 
158.690826, 4080, 
158.700927, 4080, 
158.711029, 4080, 
158.721130, 4080, 
158.731231, 4080, 
158.741333, 4080, 
158.751434, 4080, 
158.761535, 4080, 
158.771636, 4080, 
158.781738, 4080, 
158.791839, 4080, 
158.801940, 4080, 
158.812042, 4080, 
158.822143, 4080, 
158.832244, 4080, 
158.842346, 4080, 
158.852447, 4080, 
158.862548, 4080, 
158.872650, 4080, 
158.882751, 4080, 
158.892852, 4080, 
158.902954, 4080, 
158.913055, 4080, 
158.923156, 4080, 
158.933258, 4080, 
158.943359, 4080, 
158.953460, 3952, 
158.963562, 4080, 
158.973663, 4080, 
158.983764, 4080, 
158.993865, 4080, 
159.003967, 4080, 
159.014068, 4080, 
159.024169, 4080, 
159.034271, 4080, 
159.044372, 4080, 
159.054473, 4080, 
159.064575, 4080, 
159.074676, 4080, 
159.084777, 4080, 
159.094879, 4080, 
159.104980, 4080, 
159.115081, 4080, 
159.125183, 4080, 
159.135284, 4080, 
159.145385, 4080, 
159.155487, 4080, 
159.165588, 4080, 
159.175689, 4080, 
159.185791, 4080, 
159.195892, 4080, 
159.205993, 4080, 
159.216094, 4080, 
159.226196, 4080, 
159.236297, 4080, 
159.246398, 4080, 
159.256500, 4080, 
159.266601, 4080, 
159.276702, 4080, 
159.286804, 4080, 
159.296905, 4080, 
159.307006, 4080, 
159.317108, 4080, 
159.327209, 4080, 
159.337310, 4080, 
159.347412, 4080, 
159.357513, 4080, 
159.367614, 4080, 
159.377716, 4080, 
159.387817, 4080, 
159.397918, 4080, 
159.408020, 4080, 
159.418121, 4080, 
159.428222, 4080, 
159.438323, 4080, 
159.448425, 4080, 
159.458526, 4080, 
159.468627, 4080, 
159.478729, 4080, 
159.488830, 4080, 
159.498931, 4080, 
159.509033, 4080, 
159.519134, 4080, 
159.529235, 4080, 
159.539337, 4080, 
159.549438, 4080, 
159.559539, 4080, 
159.569641, 4080, 
159.579742, 4080, 
159.589843, 4080, 
159.599945, 4080, 
159.610046, 4080, 
159.620147, 4080, 
159.630249, 4080, 
159.640350, 4080, 
159.650451, 4080, 
159.660552, 4080, 
159.670654, 4080, 
159.680755, 4080, 
159.690856, 4080, 
159.700958, 4080, 
159.711059, 4080, 
159.721160, 4080, 
159.731262, 4080, 
159.741363, 4080, 
159.751464, 4080, 
159.761566, 4080, 
159.771667, 4080, 
159.781768, 4080, 
159.791870, 4080, 
159.801971, 4080, 
159.812072, 4080, 
159.822174, 4080, 
159.832275, 4080, 
159.842376, 4080, 
159.852478, 4080, 
159.862579, 4080, 
159.872680, 4080, 
159.882781, 4080, 
159.892883, 4080, 
159.902984, 4080, 
159.913085, 4080, 
159.923187, 4080, 
159.933288, 4080, 
159.943389, 4080, 
159.953491, 4080, 
159.963592, 4080, 
159.973693, 4080, 
159.983795, 4080, 
159.993896, 4080, 
160.003997, 4080, 
160.014099, 4080, 
160.024200, 4080, 
160.034301, 4080, 
160.044403, 4080, 
160.054504, 4080, 
160.064605, 4080, 
160.074707, 4080, 
160.084808, 4080, 
160.094909, 4080, 
160.105010, 4080, 
160.115112, 4080, 
160.125213, 4080, 
160.135314, 4080, 
160.145416, 4080, 
160.155517, 4080, 
160.165618, 4080, 
160.175720, 4080, 
160.185821, 4080, 
160.195922, 4080, 
160.206024, 4080, 
160.216125, 4080, 
160.226226, 4080, 
160.236328, 4080, 
160.246429, 4080, 
160.256530, 4080, 
160.266632, 4080, 
160.276733, 4080, 
160.286834, 4080, 
160.296936, 4080, 
160.307037, 4080, 
160.317138, 4080, 
160.327239, 4080, 
160.337341, 4080, 
160.347442, 4080, 
160.357543, 4080, 
160.367645, 4080, 
160.377746, 4080, 
160.387847, 4080, 
160.397949, 4080, 
160.408050, 4080, 
160.418151, 4080, 
160.428253, 4080, 
160.438354, 4080, 
160.448455, 4080, 
160.458557, 4080, 
160.468658, 4080, 
160.478759, 4080, 
160.488861, 4080, 
160.498962, 4080, 
160.509063, 4080, 
160.519165, 4080, 
160.529266, 4080, 
160.539367, 4080, 
160.549468, 4080, 
160.559570, 4080, 
160.569671, 4080, 
160.579772, 4080, 
160.589874, 4080, 
160.599975, 4080, 
160.610076, 4080, 
160.620178, 4080, 
160.630279, 4080, 
160.640380, 4080, 
160.650482, 4080, 
160.660583, 4080, 
160.670684, 4080, 
160.680786, 4080, 
160.690887, 4080, 
160.700988, 4080, 
160.711090, 4080, 
160.721191, 4080, 
160.731292, 4080, 
160.741394, 4080, 
160.751495, 4080, 
160.761596, 4080, 
160.771697, 4080, 
160.781799, 4080, 
160.791900, 4080, 
160.802001, 4080, 
160.812103, 4080, 
160.822204, 3888, 
160.832305, 4080, 
160.842407, 4080, 
160.852508, 4080, 
160.862609, 4080, 
160.872711, 4080, 
160.882812, 4080, 
160.892913, 4080, 
160.903015, 4080, 
160.913116, 4080, 
160.923217, 4080, 
160.933319, 4080, 
160.943420, 4080, 
160.953521, 4080, 
160.963623, 4080, 
160.973724, 4080, 
160.983825, 4080, 
160.993927, 4080, 
161.004028, 4080, 
161.014129, 4080, 
161.024230, 4080, 
161.034332, 4080, 
161.044433, 4080, 
161.054534, 4080, 
161.064636, 4080, 
161.074737, 4080, 
161.084838, 4080, 
161.094940, 4080, 
161.105041, 4080, 
161.115142, 4080, 
161.125244, 3952, 
161.135345, 4080, 
161.145446, 4080, 
161.155548, 4080, 
161.165649, 4080, 
161.175750, 4080, 
161.185852, 4080, 
161.195953, 4080, 
161.206054, 4080, 
161.216156, 4080, 
161.226257, 4080, 
161.236358, 4080, 
161.246459, 4080, 
161.256561, 4080, 
161.266662, 4080, 
161.276763, 4080, 
161.286865, 4080, 
161.296966, 4080, 
161.307067, 4080, 
161.317169, 4080, 
161.327270, 4080, 
161.337371, 4080, 
161.347473, 4080, 
161.357574, 4080, 
161.367675, 4080, 
161.377777, 4080, 
161.387878, 4080, 
161.397979, 4080, 
161.408081, 4080, 
161.418182, 4080, 
161.428283, 4080, 
161.438385, 4080, 
161.448486, 4080, 
161.458587, 4080, 
161.468688, 4080, 
161.478790, 4080, 
161.488891, 4080, 
161.498992, 4080, 
161.509094, 4080, 
161.519195, 4080, 
161.529296, 4080, 
161.539398, 4080, 
161.549499, 4080, 
161.559600, 4080, 
161.569702, 4080, 
161.579803, 4080, 
161.589904, 4080, 
161.600006, 4080, 
161.610107, 4080, 
161.620208, 4080, 
161.630310, 4080, 
161.640411, 4080, 
161.650512, 4080, 
161.660614, 4080, 
161.670715, 4080, 
161.680816, 4080, 
161.690917, 4080, 
161.701019, 4080, 
161.711120, 4080, 
161.721221, 4080, 
161.731323, 4080, 
161.741424, 4080, 
161.751525, 4080, 
161.761627, 4080, 
161.771728, 4080, 
161.781829, 4080, 
161.791931, 4080, 
161.802032, 4080, 
161.812133, 4080, 
161.822235, 4080, 
161.832336, 4080, 
161.842437, 4080, 
161.852539, 4080, 
161.862640, 4080, 
161.872741, 4080, 
161.882843, 4080, 
161.892944, 4080, 
161.903045, 4080, 
161.913146, 4080, 
161.923248, 4080, 
161.933349, 4080, 
161.943450, 4080, 
161.953552, 4080, 
161.963653, 4080, 
161.973754, 4080, 
161.983856, 4080, 
161.993957, 4080, 
162.004058, 4080, 
162.014160, 4080, 
162.024261, 4080, 
162.034362, 4080, 
162.044464, 4080, 
162.054565, 4080, 
162.064666, 4080, 
162.074768, 4080, 
162.084869, 4080, 
162.094970, 4080, 
162.105072, 4080, 
162.115173, 4080, 
162.125274, 4080, 
162.135375, 4080, 
162.145477, 4080, 
162.155578, 4080, 
162.165679, 4080, 
162.175781, 4080, 
162.185882, 4080, 
162.195983, 4080, 
162.206085, 4080, 
162.216186, 4080, 
162.226287, 4080, 
162.236389, 4080, 
162.246490, 4080, 
162.256591, 4080, 
162.266693, 4080, 
162.276794, 4080, 
162.286895, 4080, 
162.296997, 4080, 
162.307098, 4080, 
162.317199, 4080, 
162.327301, 4080, 
162.337402, 4080, 
162.347503, 4080, 
162.357604, 4080, 
162.367706, 4080, 
162.377807, 4080, 
162.387908, 4080, 
162.398010, 4080, 
162.408111, 4080, 
162.418212, 4080, 
162.428314, 4080, 
162.438415, 4080, 
162.448516, 4080, 
162.458618, 4080, 
162.468719, 4080, 
162.478820, 4080, 
162.488922, 4080, 
162.499023, 4080, 
162.509124, 4080, 
162.519226, 4080, 
162.529327, 4080, 
162.539428, 4080, 
162.549530, 4080, 
162.559631, 4080, 
162.569732, 4080, 
162.579833, 4080, 
162.589935, 4080, 
162.600036, 4080, 
162.610137, 4080, 
162.620239, 4080, 
162.630340, 4080, 
162.640441, 4080, 
162.650543, 4080, 
162.660644, 4080, 
162.670745, 4080, 
162.680847, 4080, 
162.690948, 4080, 
162.701049, 4080, 
162.711151, 4080, 
162.721252, 4080, 
162.731353, 4080, 
162.741455, 4080, 
162.751556, 4080, 
162.761657, 4080, 
162.771759, 4080, 
162.781860, 4080, 
162.802062, 4080, 
162.812164, 4080, 
162.822265, 4080, 
162.832366, 4080, 
162.842468, 4080, 
162.852569, 4080, 
162.862670, 4080, 
162.872772, 4080, 
162.882873, 4080, 
162.892974, 4080, 
162.903076, 4080, 
162.913177, 4080, 
162.923278, 4080, 
162.933380, 4080, 
162.943481, 4080, 
162.953582, 4080, 
162.963684, 4080, 
162.973785, 4080, 
162.983886, 4080, 
162.993988, 4080, 
163.004089, 4080, 
163.014190, 4080, 
163.024291, 4080, 
163.034393, 4080, 
163.044494, 4080, 
163.054595, 4080, 
163.064697, 4080, 
163.074798, 4080, 
163.084899, 4080, 
163.095001, 4080, 
163.105102, 4080, 
163.115203, 4080, 
163.125305, 4080, 
163.135406, 4080, 
163.145507, 4080, 
163.155609, 4080, 
163.165710, 4080, 
163.175811, 4080, 
163.185913, 4080, 
163.196014, 4080, 
163.206115, 4080, 
163.216217, 4080, 
163.226318, 4080, 
163.236419, 4080, 
163.246520, 4080, 
163.256622, 4080, 
163.266723, 4080, 
163.276824, 4080, 
163.286926, 4080, 
163.297027, 4080, 
163.307128, 4080, 
163.317230, 4080, 
163.327331, 4080, 
163.337432, 4080, 
163.347534, 4080, 
163.357635, 4080, 
163.367736, 4080, 
163.377838, 4080, 
163.387939, 4080, 
163.398040, 4080, 
163.408142, 4080, 
163.418243, 4080, 
163.428344, 4080, 
163.438446, 4080, 
163.448547, 4080, 
163.458648, 4080, 
163.468750, 4080, 
163.478851, 4080, 
163.488952, 4080, 
163.499053, 4080, 
163.509155, 4080, 
163.519256, 4080, 
163.529357, 4080, 
163.539459, 4080, 
163.549560, 4080, 
163.559661, 4080, 
163.569763, 4080, 
163.579864, 4080, 
163.589965, 4080, 
163.600067, 4080, 
163.610168, 4080, 
163.620269, 4080, 
163.630371, 4080, 
163.640472, 4080, 
163.650573, 4080, 
163.660675, 4080, 
163.670776, 4080, 
163.680877, 4080, 
163.690979, 4080, 
163.701080, 4080, 
163.711181, 4080, 
163.721282, 4080, 
163.731384, 4080, 
163.741485, 4080, 
163.751586, 4080, 
163.761688, 4080, 
163.771789, 4080, 
163.781890, 4080, 
163.791992, 4080, 
163.802093, 4080, 
163.812194, 4080, 
163.822296, 4080, 
163.832397, 4080, 
163.842498, 4080, 
163.852600, 4080, 
163.862701, 4080, 
163.872802, 4080, 
163.882904, 4080, 
163.893005, 4080, 
163.903106, 4080, 
163.913208, 4080, 
163.923309, 4080, 
163.933410, 4080, 
163.943511, 4080, 
163.953613, 4080, 
163.963714, 4080, 
163.973815, 4080, 
163.983917, 4080, 
163.994018, 4080, 
164.004119, 4080, 
164.014221, 4080, 
164.024322, 4080, 
164.034423, 4080, 
164.044525, 4080, 
164.054626, 4080, 
164.064727, 4080, 
164.074829, 4080, 
164.084930, 4080, 
164.095031, 4080, 
164.105133, 4080, 
164.115234, 4080, 
164.125335, 4080, 
164.135437, 4080, 
164.145538, 4080, 
164.155639, 4080, 
164.165740, 4080, 
164.175842, 4080, 
164.185943, 4080, 
164.196044, 4080, 
164.206146, 4080, 
164.216247, 4080, 
164.226348, 4080, 
164.236450, 4080, 
164.246551, 4080, 
164.256652, 4080, 
164.266754, 4080, 
164.276855, 4080, 
164.286956, 4080, 
164.297058, 4080, 
164.307159, 4080, 
164.317260, 4080, 
164.327362, 4080, 
164.337463, 4080, 
164.347564, 4080, 
164.357666, 4080, 
164.367767, 4080, 
164.377868, 4080, 
164.387969, 4080, 
164.398071, 4080, 
164.408172, 4080, 
164.418273, 4080, 
164.428375, 4080, 
164.438476, 4080, 
164.448577, 4080, 
164.458679, 4080, 
164.468780, 4080, 
164.478881, 4080, 
164.488983, 4080, 
164.499084, 4080, 
164.509185, 4080, 
164.519287, 4080, 
164.529388, 4080, 
164.539489, 4080, 
164.549591, 4080, 
164.559692, 4080, 
164.569793, 4080, 
164.579895, 4080, 
164.589996, 4080, 
164.600097, 4080, 
164.610198, 4080, 
164.620300, 4080, 
164.630401, 4080, 
164.640502, 4080, 
164.650604, 4080, 
164.660705, 4080, 
164.670806, 4080, 
164.680908, 4080, 
164.691009, 4080, 
164.701110, 4080, 
164.711212, 4080, 
164.721313, 4080, 
164.731414, 4080, 
164.741516, 4080, 
164.751617, 4080, 
164.761718, 4080, 
164.771820, 4080, 
164.781921, 4080, 
164.792022, 4080, 
164.802124, 4080, 
164.812225, 4080, 
164.822326, 4080, 
164.832427, 4080, 
164.842529, 4080, 
164.852630, 4080, 
164.862731, 4080, 
164.872833, 4080, 
164.882934, 4080, 
164.893035, 4080, 
164.903137, 4080, 
164.913238, 4080, 
164.923339, 4080, 
164.933441, 4080, 
164.943542, 4080, 
164.953643, 4080, 
164.963745, 4080, 
164.973846, 4080, 
164.983947, 4080, 
164.994049, 4080, 
165.004150, 4080, 
165.014251, 4080, 
165.024353, 4080, 
165.034454, 4080, 
165.044555, 4080, 
165.054656, 4080, 
165.064758, 4080, 
165.074859, 4080, 
165.084960, 4080, 
165.095062, 4080, 
165.105163, 4080, 
165.115264, 3952, 
165.125366, 4080, 
165.135467, 4080, 
165.145568, 4080, 
165.155670, 4080, 
165.165771, 4080, 
165.175872, 4080, 
165.196075, 4080, 
165.206176, 4080, 
165.216278, 4080, 
165.226379, 4080, 
165.236480, 4080, 
165.246582, 4080, 
165.256683, 4080, 
165.266784, 4080, 
165.276885, 4080, 
165.286987, 4080, 
165.297088, 4080, 
165.307189, 4080, 
165.317291, 4080, 
165.327392, 4080, 
165.337493, 4080, 
165.347595, 4080, 
165.357696, 4080, 
165.367797, 4080, 
165.377899, 4080, 
165.388000, 4080, 
165.398101, 4080, 
165.408203, 4080, 
165.418304, 4080, 
165.428405, 4080, 
165.438507, 4080, 
165.448608, 4080, 
165.458709, 4080, 
165.468811, 4080, 
165.478912, 4080, 
165.489013, 4080, 
165.499114, 4080, 
165.509216, 4080, 
165.519317, 4080, 
165.529418, 4080, 
165.539520, 4080, 
165.549621, 4080, 
165.559722, 4080, 
165.569824, 4080, 
165.579925, 4080, 
165.590026, 4080, 
165.600128, 4080, 
165.610229, 4080, 
165.620330, 4080, 
165.630432, 4080, 
165.640533, 4080, 
165.650634, 4080, 
165.660736, 4080, 
165.670837, 4080, 
165.680938, 4080, 
165.691040, 4080, 
165.701141, 4080, 
165.711242, 4080, 
165.721343, 4080, 
165.731445, 4080, 
165.741546, 4080, 
165.751647, 4080, 
165.761749, 4080, 
165.771850, 4080, 
165.781951, 4080, 
165.792053, 4080, 
165.802154, 4080, 
165.812255, 4080, 
165.822357, 4080, 
165.832458, 4080, 
165.842559, 4080, 
165.852661, 4080, 
165.862762, 4080, 
165.872863, 4080, 
165.882965, 4080, 
165.893066, 4080, 
165.903167, 4080, 
165.913269, 4080, 
165.923370, 4080, 
165.933471, 4080, 
165.943572, 4080, 
165.953674, 4080, 
165.963775, 4080, 
165.973876, 4080, 
165.983978, 4080, 
165.994079, 4080, 
166.004180, 4080, 
166.014282, 4080, 
166.024383, 4080, 
166.034484, 4080, 
166.044586, 4080, 
166.054687, 4080, 
166.064788, 4080, 
166.074890, 4080, 
166.084991, 4080, 
166.095092, 4080, 
166.105194, 4080, 
166.115295, 4080, 
166.125396, 4080, 
166.135498, 4080, 
166.145599, 4080, 
166.155700, 4080, 
166.165802, 4080, 
166.175903, 4080, 
166.186004, 4080, 
166.196105, 4080, 
166.206207, 4080, 
166.216308, 4080, 
166.226409, 4080, 
166.236511, 4080, 
166.246612, 4080, 
166.256713, 4080, 
166.266815, 4080, 
166.276916, 4080, 
166.287017, 4080, 
166.297119, 4080, 
166.307220, 4080, 
166.317321, 4080, 
166.327423, 4080, 
166.337524, 4080, 
166.347625, 4080, 
166.357727, 4080, 
166.367828, 4080, 
166.377929, 4080, 
166.388031, 4080, 
166.398132, 4080, 
166.408233, 4080, 
166.418334, 4080, 
166.428436, 4080, 
166.438537, 4080, 
166.448638, 4080, 
166.458740, 4080, 
166.468841, 4080, 
166.478942, 4080, 
166.489044, 4080, 
166.499145, 4080, 
166.509246, 4080, 
166.519348, 4080, 
166.529449, 4080, 
166.539550, 4080, 
166.549652, 4080, 
166.559753, 4080, 
166.569854, 4080, 
166.579956, 4080, 
166.590057, 4080, 
166.600158, 4080, 
166.610260, 4080, 
166.620361, 4080, 
166.630462, 4080, 
166.640563, 4080, 
166.650665, 4080, 
166.660766, 4080, 
166.670867, 4080, 
166.680969, 4080, 
166.691070, 4080, 
166.701171, 4080, 
166.711273, 4080, 
166.721374, 4080, 
166.731475, 4080, 
166.741577, 4080, 
166.751678, 4080, 
166.761779, 4080, 
166.771881, 4080, 
166.781982, 4080, 
166.792083, 4080, 
166.802185, 4080, 
166.812286, 4080, 
166.822387, 4080, 
166.832489, 4080, 
166.842590, 4080, 
166.852691, 4080, 
166.862792, 4080, 
166.872894, 4080, 
166.882995, 4080, 
166.893096, 4080, 
166.903198, 4080, 
166.913299, 4080, 
166.923400, 4080, 
166.933502, 4080, 
166.943603, 4080, 
166.953704, 4080, 
166.963806, 4080, 
166.973907, 4080, 
166.984008, 4080, 
166.994110, 4080, 
167.004211, 3952, 
167.014312, 4080, 
167.024414, 4080, 
167.034515, 4080, 
167.044616, 4080, 
167.054718, 4080, 
167.064819, 4080, 
167.074920, 4080, 
167.085021, 4080, 
167.095123, 4080, 
167.105224, 4080, 
167.115325, 4080, 
167.125427, 4080, 
167.135528, 4080, 
167.145629, 4080, 
167.155731, 4080, 
167.165832, 4080, 
167.175933, 4080, 
167.186035, 4080, 
167.196136, 4080, 
167.206237, 4080, 
167.216339, 4080, 
167.226440, 4080, 
167.236541, 4080, 
167.246643, 4080, 
167.256744, 4080, 
167.266845, 4080, 
167.276947, 4080, 
167.287048, 4080, 
167.297149, 4080, 
167.307250, 4080, 
167.317352, 4080, 
167.327453, 4080, 
167.337554, 4080, 
167.347656, 4080, 
167.357757, 4080, 
167.367858, 4080, 
167.377960, 4080, 
167.388061, 4080, 
167.398162, 4080, 
167.408264, 4080, 
167.418365, 4080, 
167.428466, 4080, 
167.438568, 4080, 
167.448669, 4080, 
167.458770, 4080, 
167.468872, 4080, 
167.478973, 4080, 
167.489074, 4080, 
167.499176, 4080, 
167.509277, 4080, 
167.519378, 4080, 
167.529479, 4080, 
167.539581, 4080, 
167.549682, 4080, 
167.559783, 4080, 
167.569885, 4080, 
167.579986, 4080, 
167.590087, 4080, 
167.600189, 4080, 
167.610290, 4080, 
167.620391, 4080, 
167.630493, 4080, 
167.640594, 4080, 
167.650695, 4080, 
167.660797, 4080, 
167.670898, 4080, 
167.680999, 4080, 
167.691101, 4080, 
167.701202, 3952, 
167.711303, 4080, 
167.721405, 4080, 
167.731506, 3952, 
167.741607, 4080, 
167.751708, 4080, 
167.761810, 4080, 
167.771911, 4080, 
167.782012, 4080, 
167.792114, 4080, 
167.802215, 4080, 
167.812316, 4080, 
167.822418, 4080, 
167.832519, 4080, 
167.842620, 4080, 
167.852722, 4080, 
167.862823, 4080, 
167.872924, 4080, 
167.883026, 4080, 
167.893127, 4080, 
167.903228, 4080, 
167.913330, 4080, 
167.923431, 4080, 
167.933532, 4080, 
167.943634, 4080, 
167.953735, 4080, 
167.963836, 4080, 
167.973937, 4080, 
167.984039, 4080, 
167.994140, 4080, 
168.004241, 4080, 
168.014343, 4080, 
168.024444, 4080, 
168.034545, 4080, 
168.044647, 4080, 
168.054748, 4080, 
168.064849, 3952, 
168.074951, 4080, 
168.085052, 4080, 
168.095153, 4080, 
168.105255, 4080, 
168.115356, 4080, 
168.125457, 4080, 
168.135559, 4080, 
168.145660, 4080, 
168.155761, 3952, 
168.165863, 4080, 
168.175964, 4080, 
168.186065, 4080, 
168.196166, 4080, 
168.206268, 4080, 
168.216369, 4080, 
168.226470, 4080, 
168.236572, 4080, 
168.246673, 4080, 
168.256774, 4080, 
168.266876, 4080, 
168.276977, 4080, 
168.287078, 4080, 
168.297180, 4080, 
168.307281, 4080, 
168.317382, 4080, 
168.327484, 4080, 
168.337585, 4080, 
168.347686, 4080, 
168.357788, 4080, 
168.367889, 4080, 
168.377990, 4080, 
168.388092, 4080, 
168.398193, 4080, 
168.408294, 4080, 
168.418395, 4080, 
168.428497, 4080, 
168.438598, 4080, 
168.448699, 4080, 
168.458801, 4080, 
168.468902, 4080, 
168.479003, 4080, 
168.489105, 4080, 
168.499206, 4080, 
168.509307, 4080, 
168.519409, 3952, 
168.529510, 4080, 
168.539611, 4080, 
168.549713, 4080, 
168.559814, 4080, 
168.569915, 4080, 
168.580017, 4080, 
168.590118, 4080, 
168.600219, 4080, 
168.610321, 4080, 
168.620422, 4080, 
168.630523, 4080, 
168.640625, 4080, 
168.650726, 4080, 
168.660827, 4080, 
168.670928, 4080, 
168.681030, 4080, 
168.691131, 4080, 
168.701232, 4080, 
168.711334, 4080, 
168.721435, 4080, 
168.731536, 4080, 
168.741638, 4080, 
168.751739, 4080, 
168.761840, 4080, 
168.771942, 3952, 
168.782043, 4080, 
168.792144, 4080, 
168.802246, 4080, 
168.812347, 4080, 
168.822448, 4080, 
168.832550, 4080, 
168.842651, 4080, 
168.852752, 4080, 
168.862854, 4080, 
168.872955, 4080, 
168.883056, 4080, 
168.893157, 3952, 
168.903259, 4080, 
168.913360, 4080, 
168.923461, 4080, 
168.933563, 4080, 
168.943664, 4080, 
168.953765, 4080, 
168.963867, 4080, 
168.973968, 4080, 
168.984069, 4080, 
168.994171, 4080, 
169.004272, 4080, 
169.014373, 4080, 
169.024475, 4080, 
169.034576, 4080, 
169.044677, 4080, 
169.054779, 4080, 
169.064880, 4080, 
169.074981, 4080, 
169.085083, 4080, 
169.095184, 4080, 
169.105285, 4080, 
169.115386, 4080, 
169.125488, 4080, 
169.135589, 4080, 
169.145690, 4080, 
169.155792, 4080, 
169.165893, 4080, 
169.175994, 4080, 
169.186096, 4080, 
169.196197, 4080, 
169.206298, 4080, 
169.216400, 4080, 
169.226501, 4080, 
169.236602, 4080, 
169.246704, 4080, 
169.256805, 4080, 
169.266906, 4080, 
169.277008, 4080, 
169.287109, 4080, 
169.297210, 4080, 
169.307312, 4080, 
169.317413, 4080, 
169.327514, 4080, 
169.337615, 4080, 
169.347717, 4080, 
169.357818, 4080, 
169.367919, 4080, 
169.378021, 4080, 
169.388122, 4080, 
169.398223, 4080, 
169.408325, 4080, 
169.418426, 4080, 
169.428527, 4080, 
169.438629, 4080, 
169.448730, 4080, 
169.458831, 4080, 
169.468933, 4080, 
169.479034, 4080, 
169.489135, 4080, 
169.499237, 4080, 
169.509338, 4080, 
169.519439, 4080, 
169.529541, 4080, 
169.539642, 4080, 
169.549743, 4080, 
169.559844, 4080, 
169.569946, 4080, 
169.580047, 4080, 
169.590148, 4080, 
169.600250, 4080, 
169.610351, 4080, 
169.620452, 4080, 
169.630554, 4080, 
169.640655, 4080, 
169.650756, 4080, 
169.660858, 4080, 
169.670959, 4080, 
169.681060, 4080, 
169.691162, 4080, 
169.701263, 4080, 
169.711364, 4080, 
169.721466, 4080, 
169.731567, 4080, 
169.741668, 4080, 
169.751770, 4080, 
169.761871, 4080, 
169.771972, 4080, 
169.782073, 4080, 
169.792175, 4080, 
169.802276, 4080, 
169.812377, 4080, 
169.822479, 4080, 
169.832580, 4080, 
169.842681, 4080, 
169.852783, 4080, 
169.862884, 4080, 
169.872985, 4080, 
169.883087, 4080, 
169.893188, 4080, 
169.903289, 4080, 
169.913391, 4080, 
169.923492, 4080, 
169.933593, 4080, 
169.943695, 4080, 
169.953796, 4080, 
169.963897, 4080, 
169.973999, 4080, 
169.984100, 4080, 
169.994201, 4080, 
170.004302, 4080, 
170.014404, 4080, 
170.024505, 4080, 
170.034606, 4080, 
170.044708, 4080, 
170.054809, 4080, 
170.064910, 4080, 
170.075012, 4080, 
170.085113, 4080, 
170.095214, 4080, 
170.105316, 4080, 
170.115417, 4080, 
170.125518, 4080, 
170.135620, 4080, 
170.145721, 3952, 
170.155822, 4080, 
170.165924, 4080, 
170.176025, 4080, 
170.186126, 4080, 
170.196228, 4080, 
170.206329, 4080, 
170.216430, 4080, 
170.226531, 4080, 
170.236633, 4080, 
170.246734, 4080, 
170.256835, 4080, 
170.266937, 4080, 
170.277038, 4080, 
170.287139, 4080, 
170.297241, 4080, 
170.307342, 4080, 
170.317443, 4080, 
170.327545, 4080, 
170.337646, 4080, 
170.347747, 4080, 
170.357849, 4080, 
170.367950, 4080, 
170.378051, 4080, 
170.388153, 4080, 
170.398254, 4080, 
170.408355, 4080, 
170.418457, 4080, 
170.428558, 4080, 
170.438659, 4080, 
170.448760, 4080, 
170.458862, 4080, 
170.468963, 4080, 
170.479064, 4080, 
170.489166, 4080, 
170.499267, 4080, 
170.509368, 4080, 
170.519470, 4080, 
170.529571, 4080, 
170.539672, 4080, 
170.549774, 4080, 
170.559875, 4080, 
170.569976, 4080, 
170.580078, 4080, 
170.590179, 4080, 
170.600280, 4080, 
170.610382, 4080, 
170.620483, 4080, 
170.630584, 4080, 
170.640686, 4080, 
170.650787, 4080, 
170.660888, 4080, 
170.670989, 4080, 
170.681091, 4080, 
170.691192, 4080, 
170.701293, 4080, 
170.711395, 4080, 
170.721496, 4080, 
170.731597, 4080, 
170.741699, 4080, 
170.751800, 4080, 
170.761901, 4080, 
170.772003, 4080, 
170.782104, 4080, 
170.792205, 4080, 
170.802307, 4080, 
170.812408, 4080, 
170.822509, 4080, 
170.832611, 4080, 
170.842712, 4080, 
170.852813, 4080, 
170.862915, 4080, 
170.873016, 4080, 
170.883117, 4080, 
170.893218, 4080, 
170.903320, 4080, 
170.913421, 4080, 
170.923522, 4080, 
170.933624, 4080, 
170.943725, 4080, 
170.953826, 4080, 
170.963928, 4080, 
170.974029, 4080, 
170.984130, 4080, 
170.994232, 4080, 
171.004333, 4080, 
171.014434, 4080, 
171.024536, 4080, 
171.034637, 4080, 
171.044738, 4080, 
171.054840, 4080, 
171.064941, 4080, 
171.075042, 4080, 
171.085144, 4080, 
171.095245, 4080, 
171.105346, 4080, 
171.115447, 4080, 
171.125549, 4080, 
171.135650, 4080, 
171.145751, 4080, 
171.155853, 4080, 
171.165954, 4080, 
171.176055, 4080, 
171.186157, 4080, 
171.196258, 4080, 
171.206359, 4080, 
171.216461, 4080, 
171.226562, 4080, 
171.236663, 4080, 
171.246765, 4080, 
171.256866, 4080, 
171.266967, 4080, 
171.277069, 4080, 
171.287170, 4080, 
171.297271, 4080, 
171.307373, 4080, 
171.317474, 4080, 
171.327575, 3952, 
171.337677, 4080, 
171.347778, 4080, 
171.357879, 4080, 
171.367980, 4080, 
171.378082, 3952, 
171.388183, 4080, 
171.398284, 4080, 
171.408386, 4080, 
171.418487, 4080, 
171.428588, 4080, 
171.438690, 4080, 
171.448791, 4080, 
171.458892, 4080, 
171.468994, 4080, 
171.479095, 4080, 
171.489196, 4080, 
171.509399, 4080, 
171.519500, 4080, 
171.529602, 4080, 
171.539703, 4080, 
171.549804, 4080, 
171.559906, 4080, 
171.570007, 4080, 
171.580108, 4080, 
171.590209, 4080, 
171.600311, 4080, 
171.610412, 4080, 
171.620513, 4080, 
171.630615, 4080, 
171.640716, 4080, 
171.650817, 4080, 
171.660919, 4080, 
171.671020, 4080, 
171.681121, 4080, 
171.691223, 4080, 
171.701324, 4080, 
171.711425, 4080, 
171.721527, 4080, 
171.731628, 4080, 
171.741729, 4080, 
171.751831, 4080, 
171.761932, 4080, 
171.772033, 4080, 
171.782135, 4080, 
171.792236, 4080, 
171.802337, 4080, 
171.812438, 4080, 
171.822540, 4080, 
171.832641, 4080, 
171.842742, 4080, 
171.852844, 4080, 
171.862945, 4080, 
171.873046, 4080, 
171.883148, 4080, 
171.893249, 4080, 
171.903350, 4080, 
171.913452, 4080, 
171.923553, 4080, 
171.943756, 4080, 
171.953857, 4080, 
171.963958, 4080, 
171.974060, 4080, 
171.984161, 4080, 
171.994262, 4080, 
172.004364, 4080, 
172.014465, 3952, 
172.024566, 4080, 
172.034667, 4080, 
172.044769, 4080, 
172.054870, 4080, 
172.064971, 4080, 
172.075073, 4080, 
172.085174, 4080, 
172.095275, 4080, 
172.105377, 4080, 
172.115478, 4080, 
172.125579, 4080, 
172.135681, 4080, 
172.145782, 4080, 
172.155883, 4080, 
172.165985, 4080, 
172.176086, 4080, 
172.186187, 4080, 
172.196289, 4080, 
172.206390, 4080, 
172.216491, 4080, 
172.226593, 4080, 
172.236694, 4080, 
172.246795, 4080, 
172.256896, 4080, 
172.266998, 4080, 
172.277099, 4080, 
172.287200, 4080, 
172.297302, 4080, 
172.307403, 4080, 
172.317504, 4080, 
172.327606, 4080, 
172.337707, 4080, 
172.347808, 4080, 
172.357910, 4080, 
172.368011, 4080, 
172.378112, 4080, 
172.388214, 4080, 
172.398315, 4080, 
172.408416, 4080, 
172.418518, 4080, 
172.428619, 4080, 
172.438720, 4080, 
172.448822, 4080, 
172.458923, 4080, 
172.469024, 4080, 
172.479125, 4080, 
172.489227, 4080, 
172.499328, 4080, 
172.509429, 4080, 
172.519531, 4080, 
172.529632, 4080, 
172.539733, 4080, 
172.549835, 4080, 
172.559936, 4080, 
172.570037, 4080, 
172.580139, 4080, 
172.590240, 4080, 
172.600341, 4080, 
172.610443, 4080, 
172.620544, 4080, 
172.630645, 4080, 
172.640747, 4080, 
172.650848, 4080, 
172.660949, 4080, 
172.671051, 4080, 
172.681152, 4080, 
172.691253, 4080, 
172.701354, 4080, 
172.711456, 4080, 
172.721557, 4080, 
172.731658, 4080, 
172.741760, 4080, 
172.751861, 4080, 
172.761962, 4080, 
172.772064, 4080, 
172.782165, 4080, 
172.792266, 4080, 
172.802368, 4080, 
172.812469, 4080, 
172.822570, 4080, 
172.832672, 4080, 
172.842773, 4080, 
172.852874, 4080, 
172.862976, 4080, 
172.873077, 4080, 
172.883178, 4080, 
172.893280, 4080, 
172.903381, 4080, 
172.913482, 4080, 
172.923583, 4080, 
172.933685, 4080, 
172.943786, 4080, 
172.953887, 4080, 
172.963989, 4080, 
172.974090, 4080, 
172.984191, 4080, 
172.994293, 4080, 
173.004394, 4080, 
173.014495, 4080, 
173.024597, 4080, 
173.034698, 4080, 
173.044799, 4080, 
173.054901, 4080, 
173.065002, 4080, 
173.075103, 4080, 
173.085205, 4080, 
173.095306, 4080, 
173.105407, 4080, 
173.115509, 4080, 
173.125610, 4080, 
173.135711, 4080, 
173.145812, 4080, 
173.155914, 4080, 
173.166015, 4080, 
173.176116, 4080, 
173.186218, 4080, 
173.196319, 4080, 
173.206420, 4080, 
173.216522, 4080, 
173.226623, 4080, 
173.236724, 4080, 
173.246826, 4080, 
173.256927, 4080, 
173.267028, 4080, 
173.277130, 3952, 
173.287231, 4080, 
173.297332, 4080, 
173.307434, 3952, 
173.317535, 4080, 
173.327636, 4080, 
173.337738, 4080, 
173.347839, 4080, 
173.357940, 4080, 
173.368041, 4080, 
173.378143, 4080, 
173.388244, 4080, 
173.398345, 4080, 
173.408447, 4080, 
173.418548, 4080, 
173.428649, 4080, 
173.438751, 4080, 
173.448852, 4080, 
173.458953, 4080, 
173.469055, 4080, 
173.479156, 4080, 
173.489257, 4080, 
173.499359, 4080, 
173.509460, 4080, 
173.519561, 4080, 
173.529663, 4080, 
173.539764, 4080, 
173.549865, 4080, 
173.559967, 4080, 
173.570068, 4080, 
173.580169, 4080, 
173.590270, 4080, 
173.600372, 4080, 
173.610473, 4080, 
173.620574, 4080, 
173.630676, 4080, 
173.640777, 4080, 
173.650878, 4080, 
173.660980, 4080, 
173.671081, 4080, 
173.681182, 4080, 
173.691284, 4080, 
173.701385, 4080, 
173.711486, 4080, 
173.721588, 4080, 
173.731689, 4080, 
173.741790, 4080, 
173.751892, 4080, 
173.761993, 4080, 
173.772094, 4080, 
173.782196, 4080, 
173.792297, 4080, 
173.802398, 4080, 
173.812500, 4080, 
173.822601, 4080, 
173.832702, 4080, 
173.842803, 4080, 
173.852905, 4080, 
173.863006, 4080, 
173.873107, 4080, 
173.883209, 4080, 
173.893310, 4080, 
173.903411, 4080, 
173.913513, 4080, 
173.923614, 4080, 
173.933715, 4080, 
173.943817, 4080, 
173.953918, 4080, 
173.964019, 4080, 
173.974121, 4080, 
173.984222, 4080, 
173.994323, 4080, 
174.014526, 4080, 
174.024627, 4080, 
174.034729, 4080, 
174.044830, 4080, 
174.054931, 4080, 
174.065032, 4080, 
174.075134, 4080, 
174.085235, 4080, 
174.095336, 4080, 
174.105438, 4080, 
174.115539, 4080, 
174.125640, 4080, 
174.135742, 4080, 
174.145843, 4080, 
174.155944, 4080, 
174.166046, 4080, 
174.176147, 4080, 
174.186248, 4080, 
174.196350, 4080, 
174.206451, 4080, 
174.216552, 4080, 
174.226654, 4080, 
174.236755, 4080, 
174.246856, 4080, 
174.256958, 4080, 
174.267059, 4080, 
174.277160, 4080, 
174.287261, 4080, 
174.297363, 4080, 
174.307464, 4080, 
174.317565, 4080, 
174.337768, 4080, 
174.347869, 4080, 
174.357971, 4080, 
174.368072, 4080, 
174.378173, 4080, 
174.388275, 4080, 
174.398376, 4080, 
174.408477, 4080, 
174.418579, 4080, 
174.428680, 4080, 
174.438781, 4080, 
174.448883, 4080, 
174.458984, 4080, 
174.469085, 4080, 
174.479187, 4080, 
174.489288, 4080, 
174.499389, 4080, 
174.509490, 4080, 
174.519592, 4080, 
174.529693, 4080, 
174.539794, 4080, 
174.549896, 4080, 
174.559997, 4080, 
174.570098, 4080, 
174.580200, 4080, 
174.590301, 4080, 
174.600402, 4080, 
174.610504, 4080, 
174.620605, 4080, 
174.630706, 4080, 
174.640808, 4080, 
174.650909, 4080, 
174.661010, 4080, 
174.671112, 4080, 
174.681213, 4080, 
174.691314, 4080, 
174.701416, 4080, 
174.711517, 4080, 
174.721618, 4080, 
174.731719, 4080, 
174.741821, 4080, 
174.751922, 4080, 
174.762023, 4080, 
174.772125, 4080, 
174.782226, 4080, 
174.792327, 4080, 
174.802429, 4080, 
174.812530, 4080, 
174.822631, 4080, 
174.832733, 4080, 
174.842834, 4080, 
174.852935, 4080, 
174.863037, 3952, 
174.873138, 4080, 
174.883239, 4080, 
174.893341, 4080, 
174.903442, 4080, 
174.913543, 4080, 
174.923645, 4080, 
174.933746, 4080, 
174.943847, 4080, 
174.953948, 4080, 
174.964050, 4080, 
174.974151, 4080, 
174.984252, 4080, 
174.994354, 4080, 
175.004455, 4080, 
175.014556, 4080, 
175.024658, 4080, 
175.034759, 4080, 
175.044860, 4080, 
175.054962, 4080, 
175.065063, 4080, 
175.075164, 4080, 
175.085266, 4080, 
175.095367, 4080, 
175.105468, 4080, 
175.115570, 4080, 
175.125671, 4080, 
175.135772, 4080, 
175.145874, 4080, 
175.155975, 4080, 
175.166076, 4080, 
175.176177, 4080, 
175.186279, 4080, 
175.196380, 4080, 
175.206481, 4080, 
175.216583, 4080, 
175.226684, 4080, 
175.236785, 4080, 
175.246887, 4080, 
175.256988, 4080, 
175.267089, 4080, 
175.277191, 4080, 
175.287292, 4080, 
175.297393, 4080, 
175.307495, 4080, 
175.317596, 4080, 
175.327697, 4080, 
175.337799, 4080, 
175.347900, 4080, 
175.358001, 4080, 
175.368103, 4080, 
175.378204, 4080, 
175.388305, 4080, 
175.398406, 4080, 
175.408508, 4080, 
175.418609, 4080, 
175.428710, 4080, 
175.438812, 4080, 
175.448913, 4080, 
175.459014, 4080, 
175.469116, 4080, 
175.479217, 4080, 
175.489318, 4080, 
175.499420, 4080, 
175.509521, 4080, 
175.519622, 4080, 
175.529724, 4080, 
175.539825, 4080, 
175.549926, 4080, 
175.560028, 4080, 
175.570129, 4080, 
175.580230, 4080, 
175.590332, 4080, 
175.600433, 4080, 
175.610534, 4080, 
175.620635, 4080, 
175.630737, 4080, 
175.640838, 4080, 
175.650939, 4080, 
175.661041, 4080, 
175.671142, 4080, 
175.681243, 4080, 
175.691345, 4080, 
175.701446, 4080, 
175.711547, 4080, 
175.721649, 4080, 
175.731750, 4080, 
175.741851, 4080, 
175.751953, 4080, 
175.762054, 4080, 
175.772155, 4080, 
175.782257, 4080, 
175.792358, 4080, 
175.802459, 4080, 
175.812561, 4080, 
175.822662, 4080, 
175.832763, 4080, 
175.842864, 4080, 
175.852966, 4080, 
175.863067, 4080, 
175.873168, 4080, 
175.883270, 4080, 
175.893371, 4080, 
175.903472, 4080, 
175.913574, 4080, 
175.923675, 4080, 
175.933776, 4080, 
175.943878, 4080, 
175.953979, 4080, 
175.964080, 4080, 
175.974182, 4080, 
175.984283, 4080, 
175.994384, 4080, 
176.004486, 4080, 
176.014587, 4080, 
176.024688, 4080, 
176.034790, 4080, 
176.044891, 4080, 
176.054992, 4080, 
176.065093, 4080, 
176.075195, 4080, 
176.085296, 4080, 
176.095397, 4080, 
176.105499, 4080, 
176.115600, 4080, 
176.125701, 4080, 
176.135803, 4080, 
176.145904, 4080, 
176.156005, 4080, 
176.166107, 4080, 
